protein_id	protein_name	copy_number	cluster_id
GDKOHJ_24195	IS1 family IS1SD transposase ORF B	8	GDKOHJ_06515
GDKOHJ_24180	IS1 family IS1SD transposase ORF B	8	GDKOHJ_06515
GDKOHJ_24025	IS1 family transposase	8	GDKOHJ_06515
GDKOHJ_23910	IS1 family transposase	8	GDKOHJ_06515
GDKOHJ_14820	IS1 family transposase	8	GDKOHJ_06515
GDKOHJ_14810	IS1 family transposase	8	GDKOHJ_06515
GDKOHJ_06405	IS1 family transposase	8	GDKOHJ_06515
GDKOHJ_06515	IS1 family IS1SD transposase ORF B	8	GDKOHJ_06515
GDKOHJ_14825	IS1 family IS1A transposase ORF A	7	GDKOHJ_06520
GDKOHJ_14805	IS1 family IS1A transposase ORF A	7	GDKOHJ_06520
GDKOHJ_06520	IS1 family IS1A transposase ORF A	7	GDKOHJ_06520
GDKOHJ_23915	IS1 family IS1B transposase ORF A	7	GDKOHJ_06520
GDKOHJ_24185	IS1 family IS1A transposase ORF A	7	GDKOHJ_06520
GDKOHJ_24190	IS1 family IS1A transposase ORF A	7	GDKOHJ_06520
GDKOHJ_24030	IS1 family IS1A transposase ORF A	7	GDKOHJ_06520
GDKOHJ_03795	IS3 family IS2 transposase ORF A	6	GDKOHJ_03795
GDKOHJ_06540	IS3 family IS2 transposase ORF A	6	GDKOHJ_03795
GDKOHJ_07510	Transposase	6	GDKOHJ_03795
GDKOHJ_14740	IS3 family IS2 transposase ORF A	6	GDKOHJ_03795
GDKOHJ_20075	IS3 family IS2 transposase ORF A	6	GDKOHJ_03795
GDKOHJ_24235	IS3 family IS2 transposase ORF A	6	GDKOHJ_03795
GDKOHJ_24285	Integrase catalytic domain-containing protein	5	GDKOHJ_14670
GDKOHJ_24295	HTH-like domain-containing protein	5	GDKOHJ_14670
GDKOHJ_23805	HTH-like domain-containing protein	5	GDKOHJ_14670
GDKOHJ_14670	IS3 family IS629 transposase ORF B	5	GDKOHJ_14670
GDKOHJ_23975	IS6 family IS15DIV transposase	5	GDKOHJ_20700
GDKOHJ_23945	IS6 family IS15DIV transposase	5	GDKOHJ_20700
GDKOHJ_23890	IS6 family IS15DIV transposase	5	GDKOHJ_20700
GDKOHJ_20720	IS6 family IS15DIV transposase	5	GDKOHJ_20700
GDKOHJ_20700	IS6 family IS15DIV transposase	5	GDKOHJ_20700
GDKOHJ_14775	IS3 family transposase	5	GDKOHJ_14670
GDKOHJ_14770	IS3 family IS1203 transposase ORF A	4	GDKOHJ_14675
GDKOHJ_14675	IS3 family IS3411 transposase ORF A	4	GDKOHJ_14675
GDKOHJ_23800	IS3 family IS629 transposase ORF A	4	GDKOHJ_14675
GDKOHJ_24300	IS3 family IS1203 transposase ORF A	4	GDKOHJ_14675
GDKOHJ_20070	IS3 family IS2 transposase ORF B	4	GDKOHJ_03800
GDKOHJ_14735	IS3 family IS2 transposase ORF B	4	GDKOHJ_03800
GDKOHJ_06545	IS3 family IS2 transposase ORF B	4	GDKOHJ_03800
GDKOHJ_03800	IS3 family IS2 transposase ORF B	4	GDKOHJ_03800
GDKOHJ_24750	Tail fiber domain protein	4	GDKOHJ_25525
GDKOHJ_24745	prophage tail fiber N-terminal domain-containing protein	4	GDKOHJ_25525
GDKOHJ_23565	Prophage side tail fiber protein	4	GDKOHJ_25525
GDKOHJ_25525	Prophage side tail fiber protein	4	GDKOHJ_25525
GDKOHJ_24760	3'-5' exonuclease	3	GDKOHJ_24370
GDKOHJ_25530	Opacity protein LomR and related surface antigens	3	GDKOHJ_23570
GDKOHJ_24740	Opacity protein LomR and related surface antigens	3	GDKOHJ_23570
GDKOHJ_23570	Opacity protein LomR and related surface antigens	3	GDKOHJ_23570
GDKOHJ_16395	IS200/IS605-like element IS200C family transposase	3	GDKOHJ_16395
GDKOHJ_21180	IS200/IS605-like element IS200C family transposase	3	GDKOHJ_16395
GDKOHJ_22425	IS200/IS605-like element IS200C family transposase	3	GDKOHJ_16395
GDKOHJ_25520	Prophage protein	3	GDKOHJ_23560
GDKOHJ_24755	Prophage protein	3	GDKOHJ_23560
GDKOHJ_23560	Prophage protein	3	GDKOHJ_23560
GDKOHJ_14620	IS3 family ISSd1 transposase ORF A	3	GDKOHJ_14685
GDKOHJ_23575	Host specificity protein J	3	GDKOHJ_23575
GDKOHJ_06465	IS3 family ISSfl10 transposase ORF A	3	GDKOHJ_14685
GDKOHJ_25535	Host specificity protein J	3	GDKOHJ_23575
GDKOHJ_23580	Phage-related protein, tail assembly protein I	3	GDKOHJ_23580
GDKOHJ_24730	Phage-related protein, tail assembly protein I	3	GDKOHJ_23580
GDKOHJ_25540	Phage-related protein, tail assembly protein I	3	GDKOHJ_23580
GDKOHJ_23585	Proteasome lid subunit RPN8/RPN11, contains Jab1/MPN domain metalloenzyme (JAMM) motif	3	GDKOHJ_23585
GDKOHJ_24725	Proteasome lid subunit RPN8/RPN11, contains Jab1/MPN domain metalloenzyme (JAMM) motif	3	GDKOHJ_23585
GDKOHJ_25545	Proteasome lid subunit RPN8/RPN11, contains Jab1/MPN domain metalloenzyme (JAMM) motif	3	GDKOHJ_23585
GDKOHJ_23590	phage minor tail protein L	3	GDKOHJ_23590
GDKOHJ_24720	phage minor tail protein L	3	GDKOHJ_23590
GDKOHJ_25550	phage minor tail protein L	3	GDKOHJ_23590
GDKOHJ_00005	3'-5' exonuclease	3	GDKOHJ_24370
GDKOHJ_24735	Host specificity protein J	3	GDKOHJ_23575
GDKOHJ_14685	Transposase	3	GDKOHJ_14685
GDKOHJ_06485	IS3 family transposase	3	GDKOHJ_06485
GDKOHJ_25410	IS3 family transposase	3	GDKOHJ_06485
GDKOHJ_06460	Putative transposase InsO for insertion sequence element IS911B	3	GDKOHJ_06485
GDKOHJ_24370	DNA polymerase III, epsilon subunit or related 3'-5' exonuclease	3	GDKOHJ_24370
GDKOHJ_25420	Putative transposase InsN for insertion sequence element IS911A	3	GDKOHJ_25420
GDKOHJ_06490	IS3 family transposase ORF A	3	GDKOHJ_25420
GDKOHJ_07315	IS3 family transposase ORF A	3	GDKOHJ_25420
GDKOHJ_07575	DNA repair protein RadC, contains a helix-hairpin-helix DNA-binding motif	2	GDKOHJ_06345
GDKOHJ_06345	DNA repair protein RadC, contains a helix-hairpin-helix DNA-binding motif	2	GDKOHJ_06345
GDKOHJ_06340	Uncharacterized protein YeeT	2	GDKOHJ_06340
GDKOHJ_24575	Anti-adapter protein IraM	2	GDKOHJ_23610
GDKOHJ_07590	Antitoxin of the YeeV-YeeU toxin-antitoxin system; CP4-44 prophage	2	GDKOHJ_06330
GDKOHJ_06330	YagB/YeeU/YfjZ family protein	2	GDKOHJ_06330
GDKOHJ_23615	Phage protein	2	GDKOHJ_23615
GDKOHJ_24605	Phage protein	2	GDKOHJ_23615
GDKOHJ_23620	SAR-endolysin	2	GDKOHJ_23620
GDKOHJ_24610	SAR-endolysin	2	GDKOHJ_23620
GDKOHJ_23625	Transmembrane protein	2	GDKOHJ_23625
GDKOHJ_24615	Transmembrane protein	2	GDKOHJ_23625
GDKOHJ_23630	hypothetical protein	2	GDKOHJ_23630
GDKOHJ_24620	hypothetical protein	2	GDKOHJ_23630
GDKOHJ_23730	Replication protein	2	GDKOHJ_23730
GDKOHJ_23735	protein rep	2	GDKOHJ_23730
GDKOHJ_24515	type I toxin-antitoxin system toxin HokD	2	GDKOHJ_24515
GDKOHJ_06355	DUF945 domain-containing protein	2	GDKOHJ_06355
GDKOHJ_24420	Bacterial toxin YdaT domain-containing protein	2	GDKOHJ_25580
GDKOHJ_25580	Bacterial toxin YdaT domain-containing protein	2	GDKOHJ_25580
GDKOHJ_24405	DUF1391 domain-containing protein	2	GDKOHJ_25565
GDKOHJ_25565	Prophage protein	2	GDKOHJ_25565
GDKOHJ_24395	Prophage protein	2	GDKOHJ_25555
GDKOHJ_25555	Prophage protein	2	GDKOHJ_25555
GDKOHJ_08595	elongation factor Tu	2	GDKOHJ_08595
GDKOHJ_25605	type I toxin-antitoxin system toxin HokD	2	GDKOHJ_24515
GDKOHJ_25310	Ybl63	2	GDKOHJ_25310
GDKOHJ_25515	Ybl63	2	GDKOHJ_25310
GDKOHJ_25285	NADP-dependent isocitrate dehydrogenase	2	GDKOHJ_25445
GDKOHJ_25445	NADP-dependent isocitrate dehydrogenase	2	GDKOHJ_25445
GDKOHJ_08720	D-mannonate dehydratase ManD	2	GDKOHJ_08720
GDKOHJ_22365	starvation-sensing protein RspA	2	GDKOHJ_08720
GDKOHJ_14680	Transposase and inactivated derivatives, IS30 family	2	GDKOHJ_25415
GDKOHJ_25415	IS30 family IS30 transposase	2	GDKOHJ_25415
GDKOHJ_12535	translation elongation factor EF-Tu 1	2	GDKOHJ_08595
GDKOHJ_07565	Aec71	2	GDKOHJ_06355
GDKOHJ_23610	Anti-adapter protein IraM	2	GDKOHJ_23610
GDKOHJ_22800	PAAR repeat-containing protein	2	GDKOHJ_04435
GDKOHJ_04435	Type VI secretion system PAAR protein	2	GDKOHJ_04435
GDKOHJ_06470	IS3 family ISSd1 transposase ORF B	2	GDKOHJ_06470
GDKOHJ_14615	IS3 family ISSd1 transposase	2	GDKOHJ_06470
GDKOHJ_15650	Type VI secretion system tip protein VgrG	2	GDKOHJ_15635
GDKOHJ_15635	Type VI secretion system tip protein VgrG	2	GDKOHJ_15635
GDKOHJ_01070	DMSO/selenate family reductase complex B subunit	2	GDKOHJ_01070
GDKOHJ_07285	ShiA-like protein	2	GDKOHJ_07285
GDKOHJ_14835	Integrase/recombinase, includes phage integrase	2	GDKOHJ_07280
GDKOHJ_07280	Integrase/recombinase, includes phage integrase	2	GDKOHJ_07280
GDKOHJ_22085	class I fumarate hydratase	2	GDKOHJ_07670
GDKOHJ_07670	class I fumarate hydratase	2	GDKOHJ_07670
GDKOHJ_06350	Antirestriction protein	2	GDKOHJ_07570
GDKOHJ_07570	Antirestriction protein	2	GDKOHJ_07570
GDKOHJ_22325	DMSO/selenate family reductase complex B subunit	2	GDKOHJ_01070
GDKOHJ_14830	Tetratricopeptide repeat protein	2	GDKOHJ_07285
GDKOHJ_24400	Uncharacterized protein YdfB	2	GDKOHJ_24400
GDKOHJ_25560	Uncharacterized protein YdfB	2	GDKOHJ_24400
GDKOHJ_20345	Outer membrane porin OmpC/OmpF/PhoE	2	GDKOHJ_20345
GDKOHJ_25335	Outer membrane porin OmpC/OmpF/PhoE	2	GDKOHJ_20345
GDKOHJ_05100	Bacteriocin immunity protein	2	GDKOHJ_05100
GDKOHJ_05110	Bacteriocin immunity protein	2	GDKOHJ_05100
GDKOHJ_19385	colanic acid biosynthesis phosphomannomutase CpsG	2	GDKOHJ_19385
GDKOHJ_19485	colanic acid biosynthesis phosphomannomutase CpsG	2	GDKOHJ_19385
GDKOHJ_11585	glutamate decarboxylase	2	GDKOHJ_11585
GDKOHJ_22625	glutamate decarboxylase	2	GDKOHJ_11585
GDKOHJ_13560	InsB	2	GDKOHJ_13560
GDKOHJ_23885	InsB	2	GDKOHJ_13560
GDKOHJ_24165	Ribonuclease/mRNA interferase VapC, contains PIN domain	2	GDKOHJ_24150
GDKOHJ_24150	tRNA(fMet)-specific endonuclease VapC	2	GDKOHJ_24150
GDKOHJ_24160	VagC	2	GDKOHJ_24145
GDKOHJ_24145	AbrB/MazE/SpoVT family DNA-binding domain-containing protein	2	GDKOHJ_24145
GDKOHJ_07580	CP4-44 prophage	2	GDKOHJ_06340
GDKOHJ_25510	Methyltransferase type 12 domain-containing protein	2	GDKOHJ_02760
GDKOHJ_02660	type I toxin-antitoxin system toxin HokE	2	GDKOHJ_02670
GDKOHJ_02670	Hok/gef family protein	2	GDKOHJ_02670
GDKOHJ_02760	Methyltransferase type 12 domain-containing protein	2	GDKOHJ_02760
GDKOHJ_25095	ABC-type cobalamin/Fe3+-siderophores transport system, ATPase component	1	GDKOHJ_25095
GDKOHJ_25100	putative methyltransferase, contains TPR repeat	1	GDKOHJ_25100
GDKOHJ_25105	Putative pyrophosphorylase ModD	1	GDKOHJ_25105
GDKOHJ_25110	Outer membrane receptor for ferrienterochelin and colicins	1	GDKOHJ_25110
GDKOHJ_25115	UPF0410 protein YmgE	1	GDKOHJ_25115
GDKOHJ_24975	putative cation transport regulator ChaB	1	GDKOHJ_24975
GDKOHJ_25120	Flagellar brake protein YcgR	1	GDKOHJ_25120
GDKOHJ_25125	membrane-bound lytic murein transglycosylase EmtA	1	GDKOHJ_25125
GDKOHJ_25135	potassium/proton antiporter	1	GDKOHJ_25135
GDKOHJ_25140	catabolic alanine racemase DadX	1	GDKOHJ_25140
GDKOHJ_10550	putative transporter	1	GDKOHJ_10550
GDKOHJ_25195	Protein YcgL	1	GDKOHJ_25195
GDKOHJ_25145	D-amino acid dehydrogenase	1	GDKOHJ_25145
GDKOHJ_25150	SpoVR family protein	1	GDKOHJ_25150
GDKOHJ_25155	fatty acid metabolism transcriptional regulator FadR	1	GDKOHJ_25155
GDKOHJ_25160	Na(+)/H(+) antiporter NhaB	1	GDKOHJ_25160
GDKOHJ_25165	disulfide bond formation protein DsbB	1	GDKOHJ_25165
GDKOHJ_25170	DNA polymerase V catalytic protein	1	GDKOHJ_25170
GDKOHJ_25175	SOS-response transcriptional repressor LexA (RecA-mediated autopeptidase)	1	GDKOHJ_25175
GDKOHJ_25185	YcgN family cysteine cluster protein	1	GDKOHJ_25185
GDKOHJ_25190	fumarylacetoacetate hydrolase family protein	1	GDKOHJ_25190
GDKOHJ_25130	muramoyltetrapeptide carboxypeptidase	1	GDKOHJ_25130
GDKOHJ_25020	glutamyl-tRNA reductase	1	GDKOHJ_25020
GDKOHJ_25025	lipoprotein insertase outer membrane protein LolB	1	GDKOHJ_25025
GDKOHJ_25030	4-(cytidine 5'-diphospho)-2-C-methyl-D-erythritol kinase	1	GDKOHJ_25030
GDKOHJ_25035	ribose-phosphate diphosphokinase	1	GDKOHJ_25035
GDKOHJ_25040	C4-dicarboxylic acid transporter DauA	1	GDKOHJ_25040
GDKOHJ_25045	stress-induced protein YchH	1	GDKOHJ_25045
GDKOHJ_25015	peptide chain release factor 1	1	GDKOHJ_25015
GDKOHJ_25010	peptide chain release factor N(5)-glutamine methyltransferase	1	GDKOHJ_25010
GDKOHJ_10540	small heat shock chaperone IbpA	1	GDKOHJ_10540
GDKOHJ_10545	small heat shock chaperone IbpB	1	GDKOHJ_10545
GDKOHJ_25050	aminoacyl-tRNA hydrolase	1	GDKOHJ_25050
GDKOHJ_25055	redox-regulated ATPase YchF	1	GDKOHJ_25055
GDKOHJ_25090	ABC-type Fe3+-siderophore transport system, permease component	1	GDKOHJ_25090
GDKOHJ_25065	dihydroxyacetone kinase subunit DhaK	1	GDKOHJ_25065
GDKOHJ_25070	dihydroxyacetone kinase subunit DhaL	1	GDKOHJ_25070
GDKOHJ_25075	dihydroxyacetone kinase phosphoryl donor subunit DhaM	1	GDKOHJ_25075
GDKOHJ_25080	alpha,alpha-trehalase	1	GDKOHJ_25080
GDKOHJ_25085	putative ATP-binding protein of ABC transporter	1	GDKOHJ_25085
GDKOHJ_25005	invasion regulator SirB2	1	GDKOHJ_25005
GDKOHJ_25000	invasion regulator SirB1	1	GDKOHJ_25000
GDKOHJ_10535	Uncharacterized protein YidQ	1	GDKOHJ_10535
GDKOHJ_10530	Uncharacterized protein YidR	1	GDKOHJ_10530
GDKOHJ_24995	3-deoxy-8-phosphooctulonate synthase	1	GDKOHJ_24995
GDKOHJ_24990	Toxic polypeptide	1	GDKOHJ_24990
GDKOHJ_24980	sodium-potassium/proton antiporter ChaA	1	GDKOHJ_24980
GDKOHJ_25060	dihydroxyacetone kinase operon transcriptional regulator DhaR	1	GDKOHJ_25060
GDKOHJ_10470	DNA replication/repair protein RecF	1	GDKOHJ_10470
GDKOHJ_10465	DNA polymerase III subunit beta	1	GDKOHJ_10465
GDKOHJ_25315	Prophage protein	1	GDKOHJ_25315
GDKOHJ_25320	Lambda-like tail fibre protein N-terminal domain-containing protein	1	GDKOHJ_25320
GDKOHJ_25325	Phage-related protein, tail protein J	1	GDKOHJ_25325
GDKOHJ_25330	phage lysis protein EssD	1	GDKOHJ_25330
GDKOHJ_25340	antitermination protein QuuD	1	GDKOHJ_25340
GDKOHJ_25345	Orf33, orf151, orf56, orf96, rus, orf45, orf8, orf127, and nmpC genes	1	GDKOHJ_25345
GDKOHJ_10455	chromosomal replication initiator protein DnaA	1	GDKOHJ_10455
GDKOHJ_10450	Protein YsdD	1	GDKOHJ_10450
GDKOHJ_25350	YlcG family protein	1	GDKOHJ_25350
GDKOHJ_25355	crossover junction endodeoxyribonuclease RusA	1	GDKOHJ_25355
GDKOHJ_10445	50S ribosomal protein L34	1	GDKOHJ_10445
GDKOHJ_10440	ribonuclease P protein component	1	GDKOHJ_10440
GDKOHJ_25215	septum site-determining protein MinD	1	GDKOHJ_25215
GDKOHJ_25365	Prophage NinE-like protein	1	GDKOHJ_25365
GDKOHJ_10435	membrane protein insertase YidC	1	GDKOHJ_10435
GDKOHJ_10430	tRNA modification GTPase MnmE	1	GDKOHJ_10430
GDKOHJ_10425	tryptophanase leader peptide	1	GDKOHJ_10425
GDKOHJ_10420	tryptophanase	1	GDKOHJ_10420
GDKOHJ_10415	low affinity tryptophan permease TnaB	1	GDKOHJ_10415
GDKOHJ_10410	multidrug efflux MFS transporter MdtL	1	GDKOHJ_10410
GDKOHJ_10405	HTH-type transcriptional regulator YidZ	1	GDKOHJ_10405
GDKOHJ_10400	Uncharacterized protein YieE	1	GDKOHJ_10400
GDKOHJ_10395	class I chromate reductase YieF	1	GDKOHJ_10395
GDKOHJ_10390	adenine permease AdeP	1	GDKOHJ_10390
GDKOHJ_10385	6-phosphogluconate phosphatase	1	GDKOHJ_10385
GDKOHJ_10380	Inner membrane protein CbrB	1	GDKOHJ_10380
GDKOHJ_10375	glucosamine-6-phosphate deaminase	1	GDKOHJ_10375
GDKOHJ_10370	Uncharacterized protein YieL	1	GDKOHJ_10370
GDKOHJ_25360	Putative nuclease YbcO	1	GDKOHJ_25360
GDKOHJ_25200	Inhibitor of g-type lysozyme	1	GDKOHJ_25200
GDKOHJ_25205	Uncharacterized protein YcgJ	1	GDKOHJ_25205
GDKOHJ_25210	septum site-determining protein MinC	1	GDKOHJ_25210
GDKOHJ_10555	Uncharacterized HTH-type transcriptional regulator YidL	1	GDKOHJ_10555
GDKOHJ_25220	cell division topological specificity factor MinE	1	GDKOHJ_25220
GDKOHJ_10525	Protein CbrA	1	GDKOHJ_10525
GDKOHJ_10520	D-galactonate transporter	1	GDKOHJ_10520
GDKOHJ_25225	UPF0757 protein YmgG	1	GDKOHJ_25225
GDKOHJ_25230	Uncharacterized protein YmgD	1	GDKOHJ_25230
GDKOHJ_25235	Outer membrane autotransporter barrel domain-containing protein	1	GDKOHJ_25235
GDKOHJ_25240	Porin	1	GDKOHJ_25240
GDKOHJ_25245	ATPase	1	GDKOHJ_25245
GDKOHJ_25250	EAL domain-containing protein	1	GDKOHJ_25250
GDKOHJ_25255	Uncharacterized protein YmgC	1	GDKOHJ_25255
GDKOHJ_25305	iron/manganese ABC transporter permease subunit SitD	1	GDKOHJ_25305
GDKOHJ_25265	regulatory protein YcgZ	1	GDKOHJ_25265
GDKOHJ_25270	blue light-responsive regulator BluF	1	GDKOHJ_25270
GDKOHJ_10515	galactonate dehydratase	1	GDKOHJ_10515
GDKOHJ_10510	2-dehydro-3-deoxy-6-phosphogalactonate aldolase	1	GDKOHJ_10510
GDKOHJ_25275	DNA-binding transcriptional repressor BluR	1	GDKOHJ_25275
GDKOHJ_25280	Uncharacterized protein YcgX	1	GDKOHJ_25280
GDKOHJ_10505	2-dehydro-3-deoxygalactonokinase	1	GDKOHJ_10505
GDKOHJ_10500	D-galactonate utilization transcriptional regulator DgoR	1	GDKOHJ_10500
GDKOHJ_10495	Lipoprotein	1	GDKOHJ_10495
GDKOHJ_10490	sugar-phosphatase	1	GDKOHJ_10490
GDKOHJ_25290	iron/manganese ABC transporter substrate-binding protein SitA	1	GDKOHJ_25290
GDKOHJ_25295	iron/manganese ABC transporter ATP-binding protein SitB	1	GDKOHJ_25295
GDKOHJ_10485	DUF937 domain-containing protein	1	GDKOHJ_10485
GDKOHJ_10475	DNA topoisomerase (ATP-hydrolyzing) subunit B	1	GDKOHJ_10475
GDKOHJ_25300	iron/manganese ABC transporter permease subunit SitC	1	GDKOHJ_25300
GDKOHJ_25260	biofilm/acid-resistance regulator AriR	1	GDKOHJ_25260
GDKOHJ_24805	cardiolipin synthase ClsA	1	GDKOHJ_24805
GDKOHJ_24810	cardiolipin synthase	1	GDKOHJ_24810
GDKOHJ_24815	murein tripeptide/oligopeptide ABC transporter ATP-binding protein OppF	1	GDKOHJ_24815
GDKOHJ_24820	murein tripeptide/oligopeptide ABC transporter ATP-binding protein OppD	1	GDKOHJ_24820
GDKOHJ_24825	oligopeptide ABC transporter permease OppC	1	GDKOHJ_24825
GDKOHJ_24830	oligopeptide ABC transporter permease OppB	1	GDKOHJ_24830
GDKOHJ_24835	oligopeptide ABC transporter substrate-binding protein OppA	1	GDKOHJ_24835
GDKOHJ_24840	hypothetical protein	1	GDKOHJ_24840
GDKOHJ_24845	Allantoinase	1	GDKOHJ_24845
GDKOHJ_24850	NAAT family transporter YchE	1	GDKOHJ_24850
GDKOHJ_24855	YchE family NAAT transporter	1	GDKOHJ_24855
GDKOHJ_24860	bifunctional acetaldehyde-CoA/alcohol dehydrogenase	1	GDKOHJ_24860
GDKOHJ_24865	IS4 family transposase	1	GDKOHJ_24865
GDKOHJ_10570	Inner membrane protein YidH	1	GDKOHJ_10570
GDKOHJ_24875	histone-like nucleoid-structuring protein H-NS	1	GDKOHJ_24875
GDKOHJ_24880	UTP--glucose-1-phosphate uridylyltransferase GalU	1	GDKOHJ_24880
GDKOHJ_24885	two-component system response regulator RssB	1	GDKOHJ_24885
GDKOHJ_24590	DUF826 domain-containing protein	1	GDKOHJ_24590
GDKOHJ_24585	DUF1737 domain-containing protein	1	GDKOHJ_24585
GDKOHJ_24550	antitermination protein	1	GDKOHJ_24550
GDKOHJ_10830	bifunctional GTP diphosphokinase/guanosine-3',5'-bis pyrophosphate 3'-pyrophosphohydrolase	1	GDKOHJ_10830
GDKOHJ_10825	tRNA (guanosine(18)-2'-O)-methyltransferase TrmH	1	GDKOHJ_10825
GDKOHJ_10820	ATP-dependent DNA helicase RecG	1	GDKOHJ_10820
GDKOHJ_10815	sodium/glutamate symporter	1	GDKOHJ_10815
GDKOHJ_10810	xanthine/proton symporter XanP	1	GDKOHJ_10810
GDKOHJ_10805	AsmA family protein YicH	1	GDKOHJ_10805
GDKOHJ_10800	D-lyxose/D-mannose family sugar isomerase	1	GDKOHJ_10800
GDKOHJ_24870	thymidine kinase	1	GDKOHJ_24870
GDKOHJ_24635	hypothetical protein	1	GDKOHJ_24635
GDKOHJ_24640	Putative endonuclease from phage origin	1	GDKOHJ_24640
GDKOHJ_24645	Phage terminase, small subunit	1	GDKOHJ_24645
GDKOHJ_24650	Phage terminase-like protein, large subunit, contains N-terminal HTH domain	1	GDKOHJ_24650
GDKOHJ_24630	Bacteriophage protein	1	GDKOHJ_24630
GDKOHJ_24625	Rz1 family lipoprotein	1	GDKOHJ_24625
GDKOHJ_24655	phage major capsid protein	1	GDKOHJ_24655
GDKOHJ_24660	Bacteriophage protein	1	GDKOHJ_24660
GDKOHJ_24665	phage portal protein	1	GDKOHJ_24665
GDKOHJ_24670	Phage portal protein	1	GDKOHJ_24670
GDKOHJ_24675	head-tail connector protein	1	GDKOHJ_24675
GDKOHJ_24680	phage head closure protein	1	GDKOHJ_24680
GDKOHJ_24685	HK97-gp10 family putative phage morphogenesis protein	1	GDKOHJ_24685
GDKOHJ_24800	voltage-gated potassium channel protein	1	GDKOHJ_24800
GDKOHJ_24695	Phage tail protein	1	GDKOHJ_24695
GDKOHJ_24700	Phage tail protein	1	GDKOHJ_24700
GDKOHJ_24705	DUF4035 domain-containing protein	1	GDKOHJ_24705
GDKOHJ_24710	Phage-related minor tail protein	1	GDKOHJ_24710
GDKOHJ_24715	Phage tail protein	1	GDKOHJ_24715
GDKOHJ_24765	Integrase	1	GDKOHJ_24765
GDKOHJ_24770	outer membrane protein OmpW	1	GDKOHJ_24770
GDKOHJ_24775	YciC family protein	1	GDKOHJ_24775
GDKOHJ_24780	septation protein A	1	GDKOHJ_24780
GDKOHJ_24785	acyl-CoA thioester hydrolase YciA	1	GDKOHJ_24785
GDKOHJ_24790	TonB system transport protein TonB	1	GDKOHJ_24790
GDKOHJ_24600	YdfR family protein	1	GDKOHJ_24600
GDKOHJ_24595	Class II holin family protein	1	GDKOHJ_24595
GDKOHJ_24795	YciI family protein	1	GDKOHJ_24795
GDKOHJ_24690	Gp11	1	GDKOHJ_24690
GDKOHJ_24925	nitrate reductase molybdenum cofactor assembly chaperone	1	GDKOHJ_24925
GDKOHJ_24930	nitrate reductase subunit beta	1	GDKOHJ_24930
GDKOHJ_24935	nitrate reductase subunit alpha	1	GDKOHJ_24935
GDKOHJ_24940	nitrate transporter NarK	1	GDKOHJ_24940
GDKOHJ_10650	lipoprotein NlpA	1	GDKOHJ_10650
GDKOHJ_10645	Uncharacterized protein YicS	1	GDKOHJ_10645
GDKOHJ_10640	purine ribonucleoside efflux pump NepI	1	GDKOHJ_10640
GDKOHJ_10635	Uncharacterized protein YicN	1	GDKOHJ_10635
GDKOHJ_10630	adenine permease AdeQ	1	GDKOHJ_10630
GDKOHJ_10625	adenine deaminase	1	GDKOHJ_10625
GDKOHJ_24945	hypothetical protein	1	GDKOHJ_24945
GDKOHJ_24950	nitrate/nitrite two-component system sensor histidine kinase NarX	1	GDKOHJ_24950
GDKOHJ_24955	nitrate/nitrite two-component system sensor histidine kinase NarX	1	GDKOHJ_24955
GDKOHJ_10795	Putative sugar kinase/transcriptional regulator ATPase domain	1	GDKOHJ_10795
GDKOHJ_10620	hexose-6-phosphate:phosphate antiporter	1	GDKOHJ_10620
GDKOHJ_10615	MFS transporter family glucose-6-phosphate receptor UhpC	1	GDKOHJ_10615
GDKOHJ_10610	signal transduction histidine-protein kinase/phosphatase UhpB	1	GDKOHJ_10610
GDKOHJ_10605	DNA-binding response regulator UhpA	1	GDKOHJ_10605
GDKOHJ_10600	acetolactate synthase small subunit	1	GDKOHJ_10600
GDKOHJ_10595	Acetolactate synthase	1	GDKOHJ_10595
GDKOHJ_10590	Protein YsdE	1	GDKOHJ_10590
GDKOHJ_10585	multidrug efflux MFS transporter EmrD	1	GDKOHJ_10585
GDKOHJ_10580	Sulfatase maturation enzyme AslB, radical SAM superfamily	1	GDKOHJ_10580
GDKOHJ_10575	Inner membrane protein YidG	1	GDKOHJ_10575
GDKOHJ_10565	Uncharacterized sulfatase YidJ	1	GDKOHJ_10565
GDKOHJ_24965	DsrE/F sulfur relay family protein YchN	1	GDKOHJ_24965
GDKOHJ_24970	glutathione-specific gamma-glutamylcyclotransferase	1	GDKOHJ_24970
GDKOHJ_10560	solute:sodium symporter family transporter	1	GDKOHJ_10560
GDKOHJ_24960	inverse autotransporter invasin YchO	1	GDKOHJ_24960
GDKOHJ_10790	Fructose/tagatose bisphosphate aldolase	1	GDKOHJ_10790
GDKOHJ_10785	Aldolase	1	GDKOHJ_10785
GDKOHJ_10780	Phosphotransferase system, fructose-specific IIC component	1	GDKOHJ_10780
GDKOHJ_10775	Phosphotransferase system fructose-specific component IIB	1	GDKOHJ_10775
GDKOHJ_10770	Phosphotransferase system mannitol/fructose-specific IIA domain (Ntr-type)	1	GDKOHJ_10770
GDKOHJ_10765	PRD domain-containing protein	1	GDKOHJ_10765
GDKOHJ_10760	alpha-xylosidase	1	GDKOHJ_10760
GDKOHJ_10755	glycoside-pentoside-hexuronide family transporter	1	GDKOHJ_10755
GDKOHJ_10745	DUF4102 domain-containing protein	1	GDKOHJ_10745
GDKOHJ_10740	Helicase	1	GDKOHJ_10740
GDKOHJ_10735	Immunity protein 30 domain-containing protein	1	GDKOHJ_10735
GDKOHJ_10730	Polarity suppression protein	1	GDKOHJ_10730
GDKOHJ_10725	Transactivation protein	1	GDKOHJ_10725
GDKOHJ_24920	respiratory nitrate reductase subunit gamma	1	GDKOHJ_24920
GDKOHJ_10715	Uncharacterized protein ORF88	1	GDKOHJ_10715
GDKOHJ_10695	Phage repressor protein	1	GDKOHJ_10695
GDKOHJ_10690	Derepression protein	1	GDKOHJ_10690
GDKOHJ_10685	P4 prophage-derived uncharacterized protein t2654	1	GDKOHJ_10685
GDKOHJ_10680	P4 prophage-derived uncharacterized protein t2655	1	GDKOHJ_10680
GDKOHJ_10675	Putative P4-specific DNA primase	1	GDKOHJ_10675
GDKOHJ_10670	Putative cytoplasmic protein	1	GDKOHJ_10670
GDKOHJ_10665	Aec80	1	GDKOHJ_10665
GDKOHJ_10660	Pas-pac-pac sensing his kinase	1	GDKOHJ_10660
GDKOHJ_10655	carboxylate/amino acid/amine transporter	1	GDKOHJ_10655
GDKOHJ_24890	patatin-like phospholipase RssA	1	GDKOHJ_24890
GDKOHJ_24895	YchJ family protein	1	GDKOHJ_24895
GDKOHJ_24900	formyltetrahydrofolate deformylase	1	GDKOHJ_24900
GDKOHJ_24915	IS4 family transposase	1	GDKOHJ_24915
GDKOHJ_10720	Glycoprotein 3	1	GDKOHJ_10720
GDKOHJ_17100	alpha2-macroglobulin	1	GDKOHJ_17100
GDKOHJ_17095	3-mercaptopyruvate sulfurtransferase	1	GDKOHJ_17095
GDKOHJ_17085	enhanced serine sensitivity protein SseB	1	GDKOHJ_17085
GDKOHJ_17080	aminopeptidase PepB	1	GDKOHJ_17080
GDKOHJ_17075	Fe-S cluster assembly protein IscX	1	GDKOHJ_17075
GDKOHJ_17070	ISC system 2Fe-2S type ferredoxin	1	GDKOHJ_17070
GDKOHJ_17065	Fe-S protein assembly chaperone HscA	1	GDKOHJ_17065
GDKOHJ_17060	co-chaperone HscB	1	GDKOHJ_17060
GDKOHJ_25500	spermidine/putrescine ABC transporter permease PotB	1	GDKOHJ_25500
GDKOHJ_17050	Iron-sulfur cluster assembly scaffold protein IscU	1	GDKOHJ_17050
GDKOHJ_17045	cysteine desulfurase	1	GDKOHJ_17045
GDKOHJ_17040	Fe-S cluster assembly transcriptional regulator IscR	1	GDKOHJ_17040
GDKOHJ_17035	tRNA (cytosine(32)/uridine(32)-2'-O)-methyltransferase TrmJ	1	GDKOHJ_17035
GDKOHJ_17030	inositol-1-monophosphatase	1	GDKOHJ_17030
GDKOHJ_17025	Uncharacterized protein YfhR	1	GDKOHJ_17025
GDKOHJ_17020	stationary phase inducible protein CsiE	1	GDKOHJ_17020
GDKOHJ_17015	3-phenylpropionate MFS transporter	1	GDKOHJ_17015
GDKOHJ_17010	Uncharacterized membrane protein YphA, DoxX/SURF4 family	1	GDKOHJ_17010
GDKOHJ_17055	iron-sulfur cluster assembly protein IscA	1	GDKOHJ_17055
GDKOHJ_13470	Uncharacterized N-acetyltransferase YhbS	1	GDKOHJ_13470
GDKOHJ_13465	Ubiquinone biosynthesis accessory factor UbiT	1	GDKOHJ_13465
GDKOHJ_17190	Uncharacterized protein YfgI	1	GDKOHJ_17190
GDKOHJ_17185	glutamine-hydrolyzing GMP synthase	1	GDKOHJ_17185
GDKOHJ_17180	IMP dehydrogenase	1	GDKOHJ_17180
GDKOHJ_17175	exodeoxyribonuclease VII large subunit	1	GDKOHJ_17175
GDKOHJ_17170	RatA-like protein	1	GDKOHJ_17170
GDKOHJ_17165	Outer membrane protein	1	GDKOHJ_17165
GDKOHJ_17105	peptidoglycan glycosyltransferase PbpC	1	GDKOHJ_17105
GDKOHJ_17155	Zinc ribbon domain-containing protein	1	GDKOHJ_17155
GDKOHJ_17150	ribosome biogenesis GTPase Der	1	GDKOHJ_17150
GDKOHJ_17145	outer membrane protein assembly factor BamB	1	GDKOHJ_17145
GDKOHJ_17140	ancillary SecYEG translocon subunit YfgM	1	GDKOHJ_17140
GDKOHJ_17135	histidine--tRNA ligase	1	GDKOHJ_17135
GDKOHJ_17125	flavodoxin-dependent (E)-4-hydroxy-3-methylbut-2-enyl-diphosphate synthase	1	GDKOHJ_17125
GDKOHJ_17120	cytoskeleton protein RodZ	1	GDKOHJ_17120
GDKOHJ_17115	bifunctional tRNA (adenosine(37)-C2)-methyltransferase TrmG/ribosomal RNA large subunit methyltransferase RlmN	1	GDKOHJ_17115
GDKOHJ_17110	nucleoside-diphosphate kinase	1	GDKOHJ_17110
GDKOHJ_17160	intimin-like inverse autotransporter SinH	1	GDKOHJ_17160
GDKOHJ_16890	Holo-[acyl-carrier-protein] synthase	1	GDKOHJ_16890
GDKOHJ_16885	pyridoxine 5'-phosphate synthase	1	GDKOHJ_16885
GDKOHJ_16880	DNA repair protein RecO	1	GDKOHJ_16880
GDKOHJ_16875	GTPase Era	1	GDKOHJ_16875
GDKOHJ_16870	ribonuclease III	1	GDKOHJ_16870
GDKOHJ_16865	signal peptidase I	1	GDKOHJ_16865
GDKOHJ_16860	translation elongation factor 4	1	GDKOHJ_16860
GDKOHJ_16855	SoxR-reducing system protein RseC	1	GDKOHJ_16855
GDKOHJ_17005	Uncharacterized protein YphB	1	GDKOHJ_17005
GDKOHJ_16840	anti-sigma-E factor RseA	1	GDKOHJ_16840
GDKOHJ_16835	RNA polymerase sigma factor RpoE	1	GDKOHJ_16835
GDKOHJ_16830	L-aspartate oxidase	1	GDKOHJ_16830
GDKOHJ_16825	tRNA(1)(Val) (adenine(37)-N(6))-methyltransferase TrmN	1	GDKOHJ_16825
GDKOHJ_16820	ATP-dependent RNA helicase SrmB	1	GDKOHJ_16820
GDKOHJ_16815	Uncharacterized HTH-type transcriptional regulator YfiE	1	GDKOHJ_16815
GDKOHJ_16810	cysteine/O-acetylserine transporter	1	GDKOHJ_16810
GDKOHJ_16805	autonomous glycyl radical cofactor GrcA	1	GDKOHJ_16805
GDKOHJ_16800	uracil-DNA glycosylase	1	GDKOHJ_16800
GDKOHJ_16845	sigma-E factor regulatory protein RseB	1	GDKOHJ_16845
GDKOHJ_17000	Uncharacterized zinc-type alcohol dehydrogenase-like protein YphC	1	GDKOHJ_17000
GDKOHJ_16995	putative ABC transporter permease protein YphD	1	GDKOHJ_16995
GDKOHJ_16990	heme ABC exporter ATP-binding protein CcmA	1	GDKOHJ_16990
GDKOHJ_16985	ABC transporter periplasmic-binding protein YphF	1	GDKOHJ_16985
GDKOHJ_16980	Uncharacterized protein YphG	1	GDKOHJ_16980
GDKOHJ_16975	Uncharacterized protein YphH	1	GDKOHJ_16975
GDKOHJ_16970	serine hydroxymethyltransferase	1	GDKOHJ_16970
GDKOHJ_16965	NO-inducible flavohemoprotein	1	GDKOHJ_16965
GDKOHJ_16900	Small toxic protein ShoB	1	GDKOHJ_16900
GDKOHJ_16955	two-component system response regulator QseF/GlrR	1	GDKOHJ_16955
GDKOHJ_16950	two-component system QseEF-associated lipoprotein QseG	1	GDKOHJ_16950
GDKOHJ_16945	two component system sensor histidine kinase QseE/GlrK	1	GDKOHJ_16945
GDKOHJ_16930	phosphoribosylformylglycinamidine synthase	1	GDKOHJ_16930
GDKOHJ_16925	membrane-bound lytic murein transglycosylase MltF	1	GDKOHJ_16925
GDKOHJ_16920	tRNA adenosine(34) deaminase TadA	1	GDKOHJ_16920
GDKOHJ_16915	phosphatidylglycerophosphatase C	1	GDKOHJ_16915
GDKOHJ_16910	MurR/RpiR family transcriptional regulator	1	GDKOHJ_16910
GDKOHJ_16905	4Fe-4S dicluster ferredoxin YfhL	1	GDKOHJ_16905
GDKOHJ_16960	nitrogen regulatory protein P-II	1	GDKOHJ_16960
GDKOHJ_13765	Protein YqjC	1	GDKOHJ_13765
GDKOHJ_13760	Uncharacterized protein YqjD	1	GDKOHJ_13760
GDKOHJ_13755	Inner membrane protein YqjE	1	GDKOHJ_13755
GDKOHJ_13750	Uncharacterized protein YqjK	1	GDKOHJ_13750
GDKOHJ_13745	Inner membrane protein YqjF	1	GDKOHJ_13745
GDKOHJ_13740	glutathionyl-hydroquinone reductase YqjG	1	GDKOHJ_13740
GDKOHJ_13735	Inner membrane protein YhaH	1	GDKOHJ_13735
GDKOHJ_13730	Inner membrane protein YhaI	1	GDKOHJ_13730
GDKOHJ_13475	DNA damage response exodeoxyribonuclease YhbQ	1	GDKOHJ_13475
GDKOHJ_13720	Pirin-like protein YhaK	1	GDKOHJ_13720
GDKOHJ_13715	Uncharacterized protein YhaL	1	GDKOHJ_13715
GDKOHJ_13710	UPF0597 protein YhaM	1	GDKOHJ_13710
GDKOHJ_13705	putative serine transporter	1	GDKOHJ_13705
GDKOHJ_13700	L-serine ammonia-lyase	1	GDKOHJ_13700
GDKOHJ_13695	enamine/imine deaminase	1	GDKOHJ_13695
GDKOHJ_13690	2-ketobutyrate formate-lyase/pyruvate formate-lyase	1	GDKOHJ_13690
GDKOHJ_13685	propionate kinase	1	GDKOHJ_13685
GDKOHJ_13680	threonine/serine transporter TdcC	1	GDKOHJ_13680
GDKOHJ_13725	DNA-binding transcriptional regulator YhaJ	1	GDKOHJ_13725
GDKOHJ_13870	protein YgjJ	1	GDKOHJ_13870
GDKOHJ_13865	alpha-glucosidase	1	GDKOHJ_13865
GDKOHJ_13850	NADPH-dependent 2,4-dienoyl-CoA reductase	1	GDKOHJ_13850
GDKOHJ_13845	type II toxin-antitoxin system antitoxin HigA	1	GDKOHJ_13845
GDKOHJ_13840	type II toxin-antitoxin system toxin HigB	1	GDKOHJ_13840
GDKOHJ_13835	23S rRNA (guanine(1835)-N(2))-methyltransferase RlmG	1	GDKOHJ_13835
GDKOHJ_13830	UTP pyrophosphatase	1	GDKOHJ_13830
GDKOHJ_13825	Uncharacterized protein YgjQ	1	GDKOHJ_13825
GDKOHJ_13770	EnvZ/OmpR regulon moderator MzrA	1	GDKOHJ_13770
GDKOHJ_13815	TerC family membrane protein Alx	1	GDKOHJ_13815
GDKOHJ_13810	serine/threonine transporter SstT	1	GDKOHJ_13810
GDKOHJ_13805	Inner membrane protein YgjV	1	GDKOHJ_13805
GDKOHJ_13800	altronate dehydratase	1	GDKOHJ_13800
GDKOHJ_13795	glucuronate isomerase	1	GDKOHJ_13795
GDKOHJ_13790	hexuronate transporter ExuT	1	GDKOHJ_13790
GDKOHJ_13785	transcriptional regulator ExuR	1	GDKOHJ_13785
GDKOHJ_13780	Protein YqiM	1	GDKOHJ_13780
GDKOHJ_13775	Inner membrane protein YqjA	1	GDKOHJ_13775
GDKOHJ_13820	Uncharacterized oxidoreductase YgjR	1	GDKOHJ_13820
GDKOHJ_13570	PTS galactosamine transporter subunit IIB	1	GDKOHJ_13570
GDKOHJ_13565	PTS system N-acetylgalactosamine-specific EIIC component 1	1	GDKOHJ_13565
GDKOHJ_13555	PTS galactosamine transporter subunit IIC	1	GDKOHJ_13555
GDKOHJ_13550	PTS galactosamine transporter subunit IID	1	GDKOHJ_13550
GDKOHJ_13545	galactosamine-6-phosphate isomerase	1	GDKOHJ_13545
GDKOHJ_13540	Uncharacterized fimbrial-like protein YraH	1	GDKOHJ_13540
GDKOHJ_13535	putative fimbrial chaperone YraI	1	GDKOHJ_13535
GDKOHJ_13530	Outer membrane usher protein YraJ	1	GDKOHJ_13530
GDKOHJ_13675	bifunctional threonine ammonia-lyase/L-serine ammonia-lyase TdcB	1	GDKOHJ_13675
GDKOHJ_13520	16S rRNA (cytidine(1402)-2'-O)-methyltransferase	1	GDKOHJ_13520
GDKOHJ_13515	penicillin-binding protein activator LpoA	1	GDKOHJ_13515
GDKOHJ_13510	YraN family protein	1	GDKOHJ_13510
GDKOHJ_13505	DnaA initiator-associating protein DiaA	1	GDKOHJ_13505
GDKOHJ_13500	DnaA initiator-associating protein DiaA	1	GDKOHJ_13500
GDKOHJ_13495	UPF0718 protein YraQ	1	GDKOHJ_13495
GDKOHJ_13490	Putative NAD(P)-binding protein YraR	1	GDKOHJ_13490
GDKOHJ_13485	protein/nucleic acid deglycase	1	GDKOHJ_13485
GDKOHJ_13480	YhbP family protein	1	GDKOHJ_13480
GDKOHJ_13525	Uncharacterized fimbrial-like protein YraK	1	GDKOHJ_13525
GDKOHJ_13670	transcriptional regulator TdcA	1	GDKOHJ_13670
GDKOHJ_13665	Uncharacterized protein YhaB	1	GDKOHJ_13665
GDKOHJ_13660	YhaC family protein	1	GDKOHJ_13660
GDKOHJ_13650	glycerate 2-kinase	1	GDKOHJ_13650
GDKOHJ_13645	2-hydroxy-3-oxopropionate reductase	1	GDKOHJ_13645
GDKOHJ_13640	2-dehydro-3-deoxyglucarate aldolase	1	GDKOHJ_13640
GDKOHJ_13635	galactarate/glucarate/glycerate transporter GarP	1	GDKOHJ_13635
GDKOHJ_13630	galactarate dehydratase	1	GDKOHJ_13630
GDKOHJ_13575	tagatose-bisphosphate aldolase subunit KbaY	1	GDKOHJ_13575
GDKOHJ_13620	type II toxin-antitoxin system ribonuclease toxin YhaV	1	GDKOHJ_13620
GDKOHJ_13615	aga operon transcriptional regulator AgaR	1	GDKOHJ_13615
GDKOHJ_13610	tagatose-bisphosphate aldolase subunit KbaZ	1	GDKOHJ_13610
GDKOHJ_13605	PTS N-acetylgalactosamine transporter subunit IIB	1	GDKOHJ_13605
GDKOHJ_13600	PTS N-acetylgalactosamine transporter subunit IIC	1	GDKOHJ_13600
GDKOHJ_13595	PTS N-acetylgalactosamine transporter subunit IID	1	GDKOHJ_13595
GDKOHJ_13590	PTS galactosamine/N-acetylgalactosamine transporter subunit IIA	1	GDKOHJ_13590
GDKOHJ_13585	N-acetylglucosamine-6-phosphate deacetylase	1	GDKOHJ_13585
GDKOHJ_13580	D-galactosamine-6-phosphate deaminase AgaS	1	GDKOHJ_13580
GDKOHJ_13625	type II toxin-antitoxin system antitoxin PrlF	1	GDKOHJ_13625
GDKOHJ_07085	tRNA (adenosine(37)-N6)-dimethylallyltransferase MiaA	1	GDKOHJ_07085
GDKOHJ_07080	RNA chaperone Hfq	1	GDKOHJ_07080
GDKOHJ_07075	ribosome rescue GTPase HflX	1	GDKOHJ_07075
GDKOHJ_07070	FtsH protease activity modulator HflK	1	GDKOHJ_07070
GDKOHJ_07065	protease modulator HflC	1	GDKOHJ_07065
GDKOHJ_07060	Uncharacterized protein YjeT	1	GDKOHJ_07060
GDKOHJ_07055	adenylosuccinate synthase	1	GDKOHJ_07055
GDKOHJ_07050	nitric oxide-sensing transcriptional repressor NsrR	1	GDKOHJ_07050
GDKOHJ_16795	tRNA/rRNA methyltransferase	1	GDKOHJ_16795
GDKOHJ_07040	23S rRNA (guanosine(2251)-2'-O)-methyltransferase RlmB	1	GDKOHJ_07040
GDKOHJ_07035	IclR-family transcriptional regulator	1	GDKOHJ_07035
GDKOHJ_07030	Dihydrodipicolinate synthase	1	GDKOHJ_07030
GDKOHJ_07025	Sugar phosphate permease	1	GDKOHJ_07025
GDKOHJ_07020	Altronate dehydratase	1	GDKOHJ_07020
GDKOHJ_07015	DUF2170 domain-containing protein	1	GDKOHJ_07015
GDKOHJ_07010	Uncharacterized protein YjfJ	1	GDKOHJ_07010
GDKOHJ_07005	Uncharacterized protein YjfK	1	GDKOHJ_07005
GDKOHJ_07000	UPF0719 inner membrane protein YjfL	1	GDKOHJ_07000
GDKOHJ_07045	ribonuclease R	1	GDKOHJ_07045
GDKOHJ_07195	quaternary ammonium compound efflux SMR transporter SugE	1	GDKOHJ_07195
GDKOHJ_07190	lipocalin Blc	1	GDKOHJ_07190
GDKOHJ_07185	cephalosporin-hydrolyzing class C beta-lactamase EC-5	1	GDKOHJ_07185
GDKOHJ_07180	fumarate reductase subunit FrdD	1	GDKOHJ_07180
GDKOHJ_07175	Fumarate reductase subunit C	1	GDKOHJ_07175
GDKOHJ_07170	fumarate reductase iron-sulfur protein	1	GDKOHJ_07170
GDKOHJ_07165	fumarate reductase (quinol) flavoprotein subunit	1	GDKOHJ_07165
GDKOHJ_07160	elongation factor P--(R)-beta-lysine ligase	1	GDKOHJ_07160
GDKOHJ_07090	DNA mismatch repair endonuclease MutL	1	GDKOHJ_07090
GDKOHJ_07150	DUF2645 domain-containing protein	1	GDKOHJ_07150
GDKOHJ_07145	miniconductance mechanosensitive channel MscM	1	GDKOHJ_07145
GDKOHJ_07140	archaetidylserine decarboxylase	1	GDKOHJ_07140
GDKOHJ_07135	small ribosomal subunit biogenesis GTPase RsgA	1	GDKOHJ_07135
GDKOHJ_07130	oligoribonuclease	1	GDKOHJ_07130
GDKOHJ_07110	tRNA epoxyqueuosine(34) reductase QueG	1	GDKOHJ_07110
GDKOHJ_07105	bifunctional ADP-dependent NAD(P)H-hydrate dehydratase/NAD(P)H-hydrate epimerase	1	GDKOHJ_07105
GDKOHJ_07100	tRNA (adenosine(37)-N6)-threonylcarbamoyltransferase complex ATPase subunit type 1 TsaE	1	GDKOHJ_07100
GDKOHJ_07095	N-acetylmuramoyl-L-alanine amidase AmiB	1	GDKOHJ_07095
GDKOHJ_07155	glutamate/gamma-aminobutyrate family transporter YjeM	1	GDKOHJ_07155
GDKOHJ_25475	two-component system response regulator PhoP	1	GDKOHJ_25475
GDKOHJ_25470	adenylosuccinate lyase	1	GDKOHJ_25470
GDKOHJ_25465	high frequency lysogenization protein HflD	1	GDKOHJ_25465
GDKOHJ_25460	tRNA 2-thiouridine(34) synthase MnmA	1	GDKOHJ_25460
GDKOHJ_25455	phosphatase NudJ	1	GDKOHJ_25455
GDKOHJ_25450	23S rRNA pseudouridine(2457) synthase RluE	1	GDKOHJ_25450
GDKOHJ_25440	AAA+ ATPase domain-containing protein	1	GDKOHJ_25440
GDKOHJ_25435	Endonuclease	1	GDKOHJ_25435
GDKOHJ_06995	Uncharacterized protein YjfM	1	GDKOHJ_06995
GDKOHJ_25425	E14 prophage putative integrase	1	GDKOHJ_25425
GDKOHJ_25405	IS110 family ISEc21 transposase	1	GDKOHJ_25405
GDKOHJ_25400	IS3 family transposase	1	GDKOHJ_25400
GDKOHJ_25395	Phage replication protein O domain protein	1	GDKOHJ_25395
GDKOHJ_25390	Origin specific replication initiation factor	1	GDKOHJ_25390
GDKOHJ_25385	Replication protein P	1	GDKOHJ_25385
GDKOHJ_25380	Big-1 domain-containing protein	1	GDKOHJ_25380
GDKOHJ_25375	Alpha/beta hydrolase fold domain-containing protein	1	GDKOHJ_25375
GDKOHJ_25370	DNA base-flipping protein YbcN	1	GDKOHJ_25370
GDKOHJ_25430	Prophage lambda integrase	1	GDKOHJ_25430
GDKOHJ_06990	Putative acid--amine ligase YjfC	1	GDKOHJ_06990
GDKOHJ_06985	isovaleryl-CoA dehydrogenase	1	GDKOHJ_06985
GDKOHJ_06980	protease activator YjfN	1	GDKOHJ_06980
GDKOHJ_06975	biofilm peroxide resistance protein BsmA	1	GDKOHJ_06975
GDKOHJ_06970	esterase	1	GDKOHJ_06970
GDKOHJ_06965	HTH-type transcriptional regulator UlaR	1	GDKOHJ_06965
GDKOHJ_06960	L-ascorbate 6-phosphate lactonase	1	GDKOHJ_06960
GDKOHJ_06955	PTS ascorbate transporter subunit IIC	1	GDKOHJ_06955
GDKOHJ_25480	two-component system sensor histidine kinase PhoQ	1	GDKOHJ_25480
GDKOHJ_25590	DUF977 domain-containing protein	1	GDKOHJ_25590
GDKOHJ_25585	Phage replisome organizer	1	GDKOHJ_25585
GDKOHJ_25575	DNA-binding transcriptional regulator DicC	1	GDKOHJ_25575
GDKOHJ_25570	Repressor	1	GDKOHJ_25570
GDKOHJ_25505	Tail fiber assembly protein	1	GDKOHJ_25505
GDKOHJ_10365	carbohydrate-specific porin BglH	1	GDKOHJ_10365
GDKOHJ_25495	spermidine/putrescine ABC transporter ATP-binding protein PotA	1	GDKOHJ_25495
GDKOHJ_25490	peptidase T	1	GDKOHJ_25490
GDKOHJ_25485	[50S ribosomal protein L16]-arginine 3-hydroxylase	1	GDKOHJ_25485
GDKOHJ_25595	hypothetical protein	1	GDKOHJ_25595
GDKOHJ_16665	Leader peptide of chorismate mutase-P-prephenate dehydratase	1	GDKOHJ_16665
GDKOHJ_16660	bifunctional chorismate mutase/prephenate dehydratase	1	GDKOHJ_16660
GDKOHJ_16655	bifunctional chorismate mutase/prephenate dehydrogenase	1	GDKOHJ_16655
GDKOHJ_16650	3-deoxy-7-phosphoheptulonate synthase AroF	1	GDKOHJ_16650
GDKOHJ_16645	DUF2799 domain-containing protein	1	GDKOHJ_16645
GDKOHJ_16640	Protein YfiR	1	GDKOHJ_16640
GDKOHJ_16635	diguanylate cyclase DgcN	1	GDKOHJ_16635
GDKOHJ_07470	hypothetical protein	1	GDKOHJ_07470
GDKOHJ_07200	lipoprotein toxin entericidin B	1	GDKOHJ_07200
GDKOHJ_07460	Maturase	1	GDKOHJ_07460
GDKOHJ_07455	Permease	1	GDKOHJ_07455
GDKOHJ_07450	Pyruvate-formate lyase-activating enzyme	1	GDKOHJ_07450
GDKOHJ_07445	Pyruvate-formate lyase	1	GDKOHJ_07445
GDKOHJ_07440	Protein/nucleotide deglycase, PfpI/YajL/DJ-1 family (repair of methylglyoxal-glycated proteins and nucleic acids)	1	GDKOHJ_07440
GDKOHJ_07435	BMC circularly permuted domain-containing protein	1	GDKOHJ_07435
GDKOHJ_07430	Aldehyde dehydrogenase EutE	1	GDKOHJ_07430
GDKOHJ_07425	propanediol utilization microcompartment protein PduB	1	GDKOHJ_07425
GDKOHJ_07420	propanediol utilization microcompartment protein PduA	1	GDKOHJ_07420
GDKOHJ_07465	Maturase	1	GDKOHJ_07465
GDKOHJ_16790	thioredoxin TrxC	1	GDKOHJ_16790
GDKOHJ_16785	tRNA-uridine aminocarboxypropyltransferase	1	GDKOHJ_16785
GDKOHJ_16780	protein lysine acetyltransferase	1	GDKOHJ_16780
GDKOHJ_16775	Protein PssL	1	GDKOHJ_16775
GDKOHJ_16770	CDP-diacylglycerol--serine O-phosphatidyltransferase	1	GDKOHJ_16770
GDKOHJ_16765	YfiM family lipoprotein	1	GDKOHJ_16765
GDKOHJ_16760	Alpha-ketoglutarate permease	1	GDKOHJ_16760
GDKOHJ_16755	Transposase	1	GDKOHJ_16755
GDKOHJ_16670	ribosome-associated translation inhibitor RaiA	1	GDKOHJ_16670
GDKOHJ_16745	Transposase IS110-like N-terminal domain-containing protein	1	GDKOHJ_16745
GDKOHJ_16740	IS3 family IS1397 transposase	1	GDKOHJ_16740
GDKOHJ_16735	IS3 family IS1397 transposase ORF A	1	GDKOHJ_16735
GDKOHJ_16730	Helix-turn-helix domain-containing protein	1	GDKOHJ_16730
GDKOHJ_16700	ATP-dependent chaperone ClpB	1	GDKOHJ_16700
GDKOHJ_16690	purine nucleoside phosphorylase YfiH	1	GDKOHJ_16690
GDKOHJ_16685	23S rRNA pseudouridine(1911/1915/1917) synthase RluD	1	GDKOHJ_16685
GDKOHJ_16680	outer membrane protein assembly factor BamD	1	GDKOHJ_16680
GDKOHJ_16675	Leader peptide	1	GDKOHJ_16675
GDKOHJ_16750	Transposase	1	GDKOHJ_16750
GDKOHJ_07305	IS1 family transposase ORF A	1	GDKOHJ_07305
GDKOHJ_07300	Amino acid permease	1	GDKOHJ_07300
GDKOHJ_07295	Arginine decarboxylase	1	GDKOHJ_07295
GDKOHJ_07290	Amino acid antiporter	1	GDKOHJ_07290
GDKOHJ_07270	transcriptional regulator	1	GDKOHJ_07270
GDKOHJ_07265	protein-disulfide reductase DsbD	1	GDKOHJ_07265
GDKOHJ_07260	divalent cation tolerance protein CutA	1	GDKOHJ_07260
GDKOHJ_07255	anaerobic C4-dicarboxylate transporter DcuA	1	GDKOHJ_07255
GDKOHJ_07415	propionate kinase	1	GDKOHJ_07415
GDKOHJ_07245	UPF0716 protein FxsA	1	GDKOHJ_07245
GDKOHJ_07240	L-methionine/branched-chain amino acid transporter	1	GDKOHJ_07240
GDKOHJ_07235	Co-chaperonin GroES	1	GDKOHJ_07235
GDKOHJ_07230	chaperonin GroEL	1	GDKOHJ_07230
GDKOHJ_07225	Uncharacterized protein YjeI	1	GDKOHJ_07225
GDKOHJ_07220	Uncharacterized protein YjeJ	1	GDKOHJ_07220
GDKOHJ_07215	EF-P beta-lysylation protein EpmB	1	GDKOHJ_07215
GDKOHJ_07210	Elongation factor P	1	GDKOHJ_07210
GDKOHJ_07205	lipoprotein antitoxin entericidin A	1	GDKOHJ_07205
GDKOHJ_07250	aspartate ammonia-lyase	1	GDKOHJ_07250
GDKOHJ_07410	Heme-binding protein	1	GDKOHJ_07410
GDKOHJ_07405	Carboxysome shell and ethanolamine utilization microcompartment protein CcmK/EutM	1	GDKOHJ_07405
GDKOHJ_07400	Ethanolamine utilization protein	1	GDKOHJ_07400
GDKOHJ_07395	ethanolamine utilization protein EutJ	1	GDKOHJ_07395
GDKOHJ_07390	Propanediol utilization protein	1	GDKOHJ_07390
GDKOHJ_07385	Alcohol dehydrogenase	1	GDKOHJ_07385
GDKOHJ_07380	DNA-binding protein	1	GDKOHJ_07380
GDKOHJ_07375	hypothetical protein	1	GDKOHJ_07375
GDKOHJ_07370	Hemolysin activator protein	1	GDKOHJ_07370
GDKOHJ_07310	Alcohol dehydrogenase	1	GDKOHJ_07310
GDKOHJ_07360	Ribonucleases G and E	1	GDKOHJ_07360
GDKOHJ_07355	KAP NTPase domain-containing protein	1	GDKOHJ_07355
GDKOHJ_07350	Phycobilisome protein	1	GDKOHJ_07350
GDKOHJ_07345	Qat anti-phage system QueC-like protein QatC	1	GDKOHJ_07345
GDKOHJ_07340	Qat anti-phage system TatD family nuclease QatD	1	GDKOHJ_07340
GDKOHJ_07335	SMODS and SLOG-associating 2TM effector domain-containing protein	1	GDKOHJ_07335
GDKOHJ_07330	Adenylyl/Guanylyl and SMODS C-terminal sensor domain-containing protein	1	GDKOHJ_07330
GDKOHJ_07325	Transposase	1	GDKOHJ_07325
GDKOHJ_07320	IS3 family transposase	1	GDKOHJ_07320
GDKOHJ_07365	ImpA C-terminal domain-containing protein	1	GDKOHJ_07365
GDKOHJ_14420	AMP-binding protein	1	GDKOHJ_14420
GDKOHJ_14415	Nucleoside-diphosphate-sugar epimerase	1	GDKOHJ_14415
GDKOHJ_14410	Acyl carrier protein	1	GDKOHJ_14410
GDKOHJ_14405	8-amino-7-oxononanoate synthase	1	GDKOHJ_14405
GDKOHJ_14400	LPS export ABC transporter permease LptG	1	GDKOHJ_14400
GDKOHJ_14395	LPS export ABC transporter permease LptF	1	GDKOHJ_14395
GDKOHJ_14390	putative transcriptional regulator YtfJ	1	GDKOHJ_14390
GDKOHJ_14385	Ybl138	1	GDKOHJ_14385
GDKOHJ_05165	dephospho-CoA kinase	1	GDKOHJ_05165
GDKOHJ_14375	Uncharacterized ATP-binding protein YghR	1	GDKOHJ_14375
GDKOHJ_14370	Uncharacterized ATP-binding protein YghS	1	GDKOHJ_14370
GDKOHJ_14365	Uncharacterized ATP-binding protein YghT	1	GDKOHJ_14365
GDKOHJ_14360	inorganic phosphate transporter PitB	1	GDKOHJ_14360
GDKOHJ_14355	bifunctional glutathionylspermidine amidase/synthase	1	GDKOHJ_14355
GDKOHJ_14350	glutathione-dependent disulfide-bond oxidoreductase	1	GDKOHJ_14350
GDKOHJ_14345	hydrogenase maturation factor HybG	1	GDKOHJ_14345
GDKOHJ_14340	hydrogenase maturation nickel metallochaperone HypA	1	GDKOHJ_14340
GDKOHJ_14380	Inner membrane protein YghQ	1	GDKOHJ_14380
GDKOHJ_17200	Uncharacterized protein YfgG	1	GDKOHJ_17200
GDKOHJ_17195	Uncharacterized lipoprotein YfgH	1	GDKOHJ_17195
GDKOHJ_14505	general secretion pathway protein G	1	GDKOHJ_14505
GDKOHJ_14500	general secretion pathway protein F	1	GDKOHJ_14500
GDKOHJ_14495	general secretion pathway protein E	1	GDKOHJ_14495
GDKOHJ_14490	general secretion pathway protein D	1	GDKOHJ_14490
GDKOHJ_14485	type II secretion system protein GspC	1	GDKOHJ_14485
GDKOHJ_14480	Pilotin AspS 2	1	GDKOHJ_14480
GDKOHJ_14425	Protein YghO	1	GDKOHJ_14425
GDKOHJ_14470	lipoprotein metalloprotease SslE	1	GDKOHJ_14470
GDKOHJ_14465	glycolate permease GlcA	1	GDKOHJ_14465
GDKOHJ_14455	malate synthase G	1	GDKOHJ_14455
GDKOHJ_14450	glycolate oxidase subunit GlcF	1	GDKOHJ_14450
GDKOHJ_14445	glycolate oxidase subunit GlcF	1	GDKOHJ_14445
GDKOHJ_14440	glycolate oxidase subunit GlcE	1	GDKOHJ_14440
GDKOHJ_14435	glycolate oxidase subunit GlcD	1	GDKOHJ_14435
GDKOHJ_14430	transcriptional regulator GlcC	1	GDKOHJ_14430
GDKOHJ_14475	prepilin peptidase PppA	1	GDKOHJ_14475
GDKOHJ_14235	lipoprotein YqhH	1	GDKOHJ_14235
GDKOHJ_14230	YgiQ family radical SAM protein	1	GDKOHJ_14230
GDKOHJ_14225	FCD domain-containing protein	1	GDKOHJ_14225
GDKOHJ_14220	Mannitol dehydrogenase family protein	1	GDKOHJ_14220
GDKOHJ_14215	Zinc-binding alcohol dehydrogenase family protein	1	GDKOHJ_14215
GDKOHJ_14210	Ldh family oxidoreductase	1	GDKOHJ_14210
GDKOHJ_14205	TRAP transporter solute receptor, DctP family	1	GDKOHJ_14205
GDKOHJ_14200	TRAP transporter small permease protein	1	GDKOHJ_14200
GDKOHJ_14335	hydrogenase-2 assembly chaperone	1	GDKOHJ_14335
GDKOHJ_14190	hypothetical protein	1	GDKOHJ_14190
GDKOHJ_14185	cell division protein FtsP	1	GDKOHJ_14185
GDKOHJ_14180	1-acylglycerol-3-phosphate O-acyltransferase	1	GDKOHJ_14180
GDKOHJ_14175	DNA topoisomerase IV subunit A	1	GDKOHJ_14175
GDKOHJ_14170	ABC transporter substrate-binding protein	1	GDKOHJ_14170
GDKOHJ_14165	type II toxin-antitoxin system antitoxin MqsA	1	GDKOHJ_14165
GDKOHJ_14160	type II toxin-antitoxin system toxin MqsR	1	GDKOHJ_14160
GDKOHJ_14155	putative transcriptional regulator YgiV	1	GDKOHJ_14155
GDKOHJ_14195	TRAP-type C4-dicarboxylate transport system, large permease component	1	GDKOHJ_14195
GDKOHJ_14330	HyaD/HybD family hydrogenase maturation endopeptidase	1	GDKOHJ_14330
GDKOHJ_14325	hydrogenase 2 large subunit	1	GDKOHJ_14325
GDKOHJ_14320	Ni/Fe-hydrogenase cytochrome b subunit	1	GDKOHJ_14320
GDKOHJ_14315	hydrogenase 2 operon protein HybA	1	GDKOHJ_14315
GDKOHJ_14310	hydrogenase 2 small subunit	1	GDKOHJ_14310
GDKOHJ_14305	Uncharacterized protein YghW	1	GDKOHJ_14305
GDKOHJ_14300	YghX family hydrolase	1	GDKOHJ_14300
GDKOHJ_14295	L-glyceraldehyde 3-phosphate reductase	1	GDKOHJ_14295
GDKOHJ_14240	Uncharacterized protein YqhG	1	GDKOHJ_14240
GDKOHJ_14285	NADP(+)-dependent aldehyde reductase	1	GDKOHJ_14285
GDKOHJ_14280	TonB system transport protein ExbD	1	GDKOHJ_14280
GDKOHJ_14275	tol-pal system-associated acyl-CoA thioesterase	1	GDKOHJ_14275
GDKOHJ_14270	cystathionine beta-lyase	1	GDKOHJ_14270
GDKOHJ_14265	Inner membrane protein YghB	1	GDKOHJ_14265
GDKOHJ_14260	DNA-binding transcriptional regulator YqhC	1	GDKOHJ_14260
GDKOHJ_14255	alcohol dehydrogenase	1	GDKOHJ_14255
GDKOHJ_14245	2,5-didehydrogluconate reductase DkgA	1	GDKOHJ_14245
GDKOHJ_14290	UPF0114 protein YqhA	1	GDKOHJ_14290
GDKOHJ_17495	RpoE-regulated lipoprotein	1	GDKOHJ_17495
GDKOHJ_17490	Inner membrane protein YfeZ	1	GDKOHJ_17490
GDKOHJ_17485	GNAT family acetyltransferase	1	GDKOHJ_17485
GDKOHJ_17480	N-acetylmuramoyl-L-alanine amidase AmiA	1	GDKOHJ_17480
GDKOHJ_17475	oxygen-dependent coproporphyrinogen oxidase	1	GDKOHJ_17475
GDKOHJ_17470	HTH-type transcriptional regulator EutR	1	GDKOHJ_17470
GDKOHJ_17465	ethanolamine utilization microcompartment protein EutK	1	GDKOHJ_17465
GDKOHJ_17460	ethanolamine utilization microcompartment protein EutL	1	GDKOHJ_17460
GDKOHJ_17205	Transposase	1	GDKOHJ_17205
GDKOHJ_17450	ethanolamine ammonia-lyase subunit alpha	1	GDKOHJ_17450
GDKOHJ_17445	ethanolamine ammonia-lyase reactivating factor EutA	1	GDKOHJ_17445
GDKOHJ_17440	ethanolamine utilization protein EutH	1	GDKOHJ_17440
GDKOHJ_17415	ethanolamine utilization ethanol dehydrogenase EutG	1	GDKOHJ_17415
GDKOHJ_17410	ethanolamine utilization protein EutJ	1	GDKOHJ_17410
GDKOHJ_17405	Acetaldehyde dehydrogenase (acetylating) EutE	1	GDKOHJ_17405
GDKOHJ_17400	ethanolamine utilization microcompartment protein EutN	1	GDKOHJ_17400
GDKOHJ_17395	ethanolamine utilization microcompartment protein EutM	1	GDKOHJ_17395
GDKOHJ_17455	ethanolamine ammonia-lyase subunit beta	1	GDKOHJ_17455
GDKOHJ_17585	NAD-dependent DNA ligase LigA	1	GDKOHJ_17585
GDKOHJ_17580	cell division protein ZipA	1	GDKOHJ_17580
GDKOHJ_17575	sulfate transporter CysZ	1	GDKOHJ_17575
GDKOHJ_17570	cysteine synthase A	1	GDKOHJ_17570
GDKOHJ_17565	phosphocarrier protein Hpr	1	GDKOHJ_17565
GDKOHJ_17560	phosphoenolpyruvate-protein phosphotransferase PtsI	1	GDKOHJ_17560
GDKOHJ_17555	PTS glucose transporter subunit IIA	1	GDKOHJ_17555
GDKOHJ_17550	pyridoxine/pyridoxal/pyridoxamine kinase	1	GDKOHJ_17550
GDKOHJ_17500	porphyrinogen peroxidase	1	GDKOHJ_17500
GDKOHJ_17540	cysteine synthase B	1	GDKOHJ_17540
GDKOHJ_17535	sulfate/thiosulfate ABC transporter ATP-binding protein CysA	1	GDKOHJ_17535
GDKOHJ_17530	sulfate/thiosulfate ABC transporter permease CysW	1	GDKOHJ_17530
GDKOHJ_17525	sulfate/thiosulfate ABC transporter permease CysT	1	GDKOHJ_17525
GDKOHJ_17520	thiosulfate/sulfate ABC transporter substrate-binding protein CysP	1	GDKOHJ_17520
GDKOHJ_17515	SDR family oxidoreductase UcpA	1	GDKOHJ_17515
GDKOHJ_17510	N-acetylmuramic acid 6-phosphate etherase	1	GDKOHJ_17510
GDKOHJ_17505	PTS N-acetylmuramic acid transporter subunit IIBC	1	GDKOHJ_17505
GDKOHJ_17545	Uncharacterized protein YfeK	1	GDKOHJ_17545
GDKOHJ_17290	phosphoribosylaminoimidazolesuccinocarboxamide synthase	1	GDKOHJ_17290
GDKOHJ_17285	hypothetical protein	1	GDKOHJ_17285
GDKOHJ_17280	outer membrane protein assembly factor BamC	1	GDKOHJ_17280
GDKOHJ_17275	4-hydroxy-tetrahydrodipicolinate synthase	1	GDKOHJ_17275
GDKOHJ_17270	glycine cleavage system transcriptional repressor	1	GDKOHJ_17270
GDKOHJ_17265	thioredoxin-dependent thiol peroxidase	1	GDKOHJ_17265
GDKOHJ_17260	Putative permease PerM	1	GDKOHJ_17260
GDKOHJ_17255	beta-barrel assembly-enhancing protease	1	GDKOHJ_17255
GDKOHJ_17390	phosphate acetyltransferase	1	GDKOHJ_17390
GDKOHJ_17245	DnaA regulatory inactivator Hda	1	GDKOHJ_17245
GDKOHJ_17240	uracil permease	1	GDKOHJ_17240
GDKOHJ_17235	uracil phosphoribosyltransferase	1	GDKOHJ_17235
GDKOHJ_17230	Phosphoribosylformylglycinamidine cyclo-ligase	1	GDKOHJ_17230
GDKOHJ_17225	phosphoribosylglycinamide formyltransferase	1	GDKOHJ_17225
GDKOHJ_17220	polyphosphate kinase 1	1	GDKOHJ_17220
GDKOHJ_17215	exopolyphosphatase	1	GDKOHJ_17215
GDKOHJ_17210	cyclic-guanylate-specific phosphodiesterase PdeF	1	GDKOHJ_17210
GDKOHJ_17250	arsenate reductase (glutaredoxin)	1	GDKOHJ_17250
GDKOHJ_17385	ethanolamine utilization cob(I)yrinic acid a,c-diamide adenosyltransferase EutT	1	GDKOHJ_17385
GDKOHJ_17380	ethanolamine utilization acetate kinase EutQ	1	GDKOHJ_17380
GDKOHJ_17375	ethanolamine utilization acetate kinase EutP	1	GDKOHJ_17375
GDKOHJ_17370	Bacterial microcompartment shell protein EutS	1	GDKOHJ_17370
GDKOHJ_17365	NADP-dependent oxaloacetate-decarboxylating malate dehydrogenase	1	GDKOHJ_17365
GDKOHJ_17360	transaldolase	1	GDKOHJ_17360
GDKOHJ_17355	transketolase	1	GDKOHJ_17355
GDKOHJ_17350	Uncharacterized protein YpfG	1	GDKOHJ_17350
GDKOHJ_17295	Uncharacterized protein YpfJ	1	GDKOHJ_17295
GDKOHJ_17340	formate-dependent uric acid utilization protein AegA	1	GDKOHJ_17340
GDKOHJ_17335	nitrate/nitrite two-component system sensor histidine kinase NarQ	1	GDKOHJ_17335
GDKOHJ_17330	multidrug efflux RND transporter permease AcrD	1	GDKOHJ_17330
GDKOHJ_17325	protein YpfM	1	GDKOHJ_17325
GDKOHJ_17320	ArsC family reductase	1	GDKOHJ_17320
GDKOHJ_17315	succinyl-diaminopimelate desuccinylase	1	GDKOHJ_17315
GDKOHJ_17310	UPF0370 protein YpfN	1	GDKOHJ_17310
GDKOHJ_17305	esterase	1	GDKOHJ_17305
GDKOHJ_17300	tRNA cytosine(34) acetyltransferase TmcA	1	GDKOHJ_17300
GDKOHJ_17345	GDP-mannose pyrophosphatase NudK	1	GDKOHJ_17345
GDKOHJ_24140	pEK499-p136 HEPN domain-containing protein	1	GDKOHJ_24140
GDKOHJ_24135	BASY0021	1	GDKOHJ_24135
GDKOHJ_24130	DUF3800 domain-containing protein	1	GDKOHJ_24130
GDKOHJ_24125	hypothetical protein	1	GDKOHJ_24125
GDKOHJ_24120	type II toxin-antitoxin system antitoxin CcdA	1	GDKOHJ_24120
GDKOHJ_24115	type II toxin-antitoxin system toxin CcdB	1	GDKOHJ_24115
GDKOHJ_24110	Resolvase	1	GDKOHJ_24110
GDKOHJ_24105	replication initiation protein RepE	1	GDKOHJ_24105
GDKOHJ_14150	OB fold stress tolerance protein YgiW	1	GDKOHJ_14150
GDKOHJ_24095	ParB/RepB/Spo0J family plasmid partition protein	1	GDKOHJ_24095
GDKOHJ_24090	YubB ferredoxin-like domain-containing protein	1	GDKOHJ_24090
GDKOHJ_24085	Methyltransferase	1	GDKOHJ_24085
GDKOHJ_24080	Uncharacterized protein YubE	1	GDKOHJ_24080
GDKOHJ_24075	Uncharacterized protein YubF	1	GDKOHJ_24075
GDKOHJ_24070	YchA	1	GDKOHJ_24070
GDKOHJ_24065	Antirestriction protein	1	GDKOHJ_24065
GDKOHJ_24060	DUF1380 domain-containing protein	1	GDKOHJ_24060
GDKOHJ_24100	plasmid-partitioning protein SopA	1	GDKOHJ_24100
GDKOHJ_24275	IS66 family insertion sequence element accessory protein TnpB	1	GDKOHJ_24275
GDKOHJ_24270	Family element	1	GDKOHJ_24270
GDKOHJ_24265	IS66 family transposase	1	GDKOHJ_24265
GDKOHJ_24260	IS21 family IS100 transposase	1	GDKOHJ_24260
GDKOHJ_24255	IS21-like element IS100kyp family helper ATPase IstB	1	GDKOHJ_24255
GDKOHJ_24250	IS66 family transposase	1	GDKOHJ_24250
GDKOHJ_24245	DUF4198 domain-containing protein	1	GDKOHJ_24245
GDKOHJ_24240	Heme/hemopexin utilization protein C	1	GDKOHJ_24240
GDKOHJ_24155	Pcar	1	GDKOHJ_24155
GDKOHJ_24225	Inner membrane protein	1	GDKOHJ_24225
GDKOHJ_24220	putative site-specific recombinase	1	GDKOHJ_24220
GDKOHJ_24215	RepFIB replication protein A	1	GDKOHJ_24215
GDKOHJ_24210	Uncharacterized protein YuaT	1	GDKOHJ_24210
GDKOHJ_24205	IS21 transposase Orf1	1	GDKOHJ_24205
GDKOHJ_24200	DNA polymerase type-Y, UV protection protein impB	1	GDKOHJ_24200
GDKOHJ_24175	DNA helicase UvrD	1	GDKOHJ_24175
GDKOHJ_24170	Putative ATP-dependent endonuclease of the OLD family	1	GDKOHJ_24170
GDKOHJ_24230	Transposase	1	GDKOHJ_24230
GDKOHJ_11810	nickel ABC transporter permease subunit NikB	1	GDKOHJ_11810
GDKOHJ_11805	nickel ABC transporter permease subunit NikC	1	GDKOHJ_11805
GDKOHJ_11800	nickel import ATP-binding protein NikD	1	GDKOHJ_11800
GDKOHJ_11795	nickel import ATP-binding protein NikE	1	GDKOHJ_11795
GDKOHJ_11790	nickel import ATP-binding protein NikE	1	GDKOHJ_11790
GDKOHJ_11785	ABC transporter permease	1	GDKOHJ_11785
GDKOHJ_11780	ribosome-associated ATPase/putative transporter RbbA	1	GDKOHJ_11780
GDKOHJ_11775	Uncharacterized protein YhiI	1	GDKOHJ_11775
GDKOHJ_24055	Plasmid protein	1	GDKOHJ_24055
GDKOHJ_11765	putative flavoprotein YhiN	1	GDKOHJ_11765
GDKOHJ_11760	inorganic phosphate transporter PitA	1	GDKOHJ_11760
GDKOHJ_11755	universal stress protein UspB	1	GDKOHJ_11755
GDKOHJ_11750	universal stress protein UspA	1	GDKOHJ_11750
GDKOHJ_11745	dipeptide/tripeptide permease DtpB	1	GDKOHJ_11745
GDKOHJ_11740	16S rRNA (guanine(1516)-N(2))-methyltransferase RsmJ	1	GDKOHJ_11740
GDKOHJ_11735	oligopeptidase A	1	GDKOHJ_11735
GDKOHJ_11730	23S rRNA (adenine(2030)-N(6))-methyltransferase	1	GDKOHJ_11730
GDKOHJ_11770	Inner membrane protein yhiM	1	GDKOHJ_11770
GDKOHJ_24050	Single-stranded DNA-binding protein	1	GDKOHJ_24050
GDKOHJ_24045	Uncharacterized protein	1	GDKOHJ_24045
GDKOHJ_24040	type II toxin-antitoxin system antitoxin PemI	1	GDKOHJ_24040
GDKOHJ_11890	permease-like cell division protein FtsX	1	GDKOHJ_11890
GDKOHJ_11885	cell division ATP-binding protein FtsE	1	GDKOHJ_11885
GDKOHJ_11880	signal recognition particle-docking protein FtsY	1	GDKOHJ_11880
GDKOHJ_11875	16S rRNA (guanine(966)-N(2))-methyltransferase	1	GDKOHJ_11875
GDKOHJ_11870	DUF1145 domain-containing protein	1	GDKOHJ_11870
GDKOHJ_11815	nickel ABC transporter substrate-binding protein	1	GDKOHJ_11815
GDKOHJ_11860	Uncharacterized membrane protein YhhN	1	GDKOHJ_11860
GDKOHJ_11855	Zn(II)/Cd(II)/Pb(II) translocating P-type ATPase ZntA	1	GDKOHJ_11855
GDKOHJ_11845	Sulfur carrier protein TusA	1	GDKOHJ_11845
GDKOHJ_11840	7-cyano-7-deazaguanine/7-aminomethyl-7-deazaguanine transporter	1	GDKOHJ_11840
GDKOHJ_11835	phage sensitivity protein DcrB	1	GDKOHJ_11835
GDKOHJ_11830	Uncharacterized MFS-type transporter YhhS	1	GDKOHJ_11830
GDKOHJ_11825	Putative transport protein YhhT	1	GDKOHJ_11825
GDKOHJ_11820	4'-phosphopantetheinyl transferase AcpT	1	GDKOHJ_11820
GDKOHJ_11865	Uncharacterized protein YhhM	1	GDKOHJ_11865
GDKOHJ_14055	Uncharacterized fimbrial chaperone YqiH	1	GDKOHJ_14055
GDKOHJ_14050	Uncharacterized protein YqiI	1	GDKOHJ_14050
GDKOHJ_14045	cell surface composition regulator GlgS	1	GDKOHJ_14045
GDKOHJ_14040	Inner membrane protein YqiJ	1	GDKOHJ_14040
GDKOHJ_14035	Flotillin family inner membrane protein YqiK	1	GDKOHJ_14035
GDKOHJ_14030	Small toxic protein IbsD	1	GDKOHJ_14030
GDKOHJ_14020	Small toxic protein IbsE	1	GDKOHJ_14020
GDKOHJ_14010	bifunctional D-glycero-beta-D-manno-heptose-7-phosphate kinase/D-glycero-beta-D-manno-heptose 1-phosphate adenylyltransferase HldE	1	GDKOHJ_14010
GDKOHJ_24280	Transposase InsE and inactivated derivatives	1	GDKOHJ_24280
GDKOHJ_14000	inorganic triphosphatase	1	GDKOHJ_14000
GDKOHJ_13995	TIGR04211 family SH3 domain-containing protein	1	GDKOHJ_13995
GDKOHJ_13990	fused tRNA nucleotidyltransferase/2',3'-cyclic phosphodiesterase/2' nucleotidase/phosphatase Cca	1	GDKOHJ_13990
GDKOHJ_24545	Holliday junction resolvase RusA (prophage-encoded endonuclease)	1	GDKOHJ_24545
GDKOHJ_24540	hypothetical protein	1	GDKOHJ_24540
GDKOHJ_24535	Prophage protein	1	GDKOHJ_24535
GDKOHJ_24530	Phage protein	1	GDKOHJ_24530
GDKOHJ_24525	HTH cro/C1-type domain-containing protein	1	GDKOHJ_24525
GDKOHJ_14005	bifunctional [glutamate--ammonia ligase]-adenylyl-L-tyrosine phosphorylase/[glutamate--ammonia-ligase] adenylyltransferase	1	GDKOHJ_14005
GDKOHJ_14145	Quorum sensing DNA-binding response regulator in two-component regulatory system with QseC	1	GDKOHJ_14145
GDKOHJ_14140	quorum sensing histidine kinase QseC	1	GDKOHJ_14140
GDKOHJ_14135	NADPH:quinone oxidoreductase MdaB	1	GDKOHJ_14135
GDKOHJ_14130	putative quinol monooxygenase YgiN	1	GDKOHJ_14130
GDKOHJ_14125	DNA topoisomerase 4 subunit B	1	GDKOHJ_14125
GDKOHJ_14120	3',5'-cyclic-AMP phosphodiesterase	1	GDKOHJ_14120
GDKOHJ_14115	3',5'-cyclic-AMP phosphodiesterase	1	GDKOHJ_14115
GDKOHJ_14110	DUF1249 domain-containing protein	1	GDKOHJ_14110
GDKOHJ_14060	Putative outer membrane usher protein YqiG	1	GDKOHJ_14060
GDKOHJ_14100	outer membrane channel protein TolC	1	GDKOHJ_14100
GDKOHJ_14095	DUF1190 domain-containing protein	1	GDKOHJ_14095
GDKOHJ_14090	Putative acid--amine ligase YgiC	1	GDKOHJ_14090
GDKOHJ_14085	4,5-DOPA dioxygenase extradiol	1	GDKOHJ_14085
GDKOHJ_14080	zinc transporter ZupT	1	GDKOHJ_14080
GDKOHJ_14075	3,4-dihydroxy-2-butanone 4-phosphate synthase	1	GDKOHJ_14075
GDKOHJ_14070	ubiquinone biosynthesis accessory factor UbiK	1	GDKOHJ_14070
GDKOHJ_14065	fimbrial-like protein	1	GDKOHJ_14065
GDKOHJ_14105	ADP-ribose diphosphatase	1	GDKOHJ_14105
GDKOHJ_24390	hypothetical protein	1	GDKOHJ_24390
GDKOHJ_24380	cell division inhibition protein DicB	1	GDKOHJ_24380
GDKOHJ_24375	DUF1482 domain-containing protein	1	GDKOHJ_24375
GDKOHJ_24365	Helix-turn-helix domain-containing protein	1	GDKOHJ_24365
GDKOHJ_24360	Truncated transposase	1	GDKOHJ_24360
GDKOHJ_24355	enterotoxin production-related protein TieB	1	GDKOHJ_24355
GDKOHJ_24350	TonB-dependent receptor	1	GDKOHJ_24350
GDKOHJ_24345	Colicin Js sensitivity	1	GDKOHJ_24345
GDKOHJ_24520	Phage protein	1	GDKOHJ_24520
GDKOHJ_24335	hypothetical protein	1	GDKOHJ_24335
GDKOHJ_24330	Primase C-terminal 1 domain-containing protein	1	GDKOHJ_24330
GDKOHJ_24325	Replicase	1	GDKOHJ_24325
GDKOHJ_24320	Colicin-Ia immunity protein	1	GDKOHJ_24320
GDKOHJ_24315	DUF6404 domain-containing protein	1	GDKOHJ_24315
GDKOHJ_24310	YdeA protein	1	GDKOHJ_24310
GDKOHJ_24305	YdfA protein	1	GDKOHJ_24305
GDKOHJ_24290	group II intron reverse transcriptase/maturase	1	GDKOHJ_24290
GDKOHJ_24340	Haem-binding uptake Tiki superfamily ChaN domain-containing protein	1	GDKOHJ_24340
GDKOHJ_24505	Prophage protein	1	GDKOHJ_24505
GDKOHJ_24500	Prophage protein	1	GDKOHJ_24500
GDKOHJ_24495	HNH endonuclease	1	GDKOHJ_24495
GDKOHJ_24490	Phage protein	1	GDKOHJ_24490
GDKOHJ_24485	DUF4014 domain-containing protein	1	GDKOHJ_24485
GDKOHJ_24480	Prophage protein	1	GDKOHJ_24480
GDKOHJ_24475	Prophage protein	1	GDKOHJ_24475
GDKOHJ_24470	Phage protein	1	GDKOHJ_24470
GDKOHJ_24410	hypothetical protein	1	GDKOHJ_24410
GDKOHJ_24460	Bacteriophage protein	1	GDKOHJ_24460
GDKOHJ_24455	MucB/RseB N-terminal domain-containing protein	1	GDKOHJ_24455
GDKOHJ_24450	DUF4406 domain-containing protein	1	GDKOHJ_24450
GDKOHJ_24445	DUF977 domain-containing protein	1	GDKOHJ_24445
GDKOHJ_24440	DUF1627 domain-containing protein	1	GDKOHJ_24440
GDKOHJ_24435	Replication protein	1	GDKOHJ_24435
GDKOHJ_24430	hypothetical protein	1	GDKOHJ_24430
GDKOHJ_24425	Putative phage replication protein	1	GDKOHJ_24425
GDKOHJ_24415	Phage regulatory CII	1	GDKOHJ_24415
GDKOHJ_24465	Prophage protein	1	GDKOHJ_24465
GDKOHJ_04930	RNA polymerase-binding protein DksA	1	GDKOHJ_04930
GDKOHJ_04925	DNA/RNA nuclease SfsA	1	GDKOHJ_04925
GDKOHJ_04920	RNA 2',3'-cyclic phosphodiesterase	1	GDKOHJ_04920
GDKOHJ_04915	ATP-dependent helicase HrpB	1	GDKOHJ_04915
GDKOHJ_04910	bifunctional glycosyl transferase/transpeptidase	1	GDKOHJ_04910
GDKOHJ_04905	ferrichrome porin FhuA	1	GDKOHJ_04905
GDKOHJ_04900	Fe3+-hydroxamate ABC transporter ATP-binding protein FhuC	1	GDKOHJ_04900
GDKOHJ_04895	Fe(3+)-hydroxamate ABC transporter substrate-binding protein FhuD	1	GDKOHJ_04895
GDKOHJ_17590	Uncharacterized protein YpeB	1	GDKOHJ_17590
GDKOHJ_04885	glutamate-1-semialdehyde 2,1-aminomutase	1	GDKOHJ_04885
GDKOHJ_04880	Protein YadX	1	GDKOHJ_04880
GDKOHJ_04875	H(+)/Cl(-) exchange transporter ClcA	1	GDKOHJ_04875
GDKOHJ_04870	Protein YadW	1	GDKOHJ_04870
GDKOHJ_04865	iron-sulfur cluster insertion protein ErpA	1	GDKOHJ_04865
GDKOHJ_04860	UPF0126 inner membrane protein YadS	1	GDKOHJ_04860
GDKOHJ_04855	vitamin B12 ABC transporter substrate-binding protein BtuF	1	GDKOHJ_04855
GDKOHJ_04850	5'-methylthioadenosine/S-adenosylhomocysteine nucleosidase	1	GDKOHJ_04850
GDKOHJ_04890	Fe(3+)-hydroxamate ABC transporter permease FhuB	1	GDKOHJ_04890
GDKOHJ_05020	Uncharacterized ABC transporter ATP-binding protein YadG	1	GDKOHJ_05020
GDKOHJ_05015	Inner membrane transport permease YadH	1	GDKOHJ_05015
GDKOHJ_05010	Putative phosphotransferase enzyme IIA component YadI	1	GDKOHJ_05010
GDKOHJ_05005	Uncharacterized protein YadE	1	GDKOHJ_05005
GDKOHJ_05000	aspartate 1-decarboxylase	1	GDKOHJ_05000
GDKOHJ_04995	Recombination-promoting nuclease RpnC	1	GDKOHJ_04995
GDKOHJ_04990	pantoate--beta-alanine ligase	1	GDKOHJ_04990
GDKOHJ_04985	3-methyl-2-oxobutanoate hydroxymethyltransferase	1	GDKOHJ_04985
GDKOHJ_04935	tRNA glutamyl-Q(34) synthetase GluQRS	1	GDKOHJ_04935
GDKOHJ_04975	fimbrial-like protein	1	GDKOHJ_04975
GDKOHJ_04970	fimbrial-like protein YadL	1	GDKOHJ_04970
GDKOHJ_04965	Fimbrial protein	1	GDKOHJ_04965
GDKOHJ_04960	outer membrane usher protein	1	GDKOHJ_04960
GDKOHJ_04955	fimbrial chaperone	1	GDKOHJ_04955
GDKOHJ_04950	Fimbrial protein	1	GDKOHJ_04950
GDKOHJ_04945	2-amino-4-hydroxy-6-hydroxymethyldihydropteridine diphosphokinase	1	GDKOHJ_04945
GDKOHJ_04940	polynucleotide adenylyltransferase PcnB	1	GDKOHJ_04940
GDKOHJ_04980	fimbrial-like adhesin	1	GDKOHJ_04980
GDKOHJ_01480	phosphoethanolamine transferase	1	GDKOHJ_01480
GDKOHJ_01475	manganase accumulation protein MntS	1	GDKOHJ_01475
GDKOHJ_01470	manganese-binding transcriptional regulator MntR	1	GDKOHJ_01470
GDKOHJ_01465	Inner membrane protein YbiR	1	GDKOHJ_01465
GDKOHJ_01460	L,D-transpeptidase	1	GDKOHJ_01460
GDKOHJ_01455	ABC-F family ATPase	1	GDKOHJ_01455
GDKOHJ_01450	sugar-phosphatase YbiV	1	GDKOHJ_01450
GDKOHJ_01445	putative dehydratase YbiW	1	GDKOHJ_01445
GDKOHJ_04845	dGTPase	1	GDKOHJ_04845
GDKOHJ_01435	fructose-6-phosphate aldolase	1	GDKOHJ_01435
GDKOHJ_01430	molybdopterin-synthase adenylyltransferase MoeB	1	GDKOHJ_01430
GDKOHJ_01425	molybdopterin molybdotransferase MoeA	1	GDKOHJ_01425
GDKOHJ_01420	beta-aspartyl-peptidase	1	GDKOHJ_01420
GDKOHJ_01415	glutathione ABC transporter ATP-binding protein GsiA	1	GDKOHJ_01415
GDKOHJ_01410	glutathione ABC transporter substrate-binding protein GsiB	1	GDKOHJ_01410
GDKOHJ_01405	glutathione ABC transporter permease GsiC	1	GDKOHJ_01405
GDKOHJ_01400	glutathione ABC transporter permease GsiD	1	GDKOHJ_01400
GDKOHJ_01440	Putative pyruvate formate-lyase 3-activating enzyme	1	GDKOHJ_01440
GDKOHJ_04840	serine endoprotease DegP	1	GDKOHJ_04840
GDKOHJ_01570	DNA-binding protein YbiB	1	GDKOHJ_01570
GDKOHJ_01565	hydroxycarboxylate dehydrogenase HcXB	1	GDKOHJ_01565
GDKOHJ_01560	Protein YbiE	1	GDKOHJ_01560
GDKOHJ_01550	DUF1471 domain-containing protein	1	GDKOHJ_01550
GDKOHJ_01545	C4-type zinc finger protein YbiI	1	GDKOHJ_01545
GDKOHJ_01540	PKHD-type hydroxylase YbiX	1	GDKOHJ_01540
GDKOHJ_01535	catecholate siderophore receptor Fiu	1	GDKOHJ_01535
GDKOHJ_01485	Outer membrane protein X	1	GDKOHJ_01485
GDKOHJ_01525	23S rRNA (adenine(1618)-N(6))-methyltransferase RlmF	1	GDKOHJ_01525
GDKOHJ_01520	mechanosensitive channel protein	1	GDKOHJ_01520
GDKOHJ_01515	glutamine ABC transporter ATP-binding protein GlnQ	1	GDKOHJ_01515
GDKOHJ_01510	glutamine ABC transporter permease GlnP	1	GDKOHJ_01510
GDKOHJ_01505	glutamine ABC transporter substrate-binding protein GlnH	1	GDKOHJ_01505
GDKOHJ_01500	DNA starvation/stationary phase protection protein Dps	1	GDKOHJ_01500
GDKOHJ_01495	threonine/homoserine exporter RhtA	1	GDKOHJ_01495
GDKOHJ_01490	Protein YliM	1	GDKOHJ_01490
GDKOHJ_01530	DUF1471 domain-containing protein	1	GDKOHJ_01530
GDKOHJ_05320	3-isopropylmalate dehydrogenase	1	GDKOHJ_05320
GDKOHJ_05315	2-isopropylmalate synthase	1	GDKOHJ_05315
GDKOHJ_05310	leu operon leader peptide	1	GDKOHJ_05310
GDKOHJ_05305	transcriptional regulator LeuO	1	GDKOHJ_05305
GDKOHJ_05300	acetolactate synthase 3 large subunit	1	GDKOHJ_05300
GDKOHJ_05295	acetolactate synthase small subunit	1	GDKOHJ_05295
GDKOHJ_05290	Putative fruR/shl operon leader peptide	1	GDKOHJ_05290
GDKOHJ_05285	catabolite repressor/activator	1	GDKOHJ_05285
GDKOHJ_05025	carbonate dehydratase	1	GDKOHJ_05025
GDKOHJ_05275	16S rRNA (cytosine(1402)-N(4))-methyltransferase RsmH	1	GDKOHJ_05275
GDKOHJ_05270	penicillin-binding protein PBP3 FtsI	1	GDKOHJ_05270
GDKOHJ_05265	peptidoglycan glycosyltransferase FtsI	1	GDKOHJ_05265
GDKOHJ_05260	UDP-N-acetylmuramoyl-L-alanyl-D-glutamate--2,6-diaminopimelate ligase	1	GDKOHJ_05260
GDKOHJ_05255	UDP-N-acetylmuramoyl-tripeptide--D-alanyl-D-alanine ligase	1	GDKOHJ_05255
GDKOHJ_05250	phospho-N-acetylmuramoyl-pentapeptide-transferase	1	GDKOHJ_05250
GDKOHJ_05245	UDP-N-acetylmuramoyl-L-alanine--D-glutamate ligase	1	GDKOHJ_05245
GDKOHJ_05240	cell division protein FtsW	1	GDKOHJ_05240
GDKOHJ_05280	division/cell wall cluster transcriptional repressor MraZ	1	GDKOHJ_05280
GDKOHJ_10360	6-phospho-beta-glucosidase BglB	1	GDKOHJ_10360
GDKOHJ_10355	PTS beta-glucoside transporter subunit IIABC	1	GDKOHJ_10355
GDKOHJ_10350	transcriptional antiterminator BglG	1	GDKOHJ_10350
GDKOHJ_10345	BglC protein	1	GDKOHJ_10345
GDKOHJ_10340	phosphate signaling complex protein PhoU	1	GDKOHJ_10340
GDKOHJ_10335	phosphate ABC transporter ATP-binding protein PstB	1	GDKOHJ_10335
GDKOHJ_10330	phosphate ABC transporter permease PstA	1	GDKOHJ_10330
GDKOHJ_10325	phosphate ABC transporter permease PstC	1	GDKOHJ_10325
GDKOHJ_05325	3-isopropylmalate dehydratase large subunit	1	GDKOHJ_05325
GDKOHJ_10315	glutamine--fructose-6-phosphate transaminase (isomerizing)	1	GDKOHJ_10315
GDKOHJ_10310	bifunctional UDP-N-acetylglucosamine diphosphorylase/glucosamine-1-phosphate N-acetyltransferase GlmU	1	GDKOHJ_10310
GDKOHJ_10300	F0F1 ATP synthase subunit epsilon	1	GDKOHJ_10300
GDKOHJ_05355	thiamine/thiamine pyrophosphate ABC transporter permease ThiP	1	GDKOHJ_05355
GDKOHJ_05350	thiamine ABC transporter substrate binding subunit	1	GDKOHJ_05350
GDKOHJ_05345	DNA-binding transcriptional regulator SgrR	1	GDKOHJ_05345
GDKOHJ_05340	Glucose uptake inhibitor SgrT	1	GDKOHJ_05340
GDKOHJ_05330	3-isopropylmalate dehydratase small subunit	1	GDKOHJ_05330
GDKOHJ_10320	phosphate ABC transporter substrate-binding protein PstS	1	GDKOHJ_10320
GDKOHJ_05125	beta-lactamase regulator AmpE	1	GDKOHJ_05125
GDKOHJ_05120	aromatic amino acid transporter AroP	1	GDKOHJ_05120
GDKOHJ_05115	Colicin	1	GDKOHJ_05115
GDKOHJ_05105	Bacteriocin immunity protein	1	GDKOHJ_05105
GDKOHJ_05095	pyruvate dehydrogenase complex transcriptional repressor PdhR	1	GDKOHJ_05095
GDKOHJ_05085	pyruvate dehydrogenase (acetyl-transferring), homodimeric type	1	GDKOHJ_05085
GDKOHJ_05080	pyruvate dehydrogenase complex dihydrolipoyllysine-residue acetyltransferase	1	GDKOHJ_05080
GDKOHJ_05075	dihydrolipoyl dehydrogenase	1	GDKOHJ_05075
GDKOHJ_05235	undecaprenyldiphospho-muramoylpentapeptide beta-N-acetylglucosaminyltransferase	1	GDKOHJ_05235
GDKOHJ_05065	bifunctional aconitate hydratase 2/2-methylisocitrate dehydratase	1	GDKOHJ_05065
GDKOHJ_05060	protein YacL	1	GDKOHJ_05060
GDKOHJ_05055	adenosylmethionine decarboxylase	1	GDKOHJ_05055
GDKOHJ_05050	polyamine aminopropyltransferase	1	GDKOHJ_05050
GDKOHJ_05045	YacC family pilotin-like protein	1	GDKOHJ_05045
GDKOHJ_05040	multicopper oxidase CueO	1	GDKOHJ_05040
GDKOHJ_05035	quinoprotein glucose dehydrogenase	1	GDKOHJ_05035
GDKOHJ_05030	hypoxanthine phosphoribosyltransferase	1	GDKOHJ_05030
GDKOHJ_05070	DUF3300 domain-containing protein	1	GDKOHJ_05070
GDKOHJ_05230	UDP-N-acetylmuramate--L-alanine ligase	1	GDKOHJ_05230
GDKOHJ_05225	D-alanine--D-alanine ligase	1	GDKOHJ_05225
GDKOHJ_05220	cell division protein FtsQ	1	GDKOHJ_05220
GDKOHJ_05215	cell division protein FtsA	1	GDKOHJ_05215
GDKOHJ_05205	cell division protein FtsZ	1	GDKOHJ_05205
GDKOHJ_05200	UDP-3-O-acyl-N-acetylglucosamine deacetylase	1	GDKOHJ_05200
GDKOHJ_05195	secA translation cis-regulator SecM	1	GDKOHJ_05195
GDKOHJ_05190	preprotein translocase subunit SecA	1	GDKOHJ_05190
GDKOHJ_05130	1,6-anhydro-N-acetylmuramyl-L-alanine amidase AmpD	1	GDKOHJ_05130
GDKOHJ_05175	DNA gyrase inhibitor YacG	1	GDKOHJ_05175
GDKOHJ_05170	cell division protein ZapD	1	GDKOHJ_05170
GDKOHJ_13875	Inner membrane transporter YgjI	1	GDKOHJ_13875
GDKOHJ_05160	Protein YacM	1	GDKOHJ_05160
GDKOHJ_05155	GMP reductase	1	GDKOHJ_05155
GDKOHJ_05150	protein transport protein HofC	1	GDKOHJ_05150
GDKOHJ_05145	type II secretion system protein GspE	1	GDKOHJ_05145
GDKOHJ_05140	prepilin peptidase-dependent pilin	1	GDKOHJ_05140
GDKOHJ_05135	carboxylating nicotinate-nucleotide diphosphorylase	1	GDKOHJ_05135
GDKOHJ_05180	8-oxo-dGTP diphosphatase MutT	1	GDKOHJ_05180
GDKOHJ_19700	propanediol utilization microcompartment protein PduB	1	GDKOHJ_19700
GDKOHJ_19695	propanediol dehydratase large subunit PduC	1	GDKOHJ_19695
GDKOHJ_19690	Propanediol dehydratase medium subunit PduD	1	GDKOHJ_19690
GDKOHJ_19685	propanediol dehydratase small subunit PduE	1	GDKOHJ_19685
GDKOHJ_19680	DD-reactivating factor swiveling domain-containing protein	1	GDKOHJ_19680
GDKOHJ_19675	propanediol utilization microcompartment protein PduJ	1	GDKOHJ_19675
GDKOHJ_19670	BMC domain-containing protein	1	GDKOHJ_19670
GDKOHJ_19665	Phosphate propanoyltransferase	1	GDKOHJ_19665
GDKOHJ_01395	putative cyclic di-GMP phosphodiesterase PdeI	1	GDKOHJ_01395
GDKOHJ_19655	propanediol utilization microcompartment protein PduN	1	GDKOHJ_19655
GDKOHJ_19650	two-domain cob(I)yrinic acid a,c-diamide adenosyltransferase PduO	1	GDKOHJ_19650
GDKOHJ_19645	CoA-acylating propionaldehyde dehydrogenase PduP	1	GDKOHJ_19645
GDKOHJ_19640	Alcohol dehydrogenase iron-type/glycerol dehydrogenase GldA domain-containing protein	1	GDKOHJ_19640
GDKOHJ_19635	4Fe-4S ferredoxin-type domain-containing protein	1	GDKOHJ_19635
GDKOHJ_19630	propanediol utilization microcompartment protein PduT	1	GDKOHJ_19630
GDKOHJ_19625	propanediol utilization microcompartment protein PduU	1	GDKOHJ_19625
GDKOHJ_19620	EutP/PduV family microcompartment system protein	1	GDKOHJ_19620
GDKOHJ_19660	microcompartment protein PduM	1	GDKOHJ_19660
GDKOHJ_19795	ribulose-phosphate 3-epimerase	1	GDKOHJ_19795
GDKOHJ_19790	PTS system, galactitol-specific IIC component	1	GDKOHJ_19790
GDKOHJ_19785	PTS galactitol transporter subunit IIB	1	GDKOHJ_19785
GDKOHJ_19780	PTS galactitol transporter subunit IIA	1	GDKOHJ_19780
GDKOHJ_19775	DeoR family transcriptional regulator	1	GDKOHJ_19775
GDKOHJ_19770	RpiB/LacA/LacB family sugar-phosphate isomerase	1	GDKOHJ_19770
GDKOHJ_19765	Phosphotransferase system, galactitol-specific IIC component	1	GDKOHJ_19765
GDKOHJ_19760	PTS galactitol transporter subunit IIB	1	GDKOHJ_19760
GDKOHJ_19705	propanediol utilization microcompartment protein PduA	1	GDKOHJ_19705
GDKOHJ_19750	Sugar-binding domain-containing protein	1	GDKOHJ_19750
GDKOHJ_19745	L,D-transpeptidase	1	GDKOHJ_19745
GDKOHJ_19740	nicotinate-nucleotide--dimethylbenzimidazole phosphoribosyltransferase	1	GDKOHJ_19740
GDKOHJ_19735	adenosylcobinamide-GDP ribazoletransferase	1	GDKOHJ_19735
GDKOHJ_19730	bifunctional adenosylcobinamide kinase/adenosylcobinamide-phosphate guanylyltransferase	1	GDKOHJ_19730
GDKOHJ_19725	Cobalamin biosynthesis protein	1	GDKOHJ_19725
GDKOHJ_19720	regulatory protein PocR	1	GDKOHJ_19720
GDKOHJ_19710	propanediol diffusion facilitator PduF	1	GDKOHJ_19710
GDKOHJ_19755	PTS galactitol transporter subunit IIA	1	GDKOHJ_19755
GDKOHJ_17705	Fructose-like permease IIC component	1	GDKOHJ_17705
GDKOHJ_17700	PTS system fructose-like EIIB component 1	1	GDKOHJ_17700
GDKOHJ_17695	glucokinase	1	GDKOHJ_17695
GDKOHJ_17690	ion channel protein	1	GDKOHJ_17690
GDKOHJ_17685	Uncharacterized protein YpeC	1	GDKOHJ_17685
GDKOHJ_17680	Mn(2+) uptake NRAMP transporter MntH	1	GDKOHJ_17680
GDKOHJ_17675	nucleoside permease NupC	1	GDKOHJ_17675
GDKOHJ_17670	putative cyclic di-GMP phosphodiesterase PdeA	1	GDKOHJ_17670
GDKOHJ_19615	DUF496 domain-containing protein	1	GDKOHJ_19615
GDKOHJ_17650	Uncharacterized protein YfeD	1	GDKOHJ_17650
GDKOHJ_17645	glutamate--tRNA ligase	1	GDKOHJ_17645
GDKOHJ_17620	DNA-binding transcriptional regulator XapR	1	GDKOHJ_17620
GDKOHJ_17615	xanthosine/proton symporter XapB	1	GDKOHJ_17615
GDKOHJ_17610	xanthosine phosphorylase	1	GDKOHJ_17610
GDKOHJ_17605	Uncharacterized protein YfeN	1	GDKOHJ_17605
GDKOHJ_17600	Uncharacterized HTH-type transcriptional regulator YfeR	1	GDKOHJ_17600
GDKOHJ_17595	Putative symporter YfeH	1	GDKOHJ_17595
GDKOHJ_17655	Uncharacterized protein YfeC	1	GDKOHJ_17655
GDKOHJ_19610	Protein YoeJ	1	GDKOHJ_19610
GDKOHJ_19605	Inner membrane protein YeeA	1	GDKOHJ_19605
GDKOHJ_19600	DNA gyrase inhibitor	1	GDKOHJ_19600
GDKOHJ_19595	serine-type D-Ala-D-Ala carboxypeptidase DacD	1	GDKOHJ_19595
GDKOHJ_19590	exodeoxyribonuclease I	1	GDKOHJ_19590
GDKOHJ_19585	putrescine/proton symporter PlaP	1	GDKOHJ_19585
GDKOHJ_19580	Uncharacterized protein YoeI	1	GDKOHJ_19580
GDKOHJ_19570	Uncharacterized HTH-type transcriptional regulator YeeY	1	GDKOHJ_19570
GDKOHJ_17710	aminopeptidase	1	GDKOHJ_17710
GDKOHJ_19560	type II toxin-antitoxin system mRNA interferase toxin YoeB	1	GDKOHJ_19560
GDKOHJ_19555	YoeB-YefM toxin-antitoxin system antitoxin YefM	1	GDKOHJ_19555
GDKOHJ_19550	his operon leader peptide	1	GDKOHJ_19550
GDKOHJ_17740	alanine transaminase	1	GDKOHJ_17740
GDKOHJ_17735	two-component system sensor histidine kinase YpdA	1	GDKOHJ_17735
GDKOHJ_17730	two-component system response regulator YpdB	1	GDKOHJ_17730
GDKOHJ_17725	Uncharacterized HTH-type transcriptional regulator YpdC	1	GDKOHJ_17725
GDKOHJ_17720	aminopeptidase	1	GDKOHJ_17720
GDKOHJ_17715	aminopeptidase	1	GDKOHJ_17715
GDKOHJ_19565	Protein YeeZ	1	GDKOHJ_19565
GDKOHJ_01295	30S ribosomal protein S6--L-glutamate ligase	1	GDKOHJ_01295
GDKOHJ_01290	Uncharacterized protein YbjN	1	GDKOHJ_01290
GDKOHJ_01285	spermidine/putrescine ABC transporter substrate-binding protein PotF	1	GDKOHJ_01285
GDKOHJ_01280	putrescine ABC transporter ATP-binding subunit PotG	1	GDKOHJ_01280
GDKOHJ_01275	putrescine ABC transporter permease PotH	1	GDKOHJ_01275
GDKOHJ_01270	putrescine ABC transporter permease PotI	1	GDKOHJ_01270
GDKOHJ_01265	Inner membrane protein YbjO	1	GDKOHJ_01265
GDKOHJ_01260	23S rRNA (uracil(747)-C(5))-methyltransferase RlmC	1	GDKOHJ_01260
GDKOHJ_19800	3-oxoacyl-ACP reductase	1	GDKOHJ_19800
GDKOHJ_01250	arginine ABC transporter permease ArtM	1	GDKOHJ_01250
GDKOHJ_01245	arginine ABC transporter permease ArtQ	1	GDKOHJ_01245
GDKOHJ_01240	arginine ABC transporter substrate-binding protein ArtI	1	GDKOHJ_01240
GDKOHJ_01235	arginine ABC transporter ATP-binding protein ArtP	1	GDKOHJ_01235
GDKOHJ_01230	lipoprotein	1	GDKOHJ_01230
GDKOHJ_01225	UPF0145 protein YbjQ	1	GDKOHJ_01225
GDKOHJ_01220	N-acetylmuramoyl-L-alanine amidase AmiD	1	GDKOHJ_01220
GDKOHJ_01215	Uncharacterized protein YbjS	1	GDKOHJ_01215
GDKOHJ_01255	ABC transporter substrate-binding protein ArtJ	1	GDKOHJ_01255
GDKOHJ_01390	putative diguanylate cyclase DgcI	1	GDKOHJ_01390
GDKOHJ_01385	30S ribosomal protein S12 methylthiotransferase RimO	1	GDKOHJ_01385
GDKOHJ_01380	biofilm formation regulator BssR	1	GDKOHJ_01380
GDKOHJ_01375	aldose sugar dehydrogenase YliI	1	GDKOHJ_01375
GDKOHJ_01370	glutathione S-transferase GstB	1	GDKOHJ_01370
GDKOHJ_01365	serine-type D-Ala-D-Ala carboxypeptidase	1	GDKOHJ_01365
GDKOHJ_01360	DNA-binding transcriptional repressor DeoR	1	GDKOHJ_01360
GDKOHJ_01355	undecaprenyl-diphosphate phosphatase	1	GDKOHJ_01355
GDKOHJ_01300	nitroreductase NfsA	1	GDKOHJ_01300
GDKOHJ_01345	Uncharacterized protein YbjH	1	GDKOHJ_01345
GDKOHJ_01340	5-amino-6-(5-phospho-D-ribitylamino)uracil phosphatase	1	GDKOHJ_01340
GDKOHJ_01335	Inner membrane protein YbjJ	1	GDKOHJ_01335
GDKOHJ_01330	DNA-binding transcriptional regulator RcdA	1	GDKOHJ_01330
GDKOHJ_01320	aspartate:alanine antiporter	1	GDKOHJ_01320
GDKOHJ_01315	Inner membrane protein YbjM	1	GDKOHJ_01315
GDKOHJ_01310	glutaredoxin 1	1	GDKOHJ_01310
GDKOHJ_01305	Uncharacterized protein YbjC	1	GDKOHJ_01305
GDKOHJ_01350	multidrug efflux MFS transporter MdfA	1	GDKOHJ_01350
GDKOHJ_01105	leucine-responsive transcriptional regulator Lrp	1	GDKOHJ_01105
GDKOHJ_01100	DNA translocase FtsK	1	GDKOHJ_01100
GDKOHJ_01095	outer membrane lipoprotein chaperone LolA	1	GDKOHJ_01095
GDKOHJ_01090	replication-associated recombination protein RarA	1	GDKOHJ_01090
GDKOHJ_01085	serine--tRNA ligase	1	GDKOHJ_01085
GDKOHJ_01075	dimethylsulfoxide reductase subunit A	1	GDKOHJ_01075
GDKOHJ_01065	dimethyl sulfoxide reductase anchor subunit DmsC	1	GDKOHJ_01065
GDKOHJ_01060	isochorismate family cysteine hydrolase YcaC	1	GDKOHJ_01060
GDKOHJ_01210	Putative NAD(P)-binding protein YbjT	1	GDKOHJ_01210
GDKOHJ_19855	ADP-heptose:LPS heptosyltransferase	1	GDKOHJ_19855
GDKOHJ_19850	shikimate transporter	1	GDKOHJ_19850
GDKOHJ_19845	AMP nucleosidase	1	GDKOHJ_19845
GDKOHJ_19840	putative transcriptional regulatory protein YeeN	1	GDKOHJ_19840
GDKOHJ_19830	toxic metabolite efflux MATE transporter YeeO	1	GDKOHJ_19830
GDKOHJ_19820	HTH-type transcriptional regulator Cbl	1	GDKOHJ_19820
GDKOHJ_19815	nitrogen assimilation transcriptional regulator NAC	1	GDKOHJ_19815
GDKOHJ_19805	SIS domain-containing protein	1	GDKOHJ_19805
GDKOHJ_01055	MFS transporter	1	GDKOHJ_01055
GDKOHJ_01205	low-specificity L-threonine aldolase	1	GDKOHJ_01205
GDKOHJ_01200	ubiquinone-dependent pyruvate dehydrogenase	1	GDKOHJ_01200
GDKOHJ_01195	NADH oxidoreductase	1	GDKOHJ_01195
GDKOHJ_01190	hydroxylamine reductase	1	GDKOHJ_01190
GDKOHJ_01185	L-lysine exporter LysO	1	GDKOHJ_01185
GDKOHJ_01180	aquaporin Z	1	GDKOHJ_01180
GDKOHJ_01175	Uncharacterized protein YbjD	1	GDKOHJ_01175
GDKOHJ_01170	Uncharacterized protein YbjX	1	GDKOHJ_01170
GDKOHJ_01110	thioredoxin-disulfide reductase	1	GDKOHJ_01110
GDKOHJ_01160	macrolide ABC transporter ATP-binding protein/permease MacB	1	GDKOHJ_01160
GDKOHJ_01155	cold shock-like protein CspD	1	GDKOHJ_01155
GDKOHJ_01150	Protein YljB	1	GDKOHJ_01150
GDKOHJ_01145	ATP-dependent Clp protease adapter ClpS	1	GDKOHJ_01145
GDKOHJ_01140	ATP-dependent Clp protease ATP-binding subunit ClpA	1	GDKOHJ_01140
GDKOHJ_01130	translation initiation factor IF-1	1	GDKOHJ_01130
GDKOHJ_01125	leucyl/phenylalanyl-tRNA--protein transferase	1	GDKOHJ_01125
GDKOHJ_01120	cysteine/glutathione ABC transporter ATP-binding protein/permease CydC	1	GDKOHJ_01120
GDKOHJ_01115	cysteine/glutathione ABC transporter permease/ATP-binding protein CydD	1	GDKOHJ_01115
GDKOHJ_01165	macrolide transporter subunit MacA	1	GDKOHJ_01165
GDKOHJ_08210	diacylglycerol kinase	1	GDKOHJ_08210
GDKOHJ_08205	transcriptional repressor LexA	1	GDKOHJ_08205
GDKOHJ_08200	MATE family efflux transporter DinF	1	GDKOHJ_08200
GDKOHJ_08195	UPF0337 protein YjbJ	1	GDKOHJ_08195
GDKOHJ_08190	zinc uptake transcriptional repressor Zur	1	GDKOHJ_08190
GDKOHJ_08185	tRNA dihydrouridine(20/20a) synthase DusA	1	GDKOHJ_08185
GDKOHJ_08180	envelope stress response protein PspG	1	GDKOHJ_08180
GDKOHJ_08175	Quinone oxidoreductase 1	1	GDKOHJ_08175
GDKOHJ_00110	thiamine kinase	1	GDKOHJ_00110
GDKOHJ_08165	alanine racemase	1	GDKOHJ_08165
GDKOHJ_08160	aromatic amino acid transaminase	1	GDKOHJ_08160
GDKOHJ_08155	2-oxoglutarate dehydrogenase E1 component	1	GDKOHJ_08155
GDKOHJ_08150	2-oxoglutarate dehydrogenase complex dihydrolipoyllysine-residue succinyltransferase	1	GDKOHJ_08150
GDKOHJ_08145	dihydrolipoyl dehydrogenase	1	GDKOHJ_08145
GDKOHJ_08140	ADP-forming succinate--CoA ligase subunit beta	1	GDKOHJ_08140
GDKOHJ_08135	succinate--CoA ligase subunit alpha	1	GDKOHJ_08135
GDKOHJ_08130	DASS family sodium-coupled anion symporter	1	GDKOHJ_08130
GDKOHJ_08170	replicative DNA helicase	1	GDKOHJ_08170
GDKOHJ_08325	Uncharacterized protein YjbD	1	GDKOHJ_08325
GDKOHJ_08320	lysine-sensitive aspartokinase 3	1	GDKOHJ_08320
GDKOHJ_08315	glucose-6-phosphate isomerase	1	GDKOHJ_08315
GDKOHJ_08300	Uncharacterized protein YjbE	1	GDKOHJ_08300
GDKOHJ_08295	Uncharacterized lipoprotein YjbF	1	GDKOHJ_08295
GDKOHJ_08290	Uncharacterized protein YjbG	1	GDKOHJ_08290
GDKOHJ_08285	Putative lipoprotein	1	GDKOHJ_08285
GDKOHJ_08280	hypothetical protein	1	GDKOHJ_08280
GDKOHJ_08215	glycerol-3-phosphate 1-O-acyltransferase PlsB	1	GDKOHJ_08215
GDKOHJ_08270	maltose ABC transporter permease MalG	1	GDKOHJ_08270
GDKOHJ_08265	maltose ABC transporter permease MalF	1	GDKOHJ_08265
GDKOHJ_08260	maltose/maltodextrin ABC transporter substrate-binding protein MalE	1	GDKOHJ_08260
GDKOHJ_08255	maltose/maltodextrin ABC transporter ATP-binding protein MalK	1	GDKOHJ_08255
GDKOHJ_08250	maltoporin LamB	1	GDKOHJ_08250
GDKOHJ_08230	maltose operon protein MalM	1	GDKOHJ_08230
GDKOHJ_08225	chorismate lyase	1	GDKOHJ_08225
GDKOHJ_08220	4-hydroxybenzoate octaprenyltransferase	1	GDKOHJ_08220
GDKOHJ_08275	phosphate-starvation-inducible protein PsiE	1	GDKOHJ_08275
GDKOHJ_20895	DNA polymerase III subunit theta	1	GDKOHJ_20895
GDKOHJ_20890	Uncharacterized protein YobB	1	GDKOHJ_20890
GDKOHJ_20885	exodeoxyribonuclease X	1	GDKOHJ_20885
GDKOHJ_20880	oligopeptidase B	1	GDKOHJ_20880
GDKOHJ_20875	Inner membrane protein YebE	1	GDKOHJ_20875
GDKOHJ_20870	hypothetical protein	1	GDKOHJ_20870
GDKOHJ_20865	protein YebF	1	GDKOHJ_20865
GDKOHJ_20860	DNA damage-inducible protein YebG	1	GDKOHJ_20860
GDKOHJ_08125	Lactate dehydrogenase	1	GDKOHJ_08125
GDKOHJ_20850	bifunctional 4-hydroxy-2-oxoglutarate aldolase/2-dehydro-3-deoxy-phosphogluconate aldolase	1	GDKOHJ_20850
GDKOHJ_20845	phosphogluconate dehydratase	1	GDKOHJ_20845
GDKOHJ_20840	glucose-6-phosphate dehydrogenase	1	GDKOHJ_20840
GDKOHJ_20835	hypothetical protein	1	GDKOHJ_20835
GDKOHJ_20830	DNA-binding transcriptional regulator HexR	1	GDKOHJ_20830
GDKOHJ_20825	pyruvate kinase	1	GDKOHJ_20825
GDKOHJ_20820	lauroyl-Kdo(2)-lipid IV(A) myristoyltransferase	1	GDKOHJ_20820
GDKOHJ_20815	murein DD-endopeptidase MepM	1	GDKOHJ_20815
GDKOHJ_20855	formate-dependent phosphoribosylglycinamide formyltransferase	1	GDKOHJ_20855
GDKOHJ_08120	Response regulator	1	GDKOHJ_08120
GDKOHJ_08115	histidine kinase	1	GDKOHJ_08115
GDKOHJ_08110	acid phosphatase AphA	1	GDKOHJ_08110
GDKOHJ_08105	UPF0047 protein YjbQ	1	GDKOHJ_08105
GDKOHJ_08100	Uncharacterized protein YjbR	1	GDKOHJ_08100
GDKOHJ_08090	excinuclease ABC subunit UvrA	1	GDKOHJ_08090
GDKOHJ_08085	single-stranded DNA-binding protein SSB1	1	GDKOHJ_08085
GDKOHJ_08080	Inner membrane protein	1	GDKOHJ_08080
GDKOHJ_20900	CopC domain-containing protein YobA	1	GDKOHJ_20900
GDKOHJ_08070	regulatory protein SoxS	1	GDKOHJ_08070
GDKOHJ_08065	redox-sensitive transcriptional activator SoxR	1	GDKOHJ_08065
GDKOHJ_08055	guanine/hypoxanthine transporter GhxP	1	GDKOHJ_08055
GDKOHJ_08050	Na+/H+ antiporter	1	GDKOHJ_08050
GDKOHJ_08045	DNA-binding transcriptional regulator, LysR family	1	GDKOHJ_08045
GDKOHJ_08040	Holin-like protein CidA	1	GDKOHJ_08040
GDKOHJ_08035	Putative effector of murein hydrolase	1	GDKOHJ_08035
GDKOHJ_08030	cation/acetate symporter ActP	1	GDKOHJ_08030
GDKOHJ_20905	copper homeostasis membrane protein CopD	1	GDKOHJ_20905
GDKOHJ_08075	c-di-GMP phosphodiesterase PdeC	1	GDKOHJ_08075
GDKOHJ_18825	deoxyribonuclease IV	1	GDKOHJ_18825
GDKOHJ_18820	sugar kinase	1	GDKOHJ_18820
GDKOHJ_18815	ribosylpyrimidine nucleosidase	1	GDKOHJ_18815
GDKOHJ_18810	Regulatory protein YeiL	1	GDKOHJ_18810
GDKOHJ_18805	Putative pseudouridine transporter	1	GDKOHJ_18805
GDKOHJ_18800	pseudouridine-5'-phosphate glycosidase	1	GDKOHJ_18800
GDKOHJ_18795	pseudouridine kinase	1	GDKOHJ_18795
GDKOHJ_18790	PTS fructose transporter subunit IIBC	1	GDKOHJ_18790
GDKOHJ_08330	23S rRNA pseudouridine(2604) synthase RluF	1	GDKOHJ_08330
GDKOHJ_08585	transcription termination/antitermination protein NusG	1	GDKOHJ_08585
GDKOHJ_08580	50S ribosomal protein L11	1	GDKOHJ_08580
GDKOHJ_08575	50S ribosomal protein L1	1	GDKOHJ_08575
GDKOHJ_08570	50S ribosomal protein L10	1	GDKOHJ_08570
GDKOHJ_08565	50S ribosomal protein L7/L12	1	GDKOHJ_08565
GDKOHJ_08555	DNA-directed RNA polymerase subunit beta RpoB	1	GDKOHJ_08555
GDKOHJ_08550	DNA-directed RNA polymerase subunit beta'	1	GDKOHJ_08550
GDKOHJ_08545	2-iminoacetate synthase ThiH	1	GDKOHJ_08545
GDKOHJ_08590	preprotein translocase subunit SecE	1	GDKOHJ_08590
GDKOHJ_18925	tRNA dihydrouridine(16) synthase DusC	1	GDKOHJ_18925
GDKOHJ_18920	UPF0299 membrane protein YohJ	1	GDKOHJ_18920
GDKOHJ_18915	CidB/LrgB family autolysis modulator	1	GDKOHJ_18915
GDKOHJ_18910	cytidine deaminase	1	GDKOHJ_18910
GDKOHJ_18905	outer membrane permeability protein SanA	1	GDKOHJ_18905
GDKOHJ_18900	Uncharacterized protein YeiS	1	GDKOHJ_18900
GDKOHJ_18895	NAD-dependent dihydropyrimidine dehydrogenase subunit PreT	1	GDKOHJ_18895
GDKOHJ_18890	NAD-dependent dihydropyrimidine dehydrogenase subunit PreA	1	GDKOHJ_18890
GDKOHJ_18830	UPF0324 inner membrane protein YeiH	1	GDKOHJ_18830
GDKOHJ_18875	galactose/methyl galactoside ABC transporter ATP-binding protein MglA	1	GDKOHJ_18875
GDKOHJ_18870	galactose/glucose ABC transporter substrate-binding protein MglB	1	GDKOHJ_18870
GDKOHJ_18865	HTH-type transcriptional regulator GalS	1	GDKOHJ_18865
GDKOHJ_18860	DUF418 domain-containing protein	1	GDKOHJ_18860
GDKOHJ_18855	GTP cyclohydrolase I FolE	1	GDKOHJ_18855
GDKOHJ_18850	S-formylglutathione hydrolase	1	GDKOHJ_18850
GDKOHJ_18845	catecholate siderophore receptor CirA	1	GDKOHJ_18845
GDKOHJ_18840	lysine-specific permease	1	GDKOHJ_18840
GDKOHJ_18835	DNA-binding transcriptional regulator YeiE	1	GDKOHJ_18835
GDKOHJ_18880	galactose/methyl galactoside ABC transporter permease MglC	1	GDKOHJ_18880
GDKOHJ_08415	homoserine O-succinyltransferase	1	GDKOHJ_08415
GDKOHJ_08410	malate synthase A	1	GDKOHJ_08410
GDKOHJ_08405	isocitrate lyase	1	GDKOHJ_08405
GDKOHJ_08400	bifunctional isocitrate dehydrogenase kinase/phosphatase	1	GDKOHJ_08400
GDKOHJ_08395	glyoxylate bypass operon transcriptional repressor IclR	1	GDKOHJ_08395
GDKOHJ_08390	methionine synthase	1	GDKOHJ_08390
GDKOHJ_08385	hypothetical protein	1	GDKOHJ_08385
GDKOHJ_08380	Inner membrane protein	1	GDKOHJ_08380
GDKOHJ_08540	thiazole synthase	1	GDKOHJ_08540
GDKOHJ_08370	dipeptidase PepE	1	GDKOHJ_08370
GDKOHJ_08365	L-sorbose 1-phosphate reductase	1	GDKOHJ_08365
GDKOHJ_08360	PTS system sorbose-specific EIID component	1	GDKOHJ_08360
GDKOHJ_08355	PTS system sorbose-specific EIIC component	1	GDKOHJ_08355
GDKOHJ_08350	Phosphotransferase system, mannose/fructose/N-acetylgalactosamine-specific component IIB	1	GDKOHJ_08350
GDKOHJ_08345	Phosphotransferase system, mannose/fructose-specific component IIA	1	GDKOHJ_08345
GDKOHJ_08340	NAD(P)-dependent dehydrogenase, short-chain alcohol dehydrogenase family	1	GDKOHJ_08340
GDKOHJ_08335	DNA-binding transcriptional regulator LsrR, DeoR family	1	GDKOHJ_08335
GDKOHJ_08375	Uncharacterized protein YjbB	1	GDKOHJ_08375
GDKOHJ_08535	sulfur carrier protein ThiS	1	GDKOHJ_08535
GDKOHJ_08530	thiazole biosynthesis adenylyltransferase ThiF	1	GDKOHJ_08530
GDKOHJ_08525	thiamine phosphate synthase	1	GDKOHJ_08525
GDKOHJ_08520	phosphomethylpyrimidine synthase ThiC	1	GDKOHJ_08520
GDKOHJ_08515	sigma D regulator	1	GDKOHJ_08515
GDKOHJ_08510	NAD(+) diphosphatase	1	GDKOHJ_08510
GDKOHJ_08505	uroporphyrinogen decarboxylase	1	GDKOHJ_08505
GDKOHJ_08500	deoxyribonuclease V	1	GDKOHJ_08500
GDKOHJ_08420	acetyltransferase	1	GDKOHJ_08420
GDKOHJ_08490	nucleoid-associated protein HU-alpha	1	GDKOHJ_08490
GDKOHJ_08485	Uncharacterized protein YjaH	1	GDKOHJ_08485
GDKOHJ_08480	zinc resistance sensor/chaperone ZraP	1	GDKOHJ_08480
GDKOHJ_08475	Zinc resistance-associated protein	1	GDKOHJ_08475
GDKOHJ_08470	two-component system sensor histidine kinase ZraS	1	GDKOHJ_08470
GDKOHJ_08465	sigma-54-dependent response regulator transcription factor ZraR	1	GDKOHJ_08465
GDKOHJ_08460	Phosphoribosylamine--glycine ligase	1	GDKOHJ_08460
GDKOHJ_08455	bifunctional phosphoribosylaminoimidazolecarboxamide formyltransferase/IMP cyclohydrolase	1	GDKOHJ_08455
GDKOHJ_08425	Conserved stress-induced protein	1	GDKOHJ_08425
GDKOHJ_08495	DUF416 domain-containing protein	1	GDKOHJ_08495
GDKOHJ_20295	Flagellar hook-length control protein	1	GDKOHJ_20295
GDKOHJ_20290	flagellar basal body-associated protein FliL	1	GDKOHJ_20290
GDKOHJ_20285	flagellar motor switch protein FliM	1	GDKOHJ_20285
GDKOHJ_20280	Flagellar motor switch protein FliN	1	GDKOHJ_20280
GDKOHJ_20275	flagellar biosynthetic protein FliO	1	GDKOHJ_20275
GDKOHJ_20270	flagellar type III secretion system pore protein FliP	1	GDKOHJ_20270
GDKOHJ_20265	flagellar biosynthesis protein FliQ	1	GDKOHJ_20265
GDKOHJ_20260	flagellar biosynthetic protein FliR	1	GDKOHJ_20260
GDKOHJ_20810	zinc ABC transporter substrate-binding protein ZnuA	1	GDKOHJ_20810
GDKOHJ_20250	protein DsrB	1	GDKOHJ_20250
GDKOHJ_20245	YodD family peroxide/acid resistance protein	1	GDKOHJ_20245
GDKOHJ_20235	mannosyl-3-phosphoglycerate phosphatase-related protein	1	GDKOHJ_20235
GDKOHJ_20230	cellulose biosynthesis regulator diguanylate cyclase DgcQ	1	GDKOHJ_20230
GDKOHJ_20225	DUF2158 domain-containing protein	1	GDKOHJ_20225
GDKOHJ_20220	Inner membrane protein YedI	1	GDKOHJ_20220
GDKOHJ_20215	drug/metabolite exporter YedA	1	GDKOHJ_20215
GDKOHJ_20210	VSPR family DNA mismatch endonuclease	1	GDKOHJ_20210
GDKOHJ_20255	transcriptional regulator RcsA	1	GDKOHJ_20255
GDKOHJ_20395	DNA-directed RNA polymerase specialized sigma subunit	1	GDKOHJ_20395
GDKOHJ_20390	Flagellin	1	GDKOHJ_20390
GDKOHJ_20385	flagellar filament capping protein FliD	1	GDKOHJ_20385
GDKOHJ_20380	flagellar export chaperone FliS	1	GDKOHJ_20380
GDKOHJ_20375	flagella biosynthesis regulatory protein FliT	1	GDKOHJ_20375
GDKOHJ_20370	alpha-amylase	1	GDKOHJ_20370
GDKOHJ_20365	lipoprotein YedD	1	GDKOHJ_20365
GDKOHJ_20360	selenium metabolism membrane protein YedE/FdhT	1	GDKOHJ_20360
GDKOHJ_20300	flagellar export protein FliJ	1	GDKOHJ_20300
GDKOHJ_20350	Abasic site processing protein YedK	1	GDKOHJ_20350
GDKOHJ_20340	Uncharacterized HTH-type transcriptional regulator YbcM	1	GDKOHJ_20340
GDKOHJ_20335	Raf kinase inhibitor-like protein YbcL	1	GDKOHJ_20335
GDKOHJ_20330	multidrug efflux SMR transporter EmrE	1	GDKOHJ_20330
GDKOHJ_20325	flagellar hook-basal body complex protein FliE	1	GDKOHJ_20325
GDKOHJ_20320	flagellar basal-body MS-ring/collar protein FliF	1	GDKOHJ_20320
GDKOHJ_20315	flagellar motor switch protein FliG	1	GDKOHJ_20315
GDKOHJ_20310	flagellar assembly protein FliH	1	GDKOHJ_20310
GDKOHJ_20305	flagellar protein export ATPase FliI	1	GDKOHJ_20305
GDKOHJ_20355	sulfurtransferase-like selenium metabolism protein YedF	1	GDKOHJ_20355
GDKOHJ_20100	MobQ family relaxase	1	GDKOHJ_20100
GDKOHJ_20095	Lysogenic conversion protein	1	GDKOHJ_20095
GDKOHJ_20090	Transmembrane protein	1	GDKOHJ_20090
GDKOHJ_20085	Lipoprotein	1	GDKOHJ_20085
GDKOHJ_20080	hypothetical protein	1	GDKOHJ_20080
GDKOHJ_20065	hypothetical protein	1	GDKOHJ_20065
GDKOHJ_20060	hypothetical protein	1	GDKOHJ_20060
GDKOHJ_20055	hypothetical protein	1	GDKOHJ_20055
GDKOHJ_20205	DNA-cytosine methyltransferase	1	GDKOHJ_20205
GDKOHJ_20045	Conjugal transfer protein	1	GDKOHJ_20045
GDKOHJ_20040	hypothetical protein	1	GDKOHJ_20040
GDKOHJ_20035	MotA/TolQ/ExbB proton channel domain-containing protein	1	GDKOHJ_20035
GDKOHJ_20030	DotA/TraY family protein	1	GDKOHJ_20030
GDKOHJ_20025	Protein TraL	1	GDKOHJ_20025
GDKOHJ_20020	Restriction endonuclease type IV Mrr domain-containing protein	1	GDKOHJ_20020
GDKOHJ_20015	hypothetical protein	1	GDKOHJ_20015
GDKOHJ_20010	LysR family transcriptional regulator	1	GDKOHJ_20010
GDKOHJ_20050	hypothetical protein	1	GDKOHJ_20050
GDKOHJ_20200	phosphohydrolase	1	GDKOHJ_20200
GDKOHJ_20190	Phage protein	1	GDKOHJ_20190
GDKOHJ_20185	Porin	1	GDKOHJ_20185
GDKOHJ_20180	glyoxalase III HchA	1	GDKOHJ_20180
GDKOHJ_20175	two-component system sensor histidine kinase HprS	1	GDKOHJ_20175
GDKOHJ_20170	response regulator transcription factor HprR	1	GDKOHJ_20170
GDKOHJ_20165	hydroxyisourate hydrolase	1	GDKOHJ_20165
GDKOHJ_20160	protein-methionine-sulfoxide reductase catalytic subunit MsrP	1	GDKOHJ_20160
GDKOHJ_20105	hypothetical protein	1	GDKOHJ_20105
GDKOHJ_20150	metal-binding protein ZinT	1	GDKOHJ_20150
GDKOHJ_20145	Integrase	1	GDKOHJ_20145
GDKOHJ_20140	VOC family protein	1	GDKOHJ_20140
GDKOHJ_20135	Bacterial shufflon protein N-terminal domain-containing protein	1	GDKOHJ_20135
GDKOHJ_20130	Type 4 secretion system PilS N-terminal domain-containing protein	1	GDKOHJ_20130
GDKOHJ_20125	Conjugal transfer protein TraD	1	GDKOHJ_20125
GDKOHJ_20120	hypothetical protein	1	GDKOHJ_20120
GDKOHJ_20115	hypothetical protein	1	GDKOHJ_20115
GDKOHJ_20110	hypothetical protein	1	GDKOHJ_20110
GDKOHJ_20155	protein-methionine-sulfoxide reductase heme-binding subunit MsrQ	1	GDKOHJ_20155
GDKOHJ_20705	type B-3 chloramphenicol O-acetyltransferase CatB3	1	GDKOHJ_20705
GDKOHJ_20695	aminoglycoside N-acetyltransferase AAC(3)-IIe	1	GDKOHJ_20695
GDKOHJ_20690	ATP-binding protein	1	GDKOHJ_20690
GDKOHJ_20685	IS3 family ISKpn11 transposase ORF A	1	GDKOHJ_20685
GDKOHJ_20680	Mobile element protein	1	GDKOHJ_20680
GDKOHJ_20675	UPF0759 protein YecE	1	GDKOHJ_20675
GDKOHJ_20670	Inner membrane protein YecN	1	GDKOHJ_20670
GDKOHJ_20665	carboxy-S-adenosyl-L-methionine synthase CmoA	1	GDKOHJ_20665
GDKOHJ_20400	DNA-directed RNA polymerase specialized sigma subunit	1	GDKOHJ_20400
GDKOHJ_20650	Trimethylamine-N-oxide reductase 2	1	GDKOHJ_20650
GDKOHJ_20645	Trimethylamine-N-oxide reductase 2	1	GDKOHJ_20645
GDKOHJ_20640	Tetraheme cytochrome c subunit NapC of nitrate or TMAO reductase	1	GDKOHJ_20640
GDKOHJ_20630	copper homeostasis protein CutC	1	GDKOHJ_20630
GDKOHJ_20625	VOC family protein	1	GDKOHJ_20625
GDKOHJ_20620	arginine--tRNA ligase	1	GDKOHJ_20620
GDKOHJ_20615	flagellar protein FlhE	1	GDKOHJ_20615
GDKOHJ_20610	flagellar biosynthesis protein FlhA	1	GDKOHJ_20610
GDKOHJ_20660	tRNA 5-methoxyuridine(34)/uridine 5-oxyacetic acid(34) synthase CmoB	1	GDKOHJ_20660
GDKOHJ_20805	zinc ABC transporter ATP-binding protein ZnuC	1	GDKOHJ_20805
GDKOHJ_20800	zinc ABC transporter permease subunit ZnuB	1	GDKOHJ_20800
GDKOHJ_20795	Holliday junction branch migration DNA helicase RuvB	1	GDKOHJ_20795
GDKOHJ_20790	Holliday junction branch migration protein RuvA	1	GDKOHJ_20790
GDKOHJ_20785	Succinate dehydrogenase	1	GDKOHJ_20785
GDKOHJ_20780	Protein	1	GDKOHJ_20780
GDKOHJ_20775	crossover junction endodeoxyribonuclease RuvC	1	GDKOHJ_20775
GDKOHJ_20770	Holliday junction resolvase	1	GDKOHJ_20770
GDKOHJ_20710	oxacillin-hydrolyzing class D beta-lactamase OXA-1	1	GDKOHJ_20710
GDKOHJ_20760	dihydroneopterin triphosphate diphosphatase	1	GDKOHJ_20760
GDKOHJ_20755	aspartate--tRNA ligase	1	GDKOHJ_20755
GDKOHJ_20750	hydrolase	1	GDKOHJ_20750
GDKOHJ_20745	IS1380 family ISEc9 transposase	1	GDKOHJ_20745
GDKOHJ_20740	IS1380 family transposase	1	GDKOHJ_20740
GDKOHJ_20735	extended-spectrum class A beta-lactamase CTX-M-15	1	GDKOHJ_20735
GDKOHJ_20730	Tryptophan synthase beta chain like	1	GDKOHJ_20730
GDKOHJ_20725	Tn3 family transposase	1	GDKOHJ_20725
GDKOHJ_20715	fluoroquinolone-acetylating aminoglycoside 6'-N-acetyltransferase AAC(6')-Ib-cr5	1	GDKOHJ_20715
GDKOHJ_20765	YebC/PmpR family DNA-binding transcriptional regulator	1	GDKOHJ_20765
GDKOHJ_20500	Uncharacterized protein YecJ	1	GDKOHJ_20500
GDKOHJ_20495	stress response protein AzuC	1	GDKOHJ_20495
GDKOHJ_20490	Uncharacterized protein YecR	1	GDKOHJ_20490
GDKOHJ_20485	non-heme ferritin	1	GDKOHJ_20485
GDKOHJ_20480	Metal-binding protein	1	GDKOHJ_20480
GDKOHJ_20475	tyrosine transporter TyrP	1	GDKOHJ_20475
GDKOHJ_20470	UPF0149 family protein YecA	1	GDKOHJ_20470
GDKOHJ_20450	CDP-diacylglycerol--glycerol-3-phosphate 3-phosphatidyltransferase	1	GDKOHJ_20450
GDKOHJ_20605	flagellar biosynthesis protein FlhB	1	GDKOHJ_20605
GDKOHJ_20440	UvrY/SirA/GacA family response regulator transcription factor	1	GDKOHJ_20440
GDKOHJ_20435	DUF2594 domain-containing protein	1	GDKOHJ_20435
GDKOHJ_20430	transcriptional regulator SdiA	1	GDKOHJ_20430
GDKOHJ_20425	L-cystine ABC transporter ATP-binding protein TcyN	1	GDKOHJ_20425
GDKOHJ_20420	cystine ABC transporter permease	1	GDKOHJ_20420
GDKOHJ_20415	D-cysteine desulfhydrase	1	GDKOHJ_20415
GDKOHJ_20410	cystine ABC transporter substrate-binding protein	1	GDKOHJ_20410
GDKOHJ_20405	flagella biosynthesis regulatory protein FliZ	1	GDKOHJ_20405
GDKOHJ_20445	excinuclease ABC subunit UvrC	1	GDKOHJ_20445
GDKOHJ_20600	protein phosphatase CheZ	1	GDKOHJ_20600
GDKOHJ_20595	chemotaxis regulatory protein CheY	1	GDKOHJ_20595
GDKOHJ_20590	protein-glutamate methylesterase/protein glutamine deamidase	1	GDKOHJ_20590
GDKOHJ_20585	protein-glutamate O-methyltransferase CheR	1	GDKOHJ_20585
GDKOHJ_20580	Dipeptide chemoreceptor protein	1	GDKOHJ_20580
GDKOHJ_20575	methyl-accepting chemotaxis protein II	1	GDKOHJ_20575
GDKOHJ_20565	chemotaxis protein CheW	1	GDKOHJ_20565
GDKOHJ_20560	chemotaxis protein CheA	1	GDKOHJ_20560
GDKOHJ_20505	non-heme ferritin-like protein	1	GDKOHJ_20505
GDKOHJ_20550	flagellar motor stator protein MotA	1	GDKOHJ_20550
GDKOHJ_20545	flagellar transcriptional regulator FlhC	1	GDKOHJ_20545
GDKOHJ_20540	flagellar transcriptional regulator FlhD	1	GDKOHJ_20540
GDKOHJ_20535	universal stress protein UspC	1	GDKOHJ_20535
GDKOHJ_20530	alpha,alpha-trehalose-phosphate synthase	1	GDKOHJ_20530
GDKOHJ_20525	trehalose-phosphatase	1	GDKOHJ_20525
GDKOHJ_20520	arabinose ABC transporter permease AraH	1	GDKOHJ_20520
GDKOHJ_20515	arabinose ABC transporter ATP-binding protein AraG	1	GDKOHJ_20515
GDKOHJ_20510	arabinose ABC transporter substrate-binding protein AraF	1	GDKOHJ_20510
GDKOHJ_20555	flagellar motor protein MotB	1	GDKOHJ_20555
GDKOHJ_14700	Secreted auto transporter toxin	1	GDKOHJ_14700
GDKOHJ_14695	serine protease autotransporter toxin Sat	1	GDKOHJ_14695
GDKOHJ_14690	Autotransporter domain-containing protein	1	GDKOHJ_14690
GDKOHJ_14665	L-lactate permease	1	GDKOHJ_14665
GDKOHJ_14660	Secreted protein	1	GDKOHJ_14660
GDKOHJ_14655	Prophage protein	1	GDKOHJ_14655
GDKOHJ_14650	hypothetical protein	1	GDKOHJ_14650
GDKOHJ_14640	IS3 family transposase ORF A	1	GDKOHJ_14640
GDKOHJ_18930	small membrane protein YohP	1	GDKOHJ_18930
GDKOHJ_14630	bifunctional siderophore receptor/adhesin Iha	1	GDKOHJ_14630
GDKOHJ_14625	Transposase	1	GDKOHJ_14625
GDKOHJ_14610	Transposase	1	GDKOHJ_14610
GDKOHJ_14605	Polysialic acid capsule expression protein	1	GDKOHJ_14605
GDKOHJ_14600	Capsule polysaccharide export inner-membrane protein	1	GDKOHJ_14600
GDKOHJ_14595	Polysialic acid transport protein precursor	1	GDKOHJ_14595
GDKOHJ_14590	3-deoxy-manno-octulosonate cytidylyltransferase	1	GDKOHJ_14590
GDKOHJ_14585	Capsule polysaccharide export protein	1	GDKOHJ_14585
GDKOHJ_14635	IS3 family ISEc31 transposase	1	GDKOHJ_14635
GDKOHJ_14855	nucleoside permease NupG	1	GDKOHJ_14855
GDKOHJ_14850	ornithine decarboxylase	1	GDKOHJ_14850
GDKOHJ_14845	Uncharacterized protein YqgA	1	GDKOHJ_14845
GDKOHJ_14815	HTH-type transcriptional regulator PapX	1	GDKOHJ_14815
GDKOHJ_14800	p-fimbriae major subunit	1	GDKOHJ_14800
GDKOHJ_14795	Pap fimbrial major pilin protein	1	GDKOHJ_14795
GDKOHJ_14790	major pilus subunit operon transcriptional regulator PapI	1	GDKOHJ_14790
GDKOHJ_14780	Transposase	1	GDKOHJ_14780
GDKOHJ_14705	ferric aerobactin receptor IutA	1	GDKOHJ_14705
GDKOHJ_14755	YdgH/BhsA/McbA-like domain-containing protein	1	GDKOHJ_14755
GDKOHJ_14750	TetR family transcriptional regulator	1	GDKOHJ_14750
GDKOHJ_14745	F200	1	GDKOHJ_14745
GDKOHJ_14730	ShiF protein	1	GDKOHJ_14730
GDKOHJ_14725	aerobactin synthase IucA	1	GDKOHJ_14725
GDKOHJ_14720	N(6)-hydroxylysine O-acetyltransferase IucB	1	GDKOHJ_14720
GDKOHJ_14715	NIS family aerobactin synthetase IucC	1	GDKOHJ_14715
GDKOHJ_14710	NADPH-dependent L-lysine N(6)-monooxygenase IucD	1	GDKOHJ_14710
GDKOHJ_14760	ISL3 family transposase	1	GDKOHJ_14760
GDKOHJ_16060	tRNA pseudouridine(13) synthase TruD	1	GDKOHJ_16060
GDKOHJ_16055	2-C-methyl-D-erythritol 2,4-cyclodiphosphate synthase	1	GDKOHJ_16055
GDKOHJ_16050	2-C-methyl-D-erythritol 4-phosphate cytidylyltransferase	1	GDKOHJ_16050
GDKOHJ_16045	cell division protein FtsB	1	GDKOHJ_16045
GDKOHJ_16040	DUF3561 domain-containing protein	1	GDKOHJ_16040
GDKOHJ_16035	Adenylyl-sulfate kinase	1	GDKOHJ_16035
GDKOHJ_16030	sulfate adenylyltransferase subunit CysN	1	GDKOHJ_16030
GDKOHJ_16025	sulfate adenylyltransferase subunit CysD	1	GDKOHJ_16025
GDKOHJ_14580	Capsule polysaccharide export protein	1	GDKOHJ_14580
GDKOHJ_16015	Putative protein HokG	1	GDKOHJ_16015
GDKOHJ_16005	phosphoadenosine phosphosulfate reductase	1	GDKOHJ_16005
GDKOHJ_16000	assimilatory sulfite reductase (NADPH) hemoprotein subunit	1	GDKOHJ_16000
GDKOHJ_15995	NADPH-dependent assimilatory sulfite reductase flavoprotein subunit	1	GDKOHJ_15995
GDKOHJ_15990	6-carboxytetrahydropterin synthase QueD	1	GDKOHJ_15990
GDKOHJ_15985	putative electron transfer flavoprotein-quinone oxidoreductase YgcN	1	GDKOHJ_15985
GDKOHJ_15980	Ferredoxin-like protein FixX	1	GDKOHJ_15980
GDKOHJ_15975	Uncharacterized protein YgcP	1	GDKOHJ_15975
GDKOHJ_16020	alkaline phosphatase isozyme conversion aminopeptidase	1	GDKOHJ_16020
GDKOHJ_14575	Glycosyl transferase	1	GDKOHJ_14575
GDKOHJ_14570	polysialic acid biosynthesis protein	1	GDKOHJ_14570
GDKOHJ_14565	UDP-N-acetylglucosamine 2-epimerase	1	GDKOHJ_14565
GDKOHJ_14560	N-acylneuraminate cytidylyltransferase	1	GDKOHJ_14560
GDKOHJ_14555	N-acylneuraminate-9-phosphate synthase	1	GDKOHJ_14555
GDKOHJ_14550	NeuD protein involved in sialic acid synthesis	1	GDKOHJ_14550
GDKOHJ_14545	Polysialic acid transport ATP-binding protein	1	GDKOHJ_14545
GDKOHJ_14540	Polysialic acid transport protein	1	GDKOHJ_14540
GDKOHJ_16065	5'/3'-nucleotidase SurE	1	GDKOHJ_16065
GDKOHJ_14530	general secretion pathway protein L	1	GDKOHJ_14530
GDKOHJ_14525	general secretion pathway protein K	1	GDKOHJ_14525
GDKOHJ_14520	general secretion pathway protein J	1	GDKOHJ_14520
GDKOHJ_14515	general secretion pathway protein I	1	GDKOHJ_14515
GDKOHJ_14510	general secretion pathway protein H	1	GDKOHJ_14510
GDKOHJ_16085	Flavoprotein WrbA	1	GDKOHJ_16085
GDKOHJ_16080	RNA polymerase sigma factor RpoS	1	GDKOHJ_16080
GDKOHJ_16075	murein hydrolase activator NlpD	1	GDKOHJ_16075
GDKOHJ_16070	protein-L-isoaspartate O-methyltransferase	1	GDKOHJ_16070
GDKOHJ_14535	GspM family type II secretion system protein YghD	1	GDKOHJ_14535
GDKOHJ_19440	dTDP-glucose 4,6-dehydratase	1	GDKOHJ_19440
GDKOHJ_19435	UTP--glucose-1-phosphate uridylyltransferase GalF	1	GDKOHJ_19435
GDKOHJ_19430	colanic acid biosynthesis protein WcaM	1	GDKOHJ_19430
GDKOHJ_19425	colanic acid biosynthesis glycosyltransferase WcaL	1	GDKOHJ_19425
GDKOHJ_19420	colanic acid biosynthesis pyruvyl transferase WcaK	1	GDKOHJ_19420
GDKOHJ_19395	colanic acid undecaprenyl disphosphate flippase WzxC	1	GDKOHJ_19395
GDKOHJ_19390	undecaprenyl-phosphate glucose phosphotransferase	1	GDKOHJ_19390
GDKOHJ_19380	mannose-1-phosphate guanylyltransferase ManC	1	GDKOHJ_19380
GDKOHJ_14860	membrane-bound lytic murein transglycosylase MltC	1	GDKOHJ_14860
GDKOHJ_19370	GDP-mannose mannosyl hydrolase	1	GDKOHJ_19370
GDKOHJ_19365	GDP-L-fucose synthase	1	GDKOHJ_19365
GDKOHJ_19360	GDP-mannose 4,6-dehydratase	1	GDKOHJ_19360
GDKOHJ_19355	colanic acid biosynthesis acetyltransferase WcaF	1	GDKOHJ_19355
GDKOHJ_19350	colanic acid biosynthesis glycosyltransferase WcaE	1	GDKOHJ_19350
GDKOHJ_19345	colanic acid polymerase WcaD	1	GDKOHJ_19345
GDKOHJ_19340	colanic acid biosynthesis glycosyltransferase WcaC	1	GDKOHJ_19340
GDKOHJ_19335	colanic acid biosynthesis acetyltransferase WcaB	1	GDKOHJ_19335
GDKOHJ_19375	colanic acid biosynthesis fucosyltransferase WcaI	1	GDKOHJ_19375
GDKOHJ_19540	Histidinol dehydrogenase	1	GDKOHJ_19540
GDKOHJ_19535	histidinol-phosphate transaminase	1	GDKOHJ_19535
GDKOHJ_19530	bifunctional histidinol-phosphatase/imidazoleglycerol-phosphate dehydratase HisB	1	GDKOHJ_19530
GDKOHJ_19525	imidazole glycerol phosphate synthase subunit HisH	1	GDKOHJ_19525
GDKOHJ_19520	1-(5-phosphoribosyl)-5-[(5-phosphoribosylamino)methylideneamino]imidazole-4-carboxamide isomerase	1	GDKOHJ_19520
GDKOHJ_19515	Imidazole glycerol phosphate synthase subunit HisF	1	GDKOHJ_19515
GDKOHJ_19510	bifunctional phosphoribosyl-AMP cyclohydrolase/phosphoribosyl-ATP diphosphatase HisIE	1	GDKOHJ_19510
GDKOHJ_19505	LPS O-antigen chain length determinant protein WzzB	1	GDKOHJ_19505
GDKOHJ_19445	dTDP-4-dehydrorhamnose reductase	1	GDKOHJ_19445
GDKOHJ_19495	NADP-dependent phosphogluconate dehydrogenase	1	GDKOHJ_19495
GDKOHJ_19490	O75 family O-antigen flippase	1	GDKOHJ_19490
GDKOHJ_19480	mannose-1-phosphate guanylyltransferase ManC	1	GDKOHJ_19480
GDKOHJ_19475	Glycosyl transferase family protein	1	GDKOHJ_19475
GDKOHJ_19470	Glycoside hydrolase family protein	1	GDKOHJ_19470
GDKOHJ_19465	O75 family O-antigen polymerase	1	GDKOHJ_19465
GDKOHJ_19460	Glycosyltransferase	1	GDKOHJ_19460
GDKOHJ_19455	dTDP-4-dehydrorhamnose 3,5-epimerase	1	GDKOHJ_19455
GDKOHJ_19450	glucose-1-phosphate thymidylyltransferase RfbA	1	GDKOHJ_19450
GDKOHJ_19500	UDP-glucose 6-dehydrogenase	1	GDKOHJ_19500
GDKOHJ_14945	16S rRNA (uracil(1498)-N(3))-methyltransferase	1	GDKOHJ_14945
GDKOHJ_14940	glutathione synthase	1	GDKOHJ_14940
GDKOHJ_14935	YqgE/AlgH family protein	1	GDKOHJ_14935
GDKOHJ_14930	Holliday junction resolvase RuvX	1	GDKOHJ_14930
GDKOHJ_14925	Uncharacterized protein YggR	1	GDKOHJ_14925
GDKOHJ_14920	pyridoxal phosphate homeostasis protein	1	GDKOHJ_14920
GDKOHJ_14915	osmotic shock tolerance protein YggT	1	GDKOHJ_14915
GDKOHJ_14910	DUF167 domain-containing protein	1	GDKOHJ_14910
GDKOHJ_19330	colanic acid biosynthesis glycosyltransferase WcaA	1	GDKOHJ_19330
GDKOHJ_14900	radical SAM family heme chaperone HemW	1	GDKOHJ_14900
GDKOHJ_14895	Uncharacterized protein YggM	1	GDKOHJ_14895
GDKOHJ_14890	L-asparaginase 2	1	GDKOHJ_14890
GDKOHJ_14885	Uncharacterized protein YggN	1	GDKOHJ_14885
GDKOHJ_14880	tRNA (guanosine(46)-N7)-methyltransferase TrmB	1	GDKOHJ_14880
GDKOHJ_14875	tRNA (guanosine(46)-N7)-methyltransferase TrmB	1	GDKOHJ_14875
GDKOHJ_14870	A/G-specific adenine glycosylase	1	GDKOHJ_14870
GDKOHJ_14865	oxidative damage protection protein	1	GDKOHJ_14865
GDKOHJ_14905	RdgB/HAM1 family non-canonical purine NTP pyrophosphatase	1	GDKOHJ_14905
GDKOHJ_19325	tyrosine-protein kinase Wzc	1	GDKOHJ_19325
GDKOHJ_19320	low molecular weight protein-tyrosine-phosphatase Wzb	1	GDKOHJ_19320
GDKOHJ_19315	polysaccharide export protein Wza	1	GDKOHJ_19315
GDKOHJ_15030	nucleoside/nucleotide kinase family protein	1	GDKOHJ_15030
GDKOHJ_15025	fumarase E	1	GDKOHJ_15025
GDKOHJ_15020	fructose-bisphosphatase	1	GDKOHJ_15020
GDKOHJ_15015	Uncharacterized protein YggP	1	GDKOHJ_15015
GDKOHJ_15010	PTS mannitol transporter subunit IICB	1	GDKOHJ_15010
GDKOHJ_14950	deoxyribonuclease I	1	GDKOHJ_14950
GDKOHJ_15000	Regulator of protease activity HflC, stomatin/prohibitin superfamily	1	GDKOHJ_15000
GDKOHJ_14990	transketolase	1	GDKOHJ_14990
GDKOHJ_14985	metalloprotease LoiP	1	GDKOHJ_14985
GDKOHJ_14980	agmatinase	1	GDKOHJ_14980
GDKOHJ_14975	Lipoprotein	1	GDKOHJ_14975
GDKOHJ_14970	biosynthetic arginine decarboxylase	1	GDKOHJ_14970
GDKOHJ_14965	methionine adenosyltransferase	1	GDKOHJ_14965
GDKOHJ_14960	galactose/proton symporter	1	GDKOHJ_14960
GDKOHJ_14955	SprT family zinc-dependent metalloprotease	1	GDKOHJ_14955
GDKOHJ_15005	PTS mannitol transporter subunit IIA	1	GDKOHJ_15005
GDKOHJ_19210	UPF0339 protein YegP	1	GDKOHJ_19210
GDKOHJ_19205	tRNA 5-hydroxyuridine modification protein YegQ	1	GDKOHJ_19205
GDKOHJ_19195	Lipoprotein	1	GDKOHJ_19195
GDKOHJ_19190	lipid kinase YegS	1	GDKOHJ_19190
GDKOHJ_19185	DNA-binding transcriptional regulator of sugar metabolism, DeoR/GlpR family	1	GDKOHJ_19185
GDKOHJ_19180	galactitol-1-phosphate 5-dehydrogenase	1	GDKOHJ_19180
GDKOHJ_19175	PTS galactitol transporter subunit IIB	1	GDKOHJ_19175
GDKOHJ_19170	PTS galactitol transporter subunit IIB	1	GDKOHJ_19170
GDKOHJ_15970	Electron transfer flavoprotein, alpha subunit FixB	1	GDKOHJ_15970
GDKOHJ_19160	tagatose-bisphosphate aldolase subunit GatZ	1	GDKOHJ_19160
GDKOHJ_19155	tagatose-bisphosphate aldolase subunit GatY	1	GDKOHJ_19155
GDKOHJ_19150	class I fructose-bisphosphate aldolase	1	GDKOHJ_19150
GDKOHJ_19145	Putative nucleoside transporter YegT	1	GDKOHJ_19145
GDKOHJ_19140	ADP-ribosylglycohydrolase family protein	1	GDKOHJ_19140
GDKOHJ_19135	Uncharacterized sugar kinase YegV	1	GDKOHJ_19135
GDKOHJ_19130	Uncharacterized HTH-type transcriptional regulator YegW	1	GDKOHJ_19130
GDKOHJ_19125	Uncharacterized protein YegX	1	GDKOHJ_19125
GDKOHJ_19165	PTS galactitol transporter subunit IIA	1	GDKOHJ_19165
GDKOHJ_15560	KpsF/GutQ family sugar-phosphate isomerase	1	GDKOHJ_15560
GDKOHJ_19310	UPF0053 protein YegH	1	GDKOHJ_19310
GDKOHJ_19305	outer membrane assembly protein AsmA	1	GDKOHJ_19305
GDKOHJ_19300	dCTP deaminase	1	GDKOHJ_19300
GDKOHJ_19295	uridine kinase	1	GDKOHJ_19295
GDKOHJ_19290	diguanylate cyclase	1	GDKOHJ_19290
GDKOHJ_19285	DNA-3-methyladenine glycosylase 2	1	GDKOHJ_19285
GDKOHJ_19280	molecular chaperone	1	GDKOHJ_19280
GDKOHJ_19215	two-component system response regulator BaeR	1	GDKOHJ_19215
GDKOHJ_19270	Serine/threonine-protein phosphatase 3	1	GDKOHJ_19270
GDKOHJ_19265	Uncharacterized protein YegL	1	GDKOHJ_19265
GDKOHJ_19260	Type I toxin-antitoxin system Ibs family toxin	1	GDKOHJ_19260
GDKOHJ_19250	Type I toxin-antitoxin system Ibs family toxin	1	GDKOHJ_19250
GDKOHJ_19240	multidrug efflux RND transporter subunit MdtA	1	GDKOHJ_19240
GDKOHJ_19235	multidrug efflux RND transporter permease subunit MdtB	1	GDKOHJ_19235
GDKOHJ_19230	multidrug efflux RND transporter permease subunit MdtC	1	GDKOHJ_19230
GDKOHJ_19225	putative arabinose efflux permease AraJ, MFS family	1	GDKOHJ_19225
GDKOHJ_19220	two-component system sensor histidine kinase BaeS	1	GDKOHJ_19220
GDKOHJ_19275	protein kinase YegI	1	GDKOHJ_19275
GDKOHJ_19015	Uncharacterized lipoprotein YehR	1	GDKOHJ_19015
GDKOHJ_19010	Uncharacterized protein YehS	1	GDKOHJ_19010
GDKOHJ_19005	two-component system response regulator BtsR	1	GDKOHJ_19005
GDKOHJ_19000	two-component regulatory system sensor histidine kinase BtsS	1	GDKOHJ_19000
GDKOHJ_18995	HTH-type transcriptional regulator MlrA	1	GDKOHJ_18995
GDKOHJ_18990	protein YohO	1	GDKOHJ_18990
GDKOHJ_18985	glycine betaine ABC transporter permease YehW	1	GDKOHJ_18985
GDKOHJ_18980	glycine betaine ABC transporter ATP binding protein YehX	1	GDKOHJ_18980
GDKOHJ_19120	bifunctional hydroxymethylpyrimidine kinase/phosphomethylpyrimidine kinase	1	GDKOHJ_19120
GDKOHJ_18970	glycine betaine ABC transporter substrate-binding protein OsmF	1	GDKOHJ_18970
GDKOHJ_18965	beta-glucosidase BglX	1	GDKOHJ_18965
GDKOHJ_18960	D-lactate dehydrogenase	1	GDKOHJ_18960
GDKOHJ_18955	D-alanyl-D-alanine endopeptidase	1	GDKOHJ_18955
GDKOHJ_18950	Inner membrane protein YohC	1	GDKOHJ_18950
GDKOHJ_18945	Inner membrane protein YohD	1	GDKOHJ_18945
GDKOHJ_18940	SDR family oxidoreductase	1	GDKOHJ_18940
GDKOHJ_18935	multidrug resistance outer membrane protein MdtQ	1	GDKOHJ_18935
GDKOHJ_18975	glycine betaine ABC transporter permease YehY	1	GDKOHJ_18975
GDKOHJ_19115	hydroxyethylthiazole kinase	1	GDKOHJ_19115
GDKOHJ_19110	Ni(II)/Co(II)-binding transcriptional repressor RcnR	1	GDKOHJ_19110
GDKOHJ_19105	nickel/cobalt efflux protein RcnA	1	GDKOHJ_19105
GDKOHJ_19100	Ni(II)/Co(II) efflux transporter accessory subunit RcnB	1	GDKOHJ_19100
GDKOHJ_19095	putative fimbrial-like adhesin protein	1	GDKOHJ_19095
GDKOHJ_19090	Outer membrane usher protein YehB	1	GDKOHJ_19090
GDKOHJ_19085	putative fimbrial chaperone YehC	1	GDKOHJ_19085
GDKOHJ_19080	Uncharacterized fimbrial-like protein YehD	1	GDKOHJ_19080
GDKOHJ_19020	Protein YehQ	1	GDKOHJ_19020
GDKOHJ_19070	iron-sulfur cluster carrier protein ApbC	1	GDKOHJ_19070
GDKOHJ_19065	methionine--tRNA ligase	1	GDKOHJ_19065
GDKOHJ_19060	putative regulator	1	GDKOHJ_19060
GDKOHJ_19055	Uncharacterized protein YehI	1	GDKOHJ_19055
GDKOHJ_19050	Protein	1	GDKOHJ_19050
GDKOHJ_19045	Small toxic protein ZorO	1	GDKOHJ_19045
GDKOHJ_19035	Uncharacterized protein YehL	1	GDKOHJ_19035
GDKOHJ_19030	YehM protein	1	GDKOHJ_19030
GDKOHJ_19025	Uncharacterized protein YehP	1	GDKOHJ_19025
GDKOHJ_19075	Fimbrial-like adhesin protein	1	GDKOHJ_19075
GDKOHJ_15870	endoribonuclease MazF	1	GDKOHJ_15870
GDKOHJ_15865	type II toxin-antitoxin system antitoxin MazE	1	GDKOHJ_15865
GDKOHJ_15860	GTP diphosphokinase	1	GDKOHJ_15860
GDKOHJ_15855	23S rRNA (uracil(1939)-C(5))-methyltransferase RlmD	1	GDKOHJ_15855
GDKOHJ_15850	two-component sensor histidine kinase BarA	1	GDKOHJ_15850
GDKOHJ_15845	glucarate dehydratase	1	GDKOHJ_15845
GDKOHJ_15840	Glucarate dehydratase-related protein	1	GDKOHJ_15840
GDKOHJ_15835	galactarate/glucarate/glycerate transporter GudP	1	GDKOHJ_15835
GDKOHJ_15565	2-hydroxyacid dehydrogenase	1	GDKOHJ_15565
GDKOHJ_15825	tRNA pseudouridine(65) synthase TruC	1	GDKOHJ_15825
GDKOHJ_15820	Uncharacterized protein YqcC	1	GDKOHJ_15820
GDKOHJ_15810	SecY-interacting protein	1	GDKOHJ_15810
GDKOHJ_15805	NADPH-dependent 7-cyano-7-deazaguanine reductase QueF	1	GDKOHJ_15805
GDKOHJ_15800	nucleotide 5'-monophosphate nucleosidase	1	GDKOHJ_15800
GDKOHJ_15795	HAAAP family serine/threonine permease SdaC	1	GDKOHJ_15795
GDKOHJ_15790	L-serine ammonia-lyase II	1	GDKOHJ_15790
GDKOHJ_15785	flap endonuclease Xni	1	GDKOHJ_15785
GDKOHJ_15830	flavodoxin	1	GDKOHJ_15830
GDKOHJ_15965	Putative electron transfer flavoprotein subunit YgcR	1	GDKOHJ_15965
GDKOHJ_15960	Inner membrane metabolite transport protein YgcS	1	GDKOHJ_15960
GDKOHJ_15955	Uncharacterized FAD-linked oxidoreductase YgcU	1	GDKOHJ_15955
GDKOHJ_15950	Uncharacterized oxidoreductase YgcW	1	GDKOHJ_15950
GDKOHJ_15945	Inner membrane protein YqcE	1	GDKOHJ_15945
GDKOHJ_15940	Sugar (pentulose or hexulose) kinase	1	GDKOHJ_15940
GDKOHJ_15935	aminoimidazole riboside kinase	1	GDKOHJ_15935
GDKOHJ_15930	Carbohydrate porin	1	GDKOHJ_15930
GDKOHJ_15875	nucleoside triphosphate pyrophosphohydrolase	1	GDKOHJ_15875
GDKOHJ_15920	Sucrose-6-phosphate hydrolase	1	GDKOHJ_15920
GDKOHJ_15915	LacI family DNA-binding transcriptional regulator	1	GDKOHJ_15915
GDKOHJ_15910	7-carboxy-7-deazaguanine synthase QueE	1	GDKOHJ_15910
GDKOHJ_15905	LemA family protein	1	GDKOHJ_15905
GDKOHJ_15900	TPM domain-containing protein	1	GDKOHJ_15900
GDKOHJ_15895	Uncharacterized membrane protein YgcG, contains a TPM-fold domain	1	GDKOHJ_15895
GDKOHJ_15890	TPM domain-containing protein	1	GDKOHJ_15890
GDKOHJ_15885	phosphopyruvate hydratase	1	GDKOHJ_15885
GDKOHJ_15880	CTP synthase (glutamine hydrolyzing)	1	GDKOHJ_15880
GDKOHJ_15925	PTS system sucrose-specific EIIBC component	1	GDKOHJ_15925
GDKOHJ_15660	Type VI protein secretion system component Hcp (secreted cytotoxin)	1	GDKOHJ_15660
GDKOHJ_15655	type VI secretion system ATPase TssH	1	GDKOHJ_15655
GDKOHJ_15645	Lysine-specific metallo-endopeptidase domain-containing protein	1	GDKOHJ_15645
GDKOHJ_15640	hypothetical protein	1	GDKOHJ_15640
GDKOHJ_15630	Lysine-specific metallo-endopeptidase domain-containing protein	1	GDKOHJ_15630
GDKOHJ_15625	YARHG domain-containing protein	1	GDKOHJ_15625
GDKOHJ_15620	Type VI secretion protein	1	GDKOHJ_15620
GDKOHJ_15615	Type VI secretion protein VasK	1	GDKOHJ_15615
GDKOHJ_15780	lactaldehyde reductase	1	GDKOHJ_15780
GDKOHJ_15605	type VI secretion system protein TssA	1	GDKOHJ_15605
GDKOHJ_15600	PAAR domain-containing protein	1	GDKOHJ_15600
GDKOHJ_15595	Lipoprotein	1	GDKOHJ_15595
GDKOHJ_15590	type VI secretion system baseplate subunit TssF	1	GDKOHJ_15590
GDKOHJ_15585	type VI secretion system baseplate subunit TssG	1	GDKOHJ_15585
GDKOHJ_15580	type VI secretion system lipoprotein TssJ	1	GDKOHJ_15580
GDKOHJ_15575	type VI secretion system baseplate subunit TssE	1	GDKOHJ_15575
GDKOHJ_15570	DeoW	1	GDKOHJ_15570
GDKOHJ_15610	IcmF-like protein	1	GDKOHJ_15610
GDKOHJ_15775	L-fuculose-phosphate aldolase	1	GDKOHJ_15775
GDKOHJ_15770	L-fucose:H+ symporter permease	1	GDKOHJ_15770
GDKOHJ_15765	L-fucose isomerase	1	GDKOHJ_15765
GDKOHJ_15760	L-fuculokinase	1	GDKOHJ_15760
GDKOHJ_15755	L-fucose mutarotase	1	GDKOHJ_15755
GDKOHJ_15750	L-fucose operon activator	1	GDKOHJ_15750
GDKOHJ_15745	23S rRNA (cytidine(2498)-2'-O)-methyltransferase RlmM	1	GDKOHJ_15745
GDKOHJ_15740	UPF0382 inner membrane protein YgdD	1	GDKOHJ_15740
GDKOHJ_15665	OmpA-like domain-containing protein	1	GDKOHJ_15665
GDKOHJ_15725	Uncharacterized lipoprotein YgdI	1	GDKOHJ_15725
GDKOHJ_15720	cysteine desulfurase CsdA	1	GDKOHJ_15720
GDKOHJ_15715	cysteine desulfurase sulfur acceptor subunit CsdE	1	GDKOHJ_15715
GDKOHJ_15710	tRNA cyclic N6-threonylcarbamoyladenosine(37) synthase TcdA	1	GDKOHJ_15710
GDKOHJ_15705	murein transglycosylase A	1	GDKOHJ_15705
GDKOHJ_15685	type VI secretion system contractile sheath small subunit	1	GDKOHJ_15685
GDKOHJ_15680	type VI secretion system contractile sheath large subunit	1	GDKOHJ_15680
GDKOHJ_15675	type VI secretion system baseplate subunit TssK	1	GDKOHJ_15675
GDKOHJ_15670	type VI secretion system protein TssL, short form	1	GDKOHJ_15670
GDKOHJ_15735	glycine cleavage system transcriptional regulator GcvA	1	GDKOHJ_15735
GDKOHJ_17910	Fimbrial protein	1	GDKOHJ_17910
GDKOHJ_17905	Fimbrial protein	1	GDKOHJ_17905
GDKOHJ_17900	Fimbrial-type adhesion domain-containing protein	1	GDKOHJ_17900
GDKOHJ_17895	Fimbria/pilus periplasmic chaperone	1	GDKOHJ_17895
GDKOHJ_17890	Fimbrial biogenesis outer membrane usher protein	1	GDKOHJ_17890
GDKOHJ_17885	Fimbrial protein	1	GDKOHJ_17885
GDKOHJ_17880	phosphohistidine phosphatase SixA	1	GDKOHJ_17880
GDKOHJ_17875	fatty acid oxidation complex subunit alpha FadJ	1	GDKOHJ_17875
GDKOHJ_20005	Molecular chaperone	1	GDKOHJ_20005
GDKOHJ_17865	UPF0381 protein YfcZ	1	GDKOHJ_17865
GDKOHJ_17860	long-chain fatty acid transporter FadL	1	GDKOHJ_17860
GDKOHJ_17855	phospholipid-binding lipoprotein MlaA	1	GDKOHJ_17855
GDKOHJ_17850	Inner membrane protein YfdC	1	GDKOHJ_17850
GDKOHJ_16480	Aminotransferase class I/classII domain-containing protein	1	GDKOHJ_16480
GDKOHJ_16475	Alkylhydroperoxidase family enzyme, contains CxxC motif	1	GDKOHJ_16475
GDKOHJ_16470	glutaredoxin-like protein NrdH	1	GDKOHJ_16470
GDKOHJ_16465	class Ib ribonucleoside-diphosphate reductase assembly flavoprotein NrdI	1	GDKOHJ_16465
GDKOHJ_17870	acetyl-CoA C-acyltransferase FadI	1	GDKOHJ_17870
GDKOHJ_18000	bifunctional tetrahydrofolate synthase/dihydrofolate synthase	1	GDKOHJ_18000
GDKOHJ_17995	acetyl-CoA carboxylase, carboxyltransferase subunit beta	1	GDKOHJ_17995
GDKOHJ_17990	DedA family protein	1	GDKOHJ_17990
GDKOHJ_17985	tRNA pseudouridine(38-40) synthase TruA	1	GDKOHJ_17985
GDKOHJ_17980	aspartate-semialdehyde dehydrogenase	1	GDKOHJ_17980
GDKOHJ_17975	4-phosphoerythronate dehydrogenase PdxB	1	GDKOHJ_17975
GDKOHJ_17970	flagella biosynthesis regulator Flk	1	GDKOHJ_17970
GDKOHJ_17965	Uncharacterized MFS-type transporter YfcJ	1	GDKOHJ_17965
GDKOHJ_17915	Fimbrial adhesin YfcO	1	GDKOHJ_17915
GDKOHJ_17955	bifunctional tRNA (5-methylaminomethyl-2-thiouridine)(34)-methyltransferase MnmD/FAD-dependent 5-carboxymethylaminomethyl-2-thiouridine(34) oxidoreductase MnmC	1	GDKOHJ_17955
GDKOHJ_17950	Uncharacterized protein YfcL	1	GDKOHJ_17950
GDKOHJ_17945	elongation factor P hydroxylase	1	GDKOHJ_17945
GDKOHJ_17940	putative membrane transporter protein YfcA	1	GDKOHJ_17940
GDKOHJ_17935	penicillin-insensitive murein endopeptidase	1	GDKOHJ_17935
GDKOHJ_17930	chorismate synthase	1	GDKOHJ_17930
GDKOHJ_17925	50S ribosomal protein L3 N(5)-glutamine methyltransferase	1	GDKOHJ_17925
GDKOHJ_17920	endonuclease SmrB	1	GDKOHJ_17920
GDKOHJ_17960	beta-ketoacyl-ACP synthase I	1	GDKOHJ_17960
GDKOHJ_16315	nicotinamide-nucleotide amidase	1	GDKOHJ_16315
GDKOHJ_16310	lytic murein transglycosylase B	1	GDKOHJ_16310
GDKOHJ_16305	PTS glucitol/sorbitol transporter subunit IIC	1	GDKOHJ_16305
GDKOHJ_16300	PTS glucitol/sorbitol transporter subunit IIB	1	GDKOHJ_16300
GDKOHJ_16295	PTS glucitol/sorbitol transporter subunit IIA	1	GDKOHJ_16295
GDKOHJ_16290	sorbitol-6-phosphate dehydrogenase	1	GDKOHJ_16290
GDKOHJ_16285	transcriptional regulator GutM	1	GDKOHJ_16285
GDKOHJ_16280	glucitol operon DNA-binding transcriptional repressor SrlR	1	GDKOHJ_16280
GDKOHJ_16460	class 1b ribonucleoside-diphosphate reductase subunit alpha	1	GDKOHJ_16460
GDKOHJ_16270	nitric oxide reductase transcriptional regulator NorR	1	GDKOHJ_16270
GDKOHJ_16265	anaerobic nitric oxide reductase flavorubredoxin	1	GDKOHJ_16265
GDKOHJ_16260	NADH:flavorubredoxin reductase NorW	1	GDKOHJ_16260
GDKOHJ_16255	carbamoyltransferase HypF	1	GDKOHJ_16255
GDKOHJ_16250	electron transport protein HydN	1	GDKOHJ_16250
GDKOHJ_16245	DNA-binding transcriptional regulator AscG	1	GDKOHJ_16245
GDKOHJ_16240	PTS cellobiose/arbutin/salicin transporter subunit IIBC	1	GDKOHJ_16240
GDKOHJ_16235	6-phospho-beta-glucosidase AscB	1	GDKOHJ_16235
GDKOHJ_16275	arabinose-5-phosphate isomerase GutQ	1	GDKOHJ_16275
GDKOHJ_16455	class 1b ribonucleoside-diphosphate reductase subunit beta	1	GDKOHJ_16455
GDKOHJ_16450	glycine betaine/L-proline ABC transporter ATP-binding protein ProV	1	GDKOHJ_16450
GDKOHJ_16445	glycine betaine/L-proline ABC transporter permease ProW	1	GDKOHJ_16445
GDKOHJ_16440	glycine betaine/L-proline ABC transporter substrate-binding protein ProX	1	GDKOHJ_16440
GDKOHJ_16430	Putative uncharacterized transporter YgaY	1	GDKOHJ_16430
GDKOHJ_16425	L-valine exporter subunit YgaZ	1	GDKOHJ_16425
GDKOHJ_16420	L-valine transporter subunit YgaH	1	GDKOHJ_16420
GDKOHJ_16415	multidrug efflux transporter EmrAB transcriptional repressor EmrR	1	GDKOHJ_16415
GDKOHJ_16320	recombinase RecA	1	GDKOHJ_16320
GDKOHJ_16405	multidrug efflux MFS transporter permease subunit EmrB	1	GDKOHJ_16405
GDKOHJ_16390	S-ribosylhomocysteine lyase	1	GDKOHJ_16390
GDKOHJ_16380	glutamate--cysteine ligase	1	GDKOHJ_16380
GDKOHJ_16375	Inner membrane protein YqaA	1	GDKOHJ_16375
GDKOHJ_16370	fructose-1-phosphate/6-phosphogluconate phosphatase	1	GDKOHJ_16370
GDKOHJ_16340	Transposase	1	GDKOHJ_16340
GDKOHJ_16335	carbon storage regulator CsrA	1	GDKOHJ_16335
GDKOHJ_16330	alanine--tRNA ligase	1	GDKOHJ_16330
GDKOHJ_16325	recombination regulator RecX	1	GDKOHJ_16325
GDKOHJ_16410	multidrug efflux MFS transporter periplasmic adaptor subunit EmrA	1	GDKOHJ_16410
GDKOHJ_09170	Helix-turn-helix domain-containing protein	1	GDKOHJ_09170
GDKOHJ_09165	Cox protein	1	GDKOHJ_09165
GDKOHJ_09160	Phage protein	1	GDKOHJ_09160
GDKOHJ_09155	Phage protein B	1	GDKOHJ_09155
GDKOHJ_09150	Uncharacterized protein in GpA 5'region	1	GDKOHJ_09150
GDKOHJ_09145	Uncharacterized protein in GpA 5'region	1	GDKOHJ_09145
GDKOHJ_18260	2-succinyl-5-enolpyruvyl-6-hydroxy-3-cyclohexene-1-carboxylic-acid synthase	1	GDKOHJ_18260
GDKOHJ_18255	isochorismate synthase MenF	1	GDKOHJ_18255
GDKOHJ_18005	cell division protein DedD	1	GDKOHJ_18005
GDKOHJ_18245	GNAT family N-acetyltransferase	1	GDKOHJ_18245
GDKOHJ_18240	ribonuclease BN	1	GDKOHJ_18240
GDKOHJ_18235	Deubiquitinase	1	GDKOHJ_18235
GDKOHJ_18230	Uncharacterized protein YfbL	1	GDKOHJ_18230
GDKOHJ_18225	Protein YfbM	1	GDKOHJ_18225
GDKOHJ_18220	NADH-quinone oxidoreductase subunit NuoN	1	GDKOHJ_18220
GDKOHJ_18215	NADH-quinone oxidoreductase subunit M	1	GDKOHJ_18215
GDKOHJ_18210	NADH-quinone oxidoreductase subunit L	1	GDKOHJ_18210
GDKOHJ_18250	stress response protein ElaB	1	GDKOHJ_18250
GDKOHJ_09290	formate dehydrogenase O subunit beta	1	GDKOHJ_09290
GDKOHJ_09285	formate dehydrogenase-N subunit alpha	1	GDKOHJ_09285
GDKOHJ_09280	formate dehydrogenase accessory sulfurtransferase FdhD	1	GDKOHJ_09280
GDKOHJ_09275	Lipoprotein	1	GDKOHJ_09275
GDKOHJ_09270	Porin	1	GDKOHJ_09270
GDKOHJ_09265	L-rhamnose mutarotase	1	GDKOHJ_09265
GDKOHJ_09260	rhamnulose-1-phosphate aldolase	1	GDKOHJ_09260
GDKOHJ_09235	L-rhamnose isomerase	1	GDKOHJ_09235
GDKOHJ_09175	Integrase	1	GDKOHJ_09175
GDKOHJ_09225	HTH-type transcriptional activator RhaS	1	GDKOHJ_09225
GDKOHJ_09220	HTH-type transcriptional activator RhaR	1	GDKOHJ_09220
GDKOHJ_09215	L-rhamnose/proton symporter RhaT	1	GDKOHJ_09215
GDKOHJ_09210	superoxide dismutase [Mn]	1	GDKOHJ_09210
GDKOHJ_09205	2-keto-3-deoxygluconate transporter	1	GDKOHJ_09205
GDKOHJ_09200	6-hydroxyaminopurine reductase	1	GDKOHJ_09200
GDKOHJ_09190	envelope stress sensor histidine kinase CpxA	1	GDKOHJ_09190
GDKOHJ_09185	envelope stress response regulator transcription factor CpxR	1	GDKOHJ_09185
GDKOHJ_09180	cell-envelope stress modulator CpxP	1	GDKOHJ_09180
GDKOHJ_09230	rhamnulokinase	1	GDKOHJ_09230
GDKOHJ_18105	phosphate acetyltransferase	1	GDKOHJ_18105
GDKOHJ_18100	putative basic amino acid antiporter YfcC	1	GDKOHJ_18100
GDKOHJ_18095	NUDIX hydrolase YfcD	1	GDKOHJ_18095
GDKOHJ_18090	phosphodiesterase	1	GDKOHJ_18090
GDKOHJ_18085	glutathione transferase	1	GDKOHJ_18085
GDKOHJ_18080	GSH-dependent disulfide bond oxidoreductase	1	GDKOHJ_18080
GDKOHJ_18075	dihydroneopterin triphosphate 2'-epimerase	1	GDKOHJ_18075
GDKOHJ_18070	Epimerase family protein YfcH	1	GDKOHJ_18070
GDKOHJ_18205	NADH-quinone oxidoreductase subunit NuoK	1	GDKOHJ_18205
GDKOHJ_18060	histidine ABC transporter ATP-binding protein HisP	1	GDKOHJ_18060
GDKOHJ_18055	Histidine/lysine/arginine/ornithine transport system permease protein HisM	1	GDKOHJ_18055
GDKOHJ_18050	histidine ABC transporter permease HisQ	1	GDKOHJ_18050
GDKOHJ_18045	histidine ABC transporter substrate-binding protein HisJ	1	GDKOHJ_18045
GDKOHJ_18040	lysine/arginine/ornithine ABC transporter substrate-binding protein ArgT	1	GDKOHJ_18040
GDKOHJ_18035	flavin prenyltransferase UbiX	1	GDKOHJ_18035
GDKOHJ_18030	amidophosphoribosyltransferase	1	GDKOHJ_18030
GDKOHJ_18025	colicin V production protein	1	GDKOHJ_18025
GDKOHJ_18065	recombination-promoting nuclease RpnB	1	GDKOHJ_18065
GDKOHJ_18200	NADH-quinone oxidoreductase subunit J	1	GDKOHJ_18200
GDKOHJ_18195	NADH-quinone oxidoreductase subunit NuoI	1	GDKOHJ_18195
GDKOHJ_18190	NADH-quinone oxidoreductase subunit NuoH	1	GDKOHJ_18190
GDKOHJ_18185	NADH-quinone oxidoreductase subunit NuoG	1	GDKOHJ_18185
GDKOHJ_18180	NADH-quinone oxidoreductase subunit NuoF	1	GDKOHJ_18180
GDKOHJ_18175	NADH-quinone oxidoreductase subunit NuoE	1	GDKOHJ_18175
GDKOHJ_18170	NADH-quinone oxidoreductase subunit C/D	1	GDKOHJ_18170
GDKOHJ_18165	NADH-quinone oxidoreductase subunit NuoB	1	GDKOHJ_18165
GDKOHJ_18110	acetate kinase	1	GDKOHJ_18110
GDKOHJ_18155	hypothetical protein	1	GDKOHJ_18155
GDKOHJ_18150	transcriptional regulator LrhA	1	GDKOHJ_18150
GDKOHJ_18145	hypothetical protein	1	GDKOHJ_18145
GDKOHJ_18140	alanine transaminase AlaA	1	GDKOHJ_18140
GDKOHJ_18135	5'-deoxynucleotidase	1	GDKOHJ_18135
GDKOHJ_18130	Uncharacterized transporter YfbS	1	GDKOHJ_18130
GDKOHJ_18125	hexitol phosphatase HxpA	1	GDKOHJ_18125
GDKOHJ_18120	YfbU family protein	1	GDKOHJ_18120
GDKOHJ_18115	terminus macrodomain insulation protein YfbV	1	GDKOHJ_18115
GDKOHJ_18160	NADH-quinone oxidoreductase subunit NuoA	1	GDKOHJ_18160
GDKOHJ_00175	3-oxoacyl-ACP reductase FabG	1	GDKOHJ_00175
GDKOHJ_00170	PTS glucose transporter subunit IIBC	1	GDKOHJ_00170
GDKOHJ_00165	beta-ketoacyl-ACP synthase II	1	GDKOHJ_00165
GDKOHJ_00160	aminodeoxychorismate lyase	1	GDKOHJ_00160
GDKOHJ_00155	cell division protein YceG	1	GDKOHJ_00155
GDKOHJ_00150	dTMP kinase	1	GDKOHJ_00150
GDKOHJ_00145	DNA polymerase III subunit delta'	1	GDKOHJ_00145
GDKOHJ_00140	metal-dependent hydrolase	1	GDKOHJ_00140
GDKOHJ_16230	Antitoxin component HigA of the HigAB toxin-antitoxin module, contains an N-terminal HTH domain	1	GDKOHJ_16230
GDKOHJ_00130	ferric-rhodotorulic acid/ferric-coprogen receptor FhuE	1	GDKOHJ_00130
GDKOHJ_00125	purine nucleoside phosphoramidase	1	GDKOHJ_00125
GDKOHJ_00120	Lipoprotein	1	GDKOHJ_00120
GDKOHJ_00115	penicillin-binding protein activator LpoB	1	GDKOHJ_00115
GDKOHJ_11725	glutathione-disulfide reductase	1	GDKOHJ_11725
GDKOHJ_00105	beta-N-acetylhexosaminidase	1	GDKOHJ_00105
GDKOHJ_00100	alpha/beta hydrolase YcfP	1	GDKOHJ_00100
GDKOHJ_00095	NADH-quinone dehydrogenase	1	GDKOHJ_00095
GDKOHJ_00135	PTS glucose transporter subunit IIBC	1	GDKOHJ_00135
GDKOHJ_00275	flagellar basal body rod protein FlgB	1	GDKOHJ_00275
GDKOHJ_00270	flagellar basal body rod protein FlgB	1	GDKOHJ_00270
GDKOHJ_00265	flagellar hook assembly protein FlgD	1	GDKOHJ_00265
GDKOHJ_00260	flagellar hook protein FlgE	1	GDKOHJ_00260
GDKOHJ_00255	flagellar basal-body rod protein FlgF	1	GDKOHJ_00255
GDKOHJ_00250	flagellar basal-body rod protein FlgG	1	GDKOHJ_00250
GDKOHJ_00245	flagellar basal body L-ring protein FlgH	1	GDKOHJ_00245
GDKOHJ_00240	flagellar basal body P-ring protein FlgI	1	GDKOHJ_00240
GDKOHJ_00180	ACP S-malonyltransferase	1	GDKOHJ_00180
GDKOHJ_00230	flagellar hook-associated protein FlgK	1	GDKOHJ_00230
GDKOHJ_00225	flagellar hook-associated protein FlgL	1	GDKOHJ_00225
GDKOHJ_00220	ribonuclease E	1	GDKOHJ_00220
GDKOHJ_00215	23S rRNA pseudouridine(955/2504/2580) synthase RluC	1	GDKOHJ_00215
GDKOHJ_00210	7-methyl-GTP pyrophosphatase	1	GDKOHJ_00210
GDKOHJ_00200	23S rRNA accumulation protein YceD	1	GDKOHJ_00200
GDKOHJ_00195	50S ribosomal protein L32	1	GDKOHJ_00195
GDKOHJ_00190	phosphate acyltransferase PlsX	1	GDKOHJ_00190
GDKOHJ_00185	beta-ketoacyl-ACP synthase III	1	GDKOHJ_00185
GDKOHJ_00235	flagellar assembly peptidoglycan hydrolase FlgJ	1	GDKOHJ_00235
GDKOHJ_13965	DNA-binding transcriptional activator TtdR	1	GDKOHJ_13965
GDKOHJ_13960	L(+)-tartrate dehydratase subunit alpha	1	GDKOHJ_13960
GDKOHJ_13955	L(+)-tartrate dehydratase subunit beta	1	GDKOHJ_13955
GDKOHJ_13950	L-tartrate/succinate antiporter	1	GDKOHJ_13950
GDKOHJ_13945	tRNA (adenosine(37)-N6)-threonylcarbamoyltransferase complex transferase subunit TsaD	1	GDKOHJ_13945
GDKOHJ_13940	30S ribosomal protein S21	1	GDKOHJ_13940
GDKOHJ_13935	DNA primase	1	GDKOHJ_13935
GDKOHJ_13930	RNA polymerase sigma factor RpoD	1	GDKOHJ_13930
GDKOHJ_00090	Uncharacterized protein YcfJ	1	GDKOHJ_00090
GDKOHJ_13915	NADPH-dependent ferric chelate reductase	1	GDKOHJ_13915
GDKOHJ_13910	DNA-binding transcriptional regulator NfeR	1	GDKOHJ_13910
GDKOHJ_13905	aerotaxis sensor receptor Aer	1	GDKOHJ_13905
GDKOHJ_13900	putrescine aminotransferase	1	GDKOHJ_13900
GDKOHJ_13895	tRNA-binding protein	1	GDKOHJ_13895
GDKOHJ_13890	transcriptional regulator EbgR	1	GDKOHJ_13890
GDKOHJ_13885	beta-galactosidase subunit alpha	1	GDKOHJ_13885
GDKOHJ_13880	beta-galactosidase subunit beta	1	GDKOHJ_13880
GDKOHJ_13925	G/U mismatch-specific DNA glycosylase	1	GDKOHJ_13925
GDKOHJ_00085	TetR family copper-responsive transcriptional repressor ComR	1	GDKOHJ_00085
GDKOHJ_00080	multiple stress resistance protein BhsA	1	GDKOHJ_00080
GDKOHJ_00075	L,D-transpeptidase LdtC	1	GDKOHJ_00075
GDKOHJ_00070	transcription-repair coupling factor	1	GDKOHJ_00070
GDKOHJ_00065	Inner membrane protein YcfT	1	GDKOHJ_00065
GDKOHJ_00060	lipoprotein-releasing ABC transporter permease subunit LolC	1	GDKOHJ_00060
GDKOHJ_00055	lipoprotein-releasing ABC transporter ATP-binding protein LolD	1	GDKOHJ_00055
GDKOHJ_00050	lipoprotein-releasing ABC transporter permease subunit LolE	1	GDKOHJ_00050
GDKOHJ_13970	glycerol-3-phosphate 1-O-acyltransferase PlsY	1	GDKOHJ_13970
GDKOHJ_00040	Sir2 family NAD+-dependent deacetylase	1	GDKOHJ_00040
GDKOHJ_00035	TPM domain-containing protein	1	GDKOHJ_00035
GDKOHJ_00030	DUF3592 domain-containing protein	1	GDKOHJ_00030
GDKOHJ_00025	spermidine/putrescine ABC transporter substrate-binding protein PotD	1	GDKOHJ_00025
GDKOHJ_00020	spermidine/putrescine ABC transporter permease PotC	1	GDKOHJ_00020
GDKOHJ_00015	Integrase	1	GDKOHJ_00015
GDKOHJ_00010	Exonuclease from phage origin	1	GDKOHJ_00010
GDKOHJ_13980	undecaprenyl-diphosphate phosphatase	1	GDKOHJ_13980
GDKOHJ_13975	bifunctional dihydroneopterin aldolase/7,8-dihydroneopterin epimerase	1	GDKOHJ_13975
GDKOHJ_00045	N-acetylglucosamine kinase	1	GDKOHJ_00045
GDKOHJ_16130	DNA mismatch repair protein MutS	1	GDKOHJ_16130
GDKOHJ_16125	protein-serine/threonine phosphatase	1	GDKOHJ_16125
GDKOHJ_16120	DNA-binding transcriptional repressor YgbI	1	GDKOHJ_16120
GDKOHJ_16115	L-threonate dehydrogenase	1	GDKOHJ_16115
GDKOHJ_16110	3-oxo-tetronate kinase	1	GDKOHJ_16110
GDKOHJ_16105	aldolase	1	GDKOHJ_16105
GDKOHJ_16100	HPr family phosphocarrier protein	1	GDKOHJ_16100
GDKOHJ_16095	GntP family transporter	1	GDKOHJ_16095
GDKOHJ_00280	Flagella basal body P-ring formation protein FlgA	1	GDKOHJ_00280
GDKOHJ_00525	iron uptake transporter deferrochelatase/peroxidase subunit	1	GDKOHJ_00525
GDKOHJ_00515	phosphate starvation-inducible protein PhoH	1	GDKOHJ_00515
GDKOHJ_00510	poly-beta-1,6-N-acetyl-D-glucosamine biosynthesis protein PgaD	1	GDKOHJ_00510
GDKOHJ_00505	poly-beta-1,6-N-acetyl-D-glucosamine synthase	1	GDKOHJ_00505
GDKOHJ_00500	poly-beta-1,6-N-acetyl-D-glucosamine N-deacetylase PgaB	1	GDKOHJ_00500
GDKOHJ_00495	poly-beta-1,6 N-acetyl-D-glucosamine export porin PgaA	1	GDKOHJ_00495
GDKOHJ_00490	putative diguanylate cyclase DgcT	1	GDKOHJ_00490
GDKOHJ_00480	glyoxylate/hydroxypyruvate reductase GhrA	1	GDKOHJ_00480
GDKOHJ_16090	MBL fold metallo-hydrolase	1	GDKOHJ_16090
GDKOHJ_16225	Periplasmic or exported protein	1	GDKOHJ_16225
GDKOHJ_16220	hydrogenase maturation peptidase HycI	1	GDKOHJ_16220
GDKOHJ_16215	formate hydrogenlyase assembly protein HycH	1	GDKOHJ_16215
GDKOHJ_16210	formate hydrogenlyase subunit HycG	1	GDKOHJ_16210
GDKOHJ_16205	formate hydrogenlyase subunit HycF	1	GDKOHJ_16205
GDKOHJ_16200	formate hydrogenlyase subunit HycE	1	GDKOHJ_16200
GDKOHJ_16195	formate hydrogenlyase subunit HycD	1	GDKOHJ_16195
GDKOHJ_16190	formate hydrogenlyase subunit 3	1	GDKOHJ_16190
GDKOHJ_16135	hypothetical protein	1	GDKOHJ_16135
GDKOHJ_16180	formate hydrogenlyase regulator HycA	1	GDKOHJ_16180
GDKOHJ_16175	hydrogenase maturation nickel metallochaperone HypA	1	GDKOHJ_16175
GDKOHJ_16170	hydrogenase nickel incorporation protein HypB	1	GDKOHJ_16170
GDKOHJ_16165	hydrogenase 3 maturation protein HypC	1	GDKOHJ_16165
GDKOHJ_16160	hydrogenase formation protein HypD	1	GDKOHJ_16160
GDKOHJ_16155	hydrogenase maturation carbamoyl dehydratase HypE	1	GDKOHJ_16155
GDKOHJ_16150	formate hydrogenlyase transcriptional activator FlhA	1	GDKOHJ_16150
GDKOHJ_16145	Molybdopterin-binding protein MopI	1	GDKOHJ_16145
GDKOHJ_16140	nitrous oxide-stimulated promoter family protein	1	GDKOHJ_16140
GDKOHJ_16185	formate hydrogenlyase subunit HycB	1	GDKOHJ_16185
GDKOHJ_00365	rhodanese-related sulfurtransferase	1	GDKOHJ_00365
GDKOHJ_00360	YceI family protein	1	GDKOHJ_00360
GDKOHJ_00355	Cytochrome b561-like protein	1	GDKOHJ_00355
GDKOHJ_00350	Uncharacterized protein YceO	1	GDKOHJ_00350
GDKOHJ_00345	N-methyl-L-tryptophan oxidase	1	GDKOHJ_00345
GDKOHJ_00340	biofilm formation regulator BssS	1	GDKOHJ_00340
GDKOHJ_00335	multidrug efflux MFS transporter MdtH	1	GDKOHJ_00335
GDKOHJ_00330	dihydroorotase	1	GDKOHJ_00330
GDKOHJ_00475	zinc-binding phosphatase	1	GDKOHJ_00475
GDKOHJ_00320	glutaredoxin 2	1	GDKOHJ_00320
GDKOHJ_00315	multidrug efflux MFS transporter MdtH	1	GDKOHJ_00315
GDKOHJ_00310	ribosomal protein S5-alanine N-acetyltransferase	1	GDKOHJ_00310
GDKOHJ_00305	UPF0502 protein YceH	1	GDKOHJ_00305
GDKOHJ_00300	Putative oxidoreductase YceM	1	GDKOHJ_00300
GDKOHJ_00295	murein biosynthesis integral membrane protein MurJ	1	GDKOHJ_00295
GDKOHJ_00290	flagella biosynthesis chaperone FlgN	1	GDKOHJ_00290
GDKOHJ_00285	flagellar biosynthesis anti-sigma factor FlgM	1	GDKOHJ_00285
GDKOHJ_00325	lipoprotein	1	GDKOHJ_00325
GDKOHJ_00470	molecular chaperone YcdY	1	GDKOHJ_00470
GDKOHJ_00465	Inner membrane protein YcdZ	1	GDKOHJ_00465
GDKOHJ_00460	curli production assembly/transport protein CsgG	1	GDKOHJ_00460
GDKOHJ_00455	curli production assembly/transport protein CsgF	1	GDKOHJ_00455
GDKOHJ_00450	curli production assembly/transport protein CsgE	1	GDKOHJ_00450
GDKOHJ_00445	transcriptional regulator CsgD	1	GDKOHJ_00445
GDKOHJ_00435	curli minor subunit CsgB	1	GDKOHJ_00435
GDKOHJ_00430	curli major subunit CsgA	1	GDKOHJ_00430
GDKOHJ_00370	kdo(2)-lipid IV(A) lauroyltransferase	1	GDKOHJ_00370
GDKOHJ_00420	Type 1 fimbrial protein	1	GDKOHJ_00420
GDKOHJ_00415	O-acetyl-ADP-ribose deacetylase	1	GDKOHJ_00415
GDKOHJ_00410	cardiolipin synthase ClsC	1	GDKOHJ_00410
GDKOHJ_00405	glucans biosynthesis protein MdoC	1	GDKOHJ_00405
GDKOHJ_00400	glucans biosynthesis protein MdoG	1	GDKOHJ_00400
GDKOHJ_00395	glucans biosynthesis glucosyltransferase MdoH	1	GDKOHJ_00395
GDKOHJ_00385	YceK/YidQ family lipoprotein	1	GDKOHJ_00385
GDKOHJ_00380	MysB family protein	1	GDKOHJ_00380
GDKOHJ_00375	multidrug efflux MFS transporter MdtG	1	GDKOHJ_00375
GDKOHJ_00425	curli assembly protein CsgC	1	GDKOHJ_00425
GDKOHJ_18440	AIDA-I family autotransporter adhesin YfaL/EhaC	1	GDKOHJ_18440
GDKOHJ_18435	class 1a ribonucleoside-diphosphate reductase subunit alpha	1	GDKOHJ_18435
GDKOHJ_18425	Protein YoaM	1	GDKOHJ_18425
GDKOHJ_18420	class Ia ribonucleoside-diphosphate reductase subunit beta	1	GDKOHJ_18420
GDKOHJ_18415	ferredoxin-like diferric-tyrosyl radical cofactor maintenance protein YfaE	1	GDKOHJ_18415
GDKOHJ_18410	lipopolysaccharide kinase InaA	1	GDKOHJ_18410
GDKOHJ_18405	Putative protein YfaH	1	GDKOHJ_18405
GDKOHJ_18400	glycerophosphodiester phosphodiesterase	1	GDKOHJ_18400
GDKOHJ_09295	formate dehydrogenase cytochrome b556 subunit	1	GDKOHJ_09295
GDKOHJ_18390	anaerobic glycerol-3-phosphate dehydrogenase subunit A	1	GDKOHJ_18390
GDKOHJ_18385	glycerol-3-phosphate dehydrogenase subunit GlpB	1	GDKOHJ_18385
GDKOHJ_18380	anaerobic glycerol-3-phosphate dehydrogenase subunit GlpC	1	GDKOHJ_18380
GDKOHJ_18375	ISNCY family transposase	1	GDKOHJ_18375
GDKOHJ_18370	ISNCY family transposase	1	GDKOHJ_18370
GDKOHJ_18365	2-keto-3-deoxy-L-rhamnonate aldolase	1	GDKOHJ_18365
GDKOHJ_18360	MFS transporter	1	GDKOHJ_18360
GDKOHJ_18355	L-rhamnonate dehydratase	1	GDKOHJ_18355
GDKOHJ_18395	glycerol-3-phosphate transporter GlpT	1	GDKOHJ_18395
GDKOHJ_18545	FAD:protein FMN transferase ApbE	1	GDKOHJ_18545
GDKOHJ_18540	porin OmpC	1	GDKOHJ_18540
GDKOHJ_18530	phosphotransferase RcsD	1	GDKOHJ_18530
GDKOHJ_18525	transcriptional regulator RcsB	1	GDKOHJ_18525
GDKOHJ_18510	two-component system sensor histidine kinase RcsC	1	GDKOHJ_18510
GDKOHJ_18505	two-component system sensor histidine kinase AtoS	1	GDKOHJ_18505
GDKOHJ_18500	acetoacetate metabolism transcriptional regulator AtoC	1	GDKOHJ_18500
GDKOHJ_18495	acetate CoA-transferase subunit alpha	1	GDKOHJ_18495
GDKOHJ_18445	bifunctional 2-polyprenyl-6-hydroxyphenol methylase/3-demethylubiquinol 3-O-methyltransferase UbiG	1	GDKOHJ_18445
GDKOHJ_18485	Putative short-chain fatty acid transporter	1	GDKOHJ_18485
GDKOHJ_18480	acetyl-CoA acetyltransferase	1	GDKOHJ_18480
GDKOHJ_18475	Uncharacterized protein YfaP	1	GDKOHJ_18475
GDKOHJ_18470	Uncharacterized protein YfaQ	1	GDKOHJ_18470
GDKOHJ_18465	Putative alpha-2-macroglobulin-like protein	1	GDKOHJ_18465
GDKOHJ_18460	DUF1175 domain-containing protein	1	GDKOHJ_18460
GDKOHJ_18455	Uncharacterized protein YfaA	1	GDKOHJ_18455
GDKOHJ_18450	DNA topoisomerase (ATP-hydrolyzing) subunit A	1	GDKOHJ_18450
GDKOHJ_18490	acetate CoA-transferase subunit beta	1	GDKOHJ_18490
GDKOHJ_08000	Protein YtcB	1	GDKOHJ_08000
GDKOHJ_07995	ammonia-forming nitrite reductase cytochrome c552 subunit	1	GDKOHJ_07995
GDKOHJ_07990	cytochrome c nitrite reductase pentaheme subunit	1	GDKOHJ_07990
GDKOHJ_07985	cytochrome c nitrite reductase Fe-S protein	1	GDKOHJ_07985
GDKOHJ_07980	cytochrome c nitrite reductase subunit NrfD	1	GDKOHJ_07980
GDKOHJ_07975	heme lyase NrfEFG subunit NrfF	1	GDKOHJ_07975
GDKOHJ_07970	heme lyase NrfEFG subunit NrfF	1	GDKOHJ_07970
GDKOHJ_07965	heme lyase NrfEFG subunit NrfG	1	GDKOHJ_07965
GDKOHJ_18350	Transcriptional regulator YfaX	1	GDKOHJ_18350
GDKOHJ_07930	Sel1 domain-containing protein	1	GDKOHJ_07930
GDKOHJ_07925	ABC transporter ATP-binding protein	1	GDKOHJ_07925
GDKOHJ_07920	ABC transporter ATP-binding protein	1	GDKOHJ_07920
GDKOHJ_07915	ABC-type dipeptide/oligopeptide/nickel transport system, permease component	1	GDKOHJ_07915
GDKOHJ_07910	ABC transporter permease	1	GDKOHJ_07910
GDKOHJ_07905	ABC transporter substrate-binding protein	1	GDKOHJ_07905
GDKOHJ_07900	formate dehydrogenase subunit alpha	1	GDKOHJ_07900
GDKOHJ_07895	multidrug efflux transporter outer membrane subunit MdtP	1	GDKOHJ_07895
GDKOHJ_07960	glutamate/aspartate:proton symporter GltP	1	GDKOHJ_07960
GDKOHJ_18345	IclR family transcriptional regulator	1	GDKOHJ_18345
GDKOHJ_18340	nicotinamide mononucleotide deamidase-related protein YfaY	1	GDKOHJ_18340
GDKOHJ_18335	Outer membrane protein YfaZ	1	GDKOHJ_18335
GDKOHJ_18330	nucleoside triphosphatase NudI	1	GDKOHJ_18330
GDKOHJ_18325	Lipopolysaccharide core heptose(II)-phosphate phosphatase	1	GDKOHJ_18325
GDKOHJ_18320	UDP-4-amino-4-deoxy-L-arabinose aminotransferase	1	GDKOHJ_18320
GDKOHJ_18315	undecaprenyl-phosphate 4-deoxy-4-formamido-L-arabinose transferase	1	GDKOHJ_18315
GDKOHJ_18310	bifunctional UDP-4-amino-4-deoxy-L-arabinose formyltransferase/UDP-glucuronic acid oxidase ArnA	1	GDKOHJ_18310
GDKOHJ_08005	acetate--CoA ligase	1	GDKOHJ_08005
GDKOHJ_18300	lipid IV(A) 4-amino-4-deoxy-L-arabinosyltransferase	1	GDKOHJ_18300
GDKOHJ_18295	4-amino-4-deoxy-L-arabinose-phosphoundecaprenol flippase subunit ArnE	1	GDKOHJ_18295
GDKOHJ_18290	lipid IV(A) 4-amino-4-deoxy-L-arabinosyltransferase	1	GDKOHJ_18290
GDKOHJ_18285	signal transduction protein PmrD	1	GDKOHJ_18285
GDKOHJ_18280	o-succinylbenzoate--CoA ligase	1	GDKOHJ_18280
GDKOHJ_18275	o-succinylbenzoate synthase	1	GDKOHJ_18275
GDKOHJ_18270	1,4-dihydroxy-2-naphthoyl-CoA synthase	1	GDKOHJ_18270
GDKOHJ_18265	2-succinyl-6-hydroxy-2,4-cyclohexadiene-1-carboxylate synthase	1	GDKOHJ_18265
GDKOHJ_08025	DUF485 domain-containing protein	1	GDKOHJ_08025
GDKOHJ_18305	4-deoxy-4-formamido-L-arabinose-phosphoundecaprenol deformylase	1	GDKOHJ_18305
GDKOHJ_19895	yersiniabactin biosynthetic protein Irp1	1	GDKOHJ_19895
GDKOHJ_19890	yersiniabactin biosynthetic protein YbtU	1	GDKOHJ_19890
GDKOHJ_19885	yersiniabactin biosynthesis thioesterase YbtT	1	GDKOHJ_19885
GDKOHJ_19880	yersiniabactin biosynthesis salycil-AMP ligase YbtE	1	GDKOHJ_19880
GDKOHJ_19875	yersiniabactin receptor FyuA	1	GDKOHJ_19875
GDKOHJ_19870	Inverse autotransporter beta-domain domain-containing protein	1	GDKOHJ_19870
GDKOHJ_19865	Bacterial group 1 Ig-like protein	1	GDKOHJ_19865
GDKOHJ_19860	Invasin	1	GDKOHJ_19860
GDKOHJ_18550	bifunctional DNA-binding transcriptional regulator/O6-methylguanine-DNA methyltransferase Ada	1	GDKOHJ_18550
GDKOHJ_18780	fused PTS fructose transporter subunit IIA/HPr protein	1	GDKOHJ_18780
GDKOHJ_18775	sugar efflux transporter SetB	1	GDKOHJ_18775
GDKOHJ_18770	UPF0153 protein YeiW	1	GDKOHJ_18770
GDKOHJ_18765	elongation factor P-like protein YeiP	1	GDKOHJ_18765
GDKOHJ_18760	Uncharacterized oxidoreductase YeiQ	1	GDKOHJ_18760
GDKOHJ_18755	zinc-binding GTPase YeiR	1	GDKOHJ_18755
GDKOHJ_18750	Kdo(2)-lipid A phosphotransferase	1	GDKOHJ_18750
GDKOHJ_18745	bifunctional murein DD-endopeptidase/murein LD-carboxypeptidase	1	GDKOHJ_18745
GDKOHJ_18785	fused PTS fructose transporter subunit IIA/HPr protein	1	GDKOHJ_18785
GDKOHJ_20000	Plasmid replication protein RepL domain-containing protein	1	GDKOHJ_20000
GDKOHJ_19995	DUF4756 domain-containing protein	1	GDKOHJ_19995
GDKOHJ_19990	DNA-binding protein H-NS	1	GDKOHJ_19990
GDKOHJ_19985	hypothetical protein	1	GDKOHJ_19985
GDKOHJ_19980	Cytoplasmic protein	1	GDKOHJ_19980
GDKOHJ_19975	Putative DNA-binding protein	1	GDKOHJ_19975
GDKOHJ_19970	Cytoplasmic protein	1	GDKOHJ_19970
GDKOHJ_19965	Phage protein	1	GDKOHJ_19965
GDKOHJ_19900	Irp2	1	GDKOHJ_19900
GDKOHJ_19955	DUF4238 domain-containing protein	1	GDKOHJ_19955
GDKOHJ_19945	DgsA anti-repressor MtfA	1	GDKOHJ_19945
GDKOHJ_19935	Integrase/recombinase, includes phage integrase	1	GDKOHJ_19935
GDKOHJ_19930	salicylate synthase Irp9	1	GDKOHJ_19930
GDKOHJ_19925	putative signal transducer	1	GDKOHJ_19925
GDKOHJ_19920	yersiniabactin ABC transporter ATP-binding/permease protein YbtQ	1	GDKOHJ_19920
GDKOHJ_19915	yersiniabactin ABC transporter ATP-binding/permease protein YbtP	1	GDKOHJ_19915
GDKOHJ_19910	yersiniabactin transcriptional regulator YbtA	1	GDKOHJ_19910
GDKOHJ_19905	Irp2	1	GDKOHJ_19905
GDKOHJ_19960	ECs3513 protein	1	GDKOHJ_19960
GDKOHJ_18635	heme exporter protein CcmD	1	GDKOHJ_18635
GDKOHJ_18630	heme exporter protein CcmC	1	GDKOHJ_18630
GDKOHJ_18625	hypothetical protein	1	GDKOHJ_18625
GDKOHJ_18620	cytochrome c biogenesis heme-transporting ATPase CcmA	1	GDKOHJ_18620
GDKOHJ_18615	cytochrome c-type protein NapC	1	GDKOHJ_18615
GDKOHJ_18610	quinol dehydrogenase ferredoxin subunit NapH	1	GDKOHJ_18610
GDKOHJ_18605	quinol dehydrogenase ferredoxin subunit NapH	1	GDKOHJ_18605
GDKOHJ_18600	ferredoxin-type protein NapG	1	GDKOHJ_18600
GDKOHJ_18740	cyclic di-GMP phosphodiesterase	1	GDKOHJ_18740
GDKOHJ_18590	chaperone NapD	1	GDKOHJ_18590
GDKOHJ_18585	ferredoxin-type protein NapF	1	GDKOHJ_18585
GDKOHJ_18580	Orf 5' of aeg-46-5 protein	1	GDKOHJ_18580
GDKOHJ_18575	Uncharacterized protein YojO	1	GDKOHJ_18575
GDKOHJ_18570	serine protease inhibitor ecotin	1	GDKOHJ_18570
GDKOHJ_18565	malate dehydrogenase (quinone)	1	GDKOHJ_18565
GDKOHJ_18560	microcin J25 efflux ABC transporter YojI	1	GDKOHJ_18560
GDKOHJ_18555	DNA oxidative demethylase AlkB	1	GDKOHJ_18555
GDKOHJ_18595	nitrate reductase catalytic subunit NapA	1	GDKOHJ_18595
GDKOHJ_18735	Uncharacterized protein YejA	1	GDKOHJ_18735
GDKOHJ_18730	Inner membrane ABC transporter permease protein YejB	1	GDKOHJ_18730
GDKOHJ_18725	Inner membrane ABC transporter permease protein YejE	1	GDKOHJ_18725
GDKOHJ_18720	microcin C ABC transporter ATP-binding protein YejF	1	GDKOHJ_18720
GDKOHJ_18715	Uncharacterized protein YejG	1	GDKOHJ_18715
GDKOHJ_18710	multidrug efflux MFS transporter Bcr	1	GDKOHJ_18710
GDKOHJ_18705	16S rRNA pseudouridine(516) synthase RsuA	1	GDKOHJ_18705
GDKOHJ_18700	Putative DNA repair helicase RadD	1	GDKOHJ_18700
GDKOHJ_18640	cytochrome c maturation protein CcmE	1	GDKOHJ_18640
GDKOHJ_18690	nucleoid-associated protein YejK	1	GDKOHJ_18690
GDKOHJ_18685	UPF0352 protein YejL	1	GDKOHJ_18685
GDKOHJ_18680	LPS biosynthesis-modulating metalloenzyme YejM	1	GDKOHJ_18680
GDKOHJ_18670	Autotransporter outer membrane beta-barrel domain-containing protein	1	GDKOHJ_18670
GDKOHJ_18665	Outer membrane protein YejO	1	GDKOHJ_18665
GDKOHJ_18660	nitrate/nitrite response regulator protein NarP	1	GDKOHJ_18660
GDKOHJ_18655	cytochrome c-type biogenesis thiol:disulfide oxidoreductase CcmH	1	GDKOHJ_18655
GDKOHJ_18650	thiol:disulfide interchange protein DsbE	1	GDKOHJ_18650
GDKOHJ_18645	cytochrome c-type biogenesis heme lyase CcmF	1	GDKOHJ_18645
GDKOHJ_18695	50S ribosomal protein L25	1	GDKOHJ_18695
GDKOHJ_09625	NAD(P)H-flavin reductase	1	GDKOHJ_09625
GDKOHJ_09615	acetyl-CoA C-acyltransferase FadA	1	GDKOHJ_09615
GDKOHJ_09610	fatty acid oxidation complex subunit alpha FadB	1	GDKOHJ_09610
GDKOHJ_09605	Xaa-Pro dipeptidase	1	GDKOHJ_09605
GDKOHJ_09600	IMPACT family protein	1	GDKOHJ_09600
GDKOHJ_09595	Trk system potassium transporter TrkH	1	GDKOHJ_09595
GDKOHJ_09590	menaquinone-dependent protoporphyrinogen IX dehydrogenase	1	GDKOHJ_09590
GDKOHJ_09555	molybdopterin-guanine dinucleotide biosynthesis protein MobB	1	GDKOHJ_09555
GDKOHJ_07890	multidrug efflux transporter permease subunit MdtO	1	GDKOHJ_07890
GDKOHJ_09545	Protein YihD	1	GDKOHJ_09545
GDKOHJ_09540	stress response kinase SrkA	1	GDKOHJ_09540
GDKOHJ_09535	thiol:disulfide interchange protein DsbA	1	GDKOHJ_09535
GDKOHJ_09530	Thiol:disulfide interchange protein	1	GDKOHJ_09530
GDKOHJ_09525	Uncharacterized protein YihF	1	GDKOHJ_09525
GDKOHJ_09520	putative acyltransferase YihG	1	GDKOHJ_09520
GDKOHJ_09515	Succinate dehydrogenase	1	GDKOHJ_09515
GDKOHJ_09510	DNA polymerase I	1	GDKOHJ_09510
GDKOHJ_09550	molybdenum cofactor guanylyltransferase MobA	1	GDKOHJ_09550
GDKOHJ_09725	hypothetical protein	1	GDKOHJ_09725
GDKOHJ_09720	Putative carboxymethylenebutenolidase	1	GDKOHJ_09720
GDKOHJ_09715	uridine phosphorylase	1	GDKOHJ_09715
GDKOHJ_09710	C4-dicarboxylate ABC transporter permease	1	GDKOHJ_09710
GDKOHJ_09705	Permease	1	GDKOHJ_09705
GDKOHJ_09700	Periplasmic binding protein	1	GDKOHJ_09700
GDKOHJ_09695	2-dehydro-3-deoxy-6-phosphogalactonate aldolase	1	GDKOHJ_09695
GDKOHJ_09690	2-dehydro-3-deoxygalactonokinase	1	GDKOHJ_09690
GDKOHJ_09630	4-hydroxy-3-polyprenylbenzoate decarboxylase	1	GDKOHJ_09630
GDKOHJ_09680	DNA recombination protein RmuC	1	GDKOHJ_09680
GDKOHJ_09675	bifunctional demethylmenaquinone methyltransferase/2-methoxy-6-polyprenyl-1,4-benzoquinol methylase UbiE	1	GDKOHJ_09675
GDKOHJ_09670	ubiquinone biosynthesis protein UbiJ	1	GDKOHJ_09670
GDKOHJ_09660	ubiquinone biosynthesis regulatory protein kinase UbiB	1	GDKOHJ_09660
GDKOHJ_09655	Sec-independent protein translocase subunit TatA	1	GDKOHJ_09655
GDKOHJ_09650	Sec-independent protein translocase protein TatB	1	GDKOHJ_09650
GDKOHJ_09645	Sec-independent protein translocase subunit TatC	1	GDKOHJ_09645
GDKOHJ_09640	3'-5' ssDNA/RNA exonuclease TatD	1	GDKOHJ_09640
GDKOHJ_09635	transcription/translation regulatory transformer protein RfaH	1	GDKOHJ_09635
GDKOHJ_09685	Helix-turn-helix domain-containing protein	1	GDKOHJ_09685
GDKOHJ_09380	Sulfite exporter TauE/SafE/YfcA and related permeases, UPF0721 family	1	GDKOHJ_09380
GDKOHJ_09375	Aldose-1-epimerase	1	GDKOHJ_09375
GDKOHJ_09370	sulfoquinovose isomerase	1	GDKOHJ_09370
GDKOHJ_09365	sulfofructosephosphate aldolase	1	GDKOHJ_09365
GDKOHJ_09360	sulfolactaldehyde 3-reductase	1	GDKOHJ_09360
GDKOHJ_09355	sulfofructose kinase	1	GDKOHJ_09355
GDKOHJ_09350	HTH-type transcriptional repressor CsqR	1	GDKOHJ_09350
GDKOHJ_09345	glucose-1-phosphatase	1	GDKOHJ_09345
GDKOHJ_09505	Small protein SpfP	1	GDKOHJ_09505
GDKOHJ_09335	D-aminoacyl-tRNA deacylase	1	GDKOHJ_09335
GDKOHJ_09330	fatty acid biosynthesis protein FabY	1	GDKOHJ_09330
GDKOHJ_09325	Acetyl esterase	1	GDKOHJ_09325
GDKOHJ_09320	Antitoxin HigA-2	1	GDKOHJ_09320
GDKOHJ_09315	SWIM-type domain-containing protein	1	GDKOHJ_09315
GDKOHJ_09310	HNH endonuclease	1	GDKOHJ_09310
GDKOHJ_09305	Uncharacterized protein YiiE	1	GDKOHJ_09305
GDKOHJ_09300	formate dehydrogenase accessory protein FdhE	1	GDKOHJ_09300
GDKOHJ_09340	virulence factor BrkB family protein	1	GDKOHJ_09340
GDKOHJ_09495	ribosome biogenesis GTP-binding protein YihA/YsxC	1	GDKOHJ_09495
GDKOHJ_09490	Der GTPase-activating protein YihI	1	GDKOHJ_09490
GDKOHJ_09480	Der GTPase-activating protein YihI	1	GDKOHJ_09480
GDKOHJ_09475	oxygen-independent coproporphyrinogen III oxidase	1	GDKOHJ_09475
GDKOHJ_09465	Uncharacterized protein YshB	1	GDKOHJ_09465
GDKOHJ_09460	nitrogen regulation protein NR(I)	1	GDKOHJ_09460
GDKOHJ_09455	nitrogen regulation protein NR(II)	1	GDKOHJ_09455
GDKOHJ_09450	glutamate--ammonia ligase	1	GDKOHJ_09450
GDKOHJ_09385	sulfoquinovosidase	1	GDKOHJ_09385
GDKOHJ_09430	Phosphatase	1	GDKOHJ_09430
GDKOHJ_09425	Radical SAM protein	1	GDKOHJ_09425
GDKOHJ_09420	STM4012 family radical SAM protein	1	GDKOHJ_09420
GDKOHJ_09415	Sulfatase N-terminal domain-containing protein	1	GDKOHJ_09415
GDKOHJ_09410	ATP-grasp domain-containing protein	1	GDKOHJ_09410
GDKOHJ_09405	Cytoplasmic protein	1	GDKOHJ_09405
GDKOHJ_09400	porin OmpL	1	GDKOHJ_09400
GDKOHJ_09395	Putative sulfoquinovose importer	1	GDKOHJ_09395
GDKOHJ_09390	Na+/melibiose symporter or related transporter	1	GDKOHJ_09390
GDKOHJ_09440	ribosome-dependent GTPase TypA	1	GDKOHJ_09440
GDKOHJ_07790	phosphonate C-P lyase system protein PhnH	1	GDKOHJ_07790
GDKOHJ_07785	phosphonate C-P lyase system protein PhnG	1	GDKOHJ_07785
GDKOHJ_07780	phosphonate metabolism transcriptional regulator PhnF	1	GDKOHJ_07780
GDKOHJ_07775	Phosphonate ABC transporter, permease protein PhnE	1	GDKOHJ_07775
GDKOHJ_07765	phosphonate ABC transporter substrate-binding protein	1	GDKOHJ_07765
GDKOHJ_07760	phosphonate ABC transporter ATP-binding protein	1	GDKOHJ_07760
GDKOHJ_07755	VOC family metalloprotein YjdN	1	GDKOHJ_07755
GDKOHJ_07745	Protein YjdM	1	GDKOHJ_07745
GDKOHJ_09730	Cysteine hydrolase	1	GDKOHJ_09730
GDKOHJ_07735	Mutational suppressor of yhjH motility mutation, function uncharacterized	1	GDKOHJ_07735
GDKOHJ_07730	glycine betaine/L-proline transporter ProP	1	GDKOHJ_07730
GDKOHJ_07725	Putative membrane protein PmrR	1	GDKOHJ_07725
GDKOHJ_07715	two-component system sensor histidine kinase PmrB	1	GDKOHJ_07715
GDKOHJ_07710	two-component system response regulator BasR	1	GDKOHJ_07710
GDKOHJ_07705	Cell division protein	1	GDKOHJ_07705
GDKOHJ_07700	arginine/agmatine antiporter	1	GDKOHJ_07700
GDKOHJ_07695	DNA-binding transcriptional activator AdiY	1	GDKOHJ_07695
GDKOHJ_07740	clamp-binding protein CrfC	1	GDKOHJ_07740
GDKOHJ_07885	multidrug efflux transporter periplasmic adaptor subunit MdtN	1	GDKOHJ_07885
GDKOHJ_07880	Uncharacterized protein YtcA	1	GDKOHJ_07880
GDKOHJ_07875	alkyl sulfatase YjcS	1	GDKOHJ_07875
GDKOHJ_07870	allose kinase	1	GDKOHJ_07870
GDKOHJ_07865	D-allulose-6-phosphate 3-epimerase	1	GDKOHJ_07865
GDKOHJ_07860	D-allose ABC transporter permease	1	GDKOHJ_07860
GDKOHJ_07855	D-allose ABC transporter ATP-binding protein AlsA	1	GDKOHJ_07855
GDKOHJ_07850	D-allose transporter substrate-binding protein	1	GDKOHJ_07850
GDKOHJ_07795	alpha-D-ribose 1-methylphosphonate 5-triphosphate synthase subunit PhnI	1	GDKOHJ_07795
GDKOHJ_07840	bifunctional allose-6-phosphate isomerase/ribose-5-phosphate isomerase RpiB	1	GDKOHJ_07840
GDKOHJ_07835	DDRRRQL repeat protein YjdP	1	GDKOHJ_07835
GDKOHJ_07830	phosphonate metabolism protein PhnP	1	GDKOHJ_07830
GDKOHJ_07825	aminoalkylphosphonate N-acetyltransferase	1	GDKOHJ_07825
GDKOHJ_07820	ribose 1,5-bisphosphokinase	1	GDKOHJ_07820
GDKOHJ_07815	alpha-D-ribose 1-methylphosphonate 5-triphosphate diphosphatase	1	GDKOHJ_07815
GDKOHJ_07810	phosphonate C-P lyase system protein PhnL	1	GDKOHJ_07810
GDKOHJ_07805	phosphonate C-P lyase system protein PhnK	1	GDKOHJ_07805
GDKOHJ_07800	alpha-D-ribose 1-methylphosphonate 5-phosphate C-P-lyase PhnJ	1	GDKOHJ_07800
GDKOHJ_07845	als operon DNA-binding transcriptional repressor AlsR	1	GDKOHJ_07845
GDKOHJ_07560	UPF0401 protein c5157	1	GDKOHJ_07560
GDKOHJ_07555	META domain-containing protein	1	GDKOHJ_07555
GDKOHJ_07550	DNA-binding protein	1	GDKOHJ_07550
GDKOHJ_07545	hypothetical protein	1	GDKOHJ_07545
GDKOHJ_07540	G domain-containing protein	1	GDKOHJ_07540
GDKOHJ_07535	hypothetical protein	1	GDKOHJ_07535
GDKOHJ_07530	Inovirus Gp2 family protein	1	GDKOHJ_07530
GDKOHJ_07525	Inovirus Gp2 family protein	1	GDKOHJ_07525
GDKOHJ_07690	arginine decarboxylase	1	GDKOHJ_07690
GDKOHJ_07515	ABC transporter permease	1	GDKOHJ_07515
GDKOHJ_07505	Cation/multidrug efflux pump protein	1	GDKOHJ_07505
GDKOHJ_07500	Transcriptional repressor	1	GDKOHJ_07500
GDKOHJ_07495	AraC family transcriptional regulator	1	GDKOHJ_07495
GDKOHJ_07490	S-adenosylmethionine synthetase	1	GDKOHJ_07490
GDKOHJ_07485	methionine adenosyltransferase	1	GDKOHJ_07485
GDKOHJ_07480	Two-component response regulator, YesN/AraC family, consists of REC and AraC-type DNA-binding domains	1	GDKOHJ_07480
GDKOHJ_07475	Ligand-binding sensor domain	1	GDKOHJ_07475
GDKOHJ_07520	DNA-binding transcriptional regulator AlpA	1	GDKOHJ_07520
GDKOHJ_07685	transcriptional regulator MelR	1	GDKOHJ_07685
GDKOHJ_07680	alpha-galactosidase	1	GDKOHJ_07680
GDKOHJ_07675	Inner membrane protein YjdF	1	GDKOHJ_07675
GDKOHJ_07665	anaerobic C4-dicarboxylate transporter DcuB	1	GDKOHJ_07665
GDKOHJ_07660	two-component system response regulator DcuR	1	GDKOHJ_07660
GDKOHJ_07655	Sensor histidine kinase DcuS	1	GDKOHJ_07655
GDKOHJ_07650	Uncharacterized protein YjdI	1	GDKOHJ_07650
GDKOHJ_07645	Uncharacterized protein YjdJ	1	GDKOHJ_07645
GDKOHJ_07585	Phage-related protein	1	GDKOHJ_07585
GDKOHJ_07635	type V toxin-antitoxin system toxin GhoT	1	GDKOHJ_07635
GDKOHJ_07630	lysine--tRNA ligase	1	GDKOHJ_07630
GDKOHJ_07625	dipeptide/tripeptide permease DtpC	1	GDKOHJ_07625
GDKOHJ_07620	lysine decarboxylase CadA	1	GDKOHJ_07620
GDKOHJ_07615	cadaverine/lysine antiporter	1	GDKOHJ_07615
GDKOHJ_07610	lysine decarboxylation/transport transcriptional activator CadC	1	GDKOHJ_07610
GDKOHJ_07605	DUF4942 domain-containing protein	1	GDKOHJ_07605
GDKOHJ_07600	Aec77	1	GDKOHJ_07600
GDKOHJ_07595	Aec76	1	GDKOHJ_07595
GDKOHJ_07640	type V toxin-antitoxin system endoribonuclease antitoxin GhoS	1	GDKOHJ_07640
GDKOHJ_03365	1-deoxyxylulose-5-phosphate synthase YajO	1	GDKOHJ_03365
GDKOHJ_03360	1-deoxy-D-xylulose-5-phosphate synthase	1	GDKOHJ_03360
GDKOHJ_03355	(2E,6E)-farnesyl diphosphate synthase	1	GDKOHJ_03355
GDKOHJ_03350	exodeoxyribonuclease VII small subunit	1	GDKOHJ_03350
GDKOHJ_03345	tRNA sulfurtransferase	1	GDKOHJ_03345
GDKOHJ_03340	protein deglycase YajL	1	GDKOHJ_03340
GDKOHJ_03335	2-dehydropantoate 2-reductase	1	GDKOHJ_03335
GDKOHJ_03330	nucleotide binding protein YajQ	1	GDKOHJ_03330
GDKOHJ_11515	Oxidoreductase subunit	1	GDKOHJ_11515
GDKOHJ_03320	Antitoxin component YwqK of the YwqJK toxin-antitoxin module	1	GDKOHJ_03320
GDKOHJ_03315	Inner membrane transport protein YajR	1	GDKOHJ_03315
GDKOHJ_03310	heme o synthase	1	GDKOHJ_03310
GDKOHJ_03305	cytochrome o ubiquinol oxidase subunit IV	1	GDKOHJ_03305
GDKOHJ_03300	cytochrome o ubiquinol oxidase subunit III	1	GDKOHJ_03300
GDKOHJ_03295	cytochrome o ubiquinol oxidase subunit I	1	GDKOHJ_03295
GDKOHJ_03290	cytochrome o ubiquinol oxidase subunit II	1	GDKOHJ_03290
GDKOHJ_03285	muropeptide MFS transporter AmpG	1	GDKOHJ_03285
GDKOHJ_03325	Periplasmic protein	1	GDKOHJ_03325
GDKOHJ_03455	branched-chain amino acid transporter carrier protein BrnQ	1	GDKOHJ_03455
GDKOHJ_03450	proline-specific permease ProY	1	GDKOHJ_03450
GDKOHJ_03445	maltodextrin glucosidase	1	GDKOHJ_03445
GDKOHJ_03440	ACP phosphodiesterase	1	GDKOHJ_03440
GDKOHJ_03435	tRNA preQ1(34) S-adenosylmethionine ribosyltransferase-isomerase QueA	1	GDKOHJ_03435
GDKOHJ_03430	tRNA guanosine(34) transglycosylase Tgt	1	GDKOHJ_03430
GDKOHJ_03425	preprotein translocase subunit YajC	1	GDKOHJ_03425
GDKOHJ_03420	Protein translocase subunit SecD	1	GDKOHJ_03420
GDKOHJ_03370	phosphatidylglycerophosphatase A	1	GDKOHJ_03370
GDKOHJ_03410	HNH nuclease YajD	1	GDKOHJ_03410
GDKOHJ_03405	nucleoside-specific channel-forming protein Tsx	1	GDKOHJ_03405
GDKOHJ_03400	Uncharacterized lipoprotein YajI	1	GDKOHJ_03400
GDKOHJ_03395	transcriptional regulator NrdR	1	GDKOHJ_03395
GDKOHJ_03390	bifunctional diaminohydroxyphosphoribosylaminopyrimidine deaminase/5-amino-6-(5-phosphoribosylamino)uracil reductase RibD	1	GDKOHJ_03390
GDKOHJ_03385	6,7-dimethyl-8-ribityllumazine synthase	1	GDKOHJ_03385
GDKOHJ_03380	transcription antitermination factor NusB	1	GDKOHJ_03380
GDKOHJ_03375	thiamine-phosphate kinase	1	GDKOHJ_03375
GDKOHJ_03415	Protein translocase subunit SecF	1	GDKOHJ_03415
GDKOHJ_03175	DNA base-flipping protein	1	GDKOHJ_03175
GDKOHJ_03165	Uncharacterized protein YbaA	1	GDKOHJ_03165
GDKOHJ_03160	cyclic-guanylate-specific phosphodiesterase PdeB	1	GDKOHJ_03160
GDKOHJ_03155	Inner membrane protein YlaC	1	GDKOHJ_03155
GDKOHJ_03150	maltose O-acetyltransferase	1	GDKOHJ_03150
GDKOHJ_03145	Hha toxicity modulator TomB	1	GDKOHJ_03145
GDKOHJ_03140	Hha toxicity modulator TomB	1	GDKOHJ_03140
GDKOHJ_03135	efflux RND transporter permease AcrB	1	GDKOHJ_03135
GDKOHJ_03280	Uncharacterized lipoprotein YajG	1	GDKOHJ_03280
GDKOHJ_03125	multidrug efflux transporter transcriptional repressor AcrR	1	GDKOHJ_03125
GDKOHJ_03120	mechanosensitive channel MscK	1	GDKOHJ_03120
GDKOHJ_03115	pleiotropic regulatory protein RsmS	1	GDKOHJ_03115
GDKOHJ_03110	primosomal replication protein N''	1	GDKOHJ_03110
GDKOHJ_03105	DUF454 domain-containing protein	1	GDKOHJ_03105
GDKOHJ_03100	adenine phosphoribosyltransferase	1	GDKOHJ_03100
GDKOHJ_03095	DNA polymerase III subunit gamma/tau	1	GDKOHJ_03095
GDKOHJ_03090	YbaB/EbfC family nucleoid-associated protein	1	GDKOHJ_03090
GDKOHJ_03130	multidrug efflux RND transporter periplasmic adaptor subunit AcrA	1	GDKOHJ_03130
GDKOHJ_03275	transcriptional regulator BolA	1	GDKOHJ_03275
GDKOHJ_03270	trigger factor	1	GDKOHJ_03270
GDKOHJ_03265	ATP-dependent Clp endopeptidase proteolytic subunit ClpP	1	GDKOHJ_03265
GDKOHJ_03260	ATP-dependent protease ATP-binding subunit ClpX	1	GDKOHJ_03260
GDKOHJ_03250	Lon protease	1	GDKOHJ_03250
GDKOHJ_03245	nucleoid-associated protein HU-beta	1	GDKOHJ_03245
GDKOHJ_03240	peptidylprolyl isomerase	1	GDKOHJ_03240
GDKOHJ_03235	Uncharacterized protein YbaV	1	GDKOHJ_03235
GDKOHJ_03180	Glycoprotein/polysaccharide metabolism	1	GDKOHJ_03180
GDKOHJ_03225	7-cyano-7-deazaguanine synthase QueC	1	GDKOHJ_03225
GDKOHJ_03220	Uncharacterized protein YbaE	1	GDKOHJ_03220
GDKOHJ_03215	HMP-PP phosphatase	1	GDKOHJ_03215
GDKOHJ_03210	DNA-binding transcriptional regulator DecR	1	GDKOHJ_03210
GDKOHJ_03205	SmdA family multidrug ABC transporter permease/ATP-binding protein	1	GDKOHJ_03205
GDKOHJ_03200	SmdB family multidrug efflux ABC transporter permease/ATP-binding protein	1	GDKOHJ_03200
GDKOHJ_03195	P-II family nitrogen regulator	1	GDKOHJ_03195
GDKOHJ_03190	ammonium transporter AmtB	1	GDKOHJ_03190
GDKOHJ_03185	acyl-CoA thioesterase II	1	GDKOHJ_03185
GDKOHJ_03230	long-chain acyl-CoA thioesterase FadM	1	GDKOHJ_03230
GDKOHJ_03745	NADPH-dependent aldehyde reductase YahK	1	GDKOHJ_03745
GDKOHJ_03740	LysE family translocator	1	GDKOHJ_03740
GDKOHJ_03735	DUF1471 domain-containing protein	1	GDKOHJ_03735
GDKOHJ_03730	propionate catabolism operon regulatory protein PrpR	1	GDKOHJ_03730
GDKOHJ_03725	methylisocitrate lyase	1	GDKOHJ_03725
GDKOHJ_03720	2-methylcitrate synthase	1	GDKOHJ_03720
GDKOHJ_03715	bifunctional 2-methylcitrate dehydratase/aconitate hydratase	1	GDKOHJ_03715
GDKOHJ_03710	propionate--CoA ligase	1	GDKOHJ_03710
GDKOHJ_03460	phosphate regulon sensor histidine kinase PhoR	1	GDKOHJ_03460
GDKOHJ_03690	cytosine/isoguanine deaminase	1	GDKOHJ_03690
GDKOHJ_03685	galactoside O-acetyltransferase	1	GDKOHJ_03685
GDKOHJ_03680	lactose permease	1	GDKOHJ_03680
GDKOHJ_03675	MFS transporter	1	GDKOHJ_03675
GDKOHJ_03670	beta-galactosidase	1	GDKOHJ_03670
GDKOHJ_03665	DNA-binding transcriptional repressor LacI	1	GDKOHJ_03665
GDKOHJ_03660	Uncharacterized protein YaiL	1	GDKOHJ_03660
GDKOHJ_03650	S-formylglutathione hydrolase	1	GDKOHJ_03650
GDKOHJ_03695	cytosine permease	1	GDKOHJ_03695
GDKOHJ_03850	outer membrane autotransporter HyxB	1	GDKOHJ_03850
GDKOHJ_03845	protein HyxA	1	GDKOHJ_03845
GDKOHJ_03840	hypothetical protein	1	GDKOHJ_03840
GDKOHJ_03835	LuxR family transcriptional regulator HyxR	1	GDKOHJ_03835
GDKOHJ_03830	tyrosine-type DNA invertase IpbA	1	GDKOHJ_03830
GDKOHJ_03825	hypothetical protein	1	GDKOHJ_03825
GDKOHJ_03820	choline dehydrogenase	1	GDKOHJ_03820
GDKOHJ_03815	betaine-aldehyde dehydrogenase	1	GDKOHJ_03815
GDKOHJ_03750	Uncharacterized protein YahJ	1	GDKOHJ_03750
GDKOHJ_03805	choline BCCT transporter BetT	1	GDKOHJ_03805
GDKOHJ_03790	DNA-binding transcriptional activator/c-di-GMP phosphodiesterase PdeL	1	GDKOHJ_03790
GDKOHJ_03785	Uncharacterized HTH-type transcriptional regulator YahB	1	GDKOHJ_03785
GDKOHJ_03780	Uncharacterized protein YahC	1	GDKOHJ_03780
GDKOHJ_03775	Ankyrin repeat	1	GDKOHJ_03775
GDKOHJ_03770	Uncharacterized protein YahE	1	GDKOHJ_03770
GDKOHJ_03765	Uncharacterized protein YahF	1	GDKOHJ_03765
GDKOHJ_03760	Uncharacterized protein YahG	1	GDKOHJ_03760
GDKOHJ_03755	Carbamate kinase-like protein YahI	1	GDKOHJ_03755
GDKOHJ_03810	transcriptional regulator BetI	1	GDKOHJ_03810
GDKOHJ_03545	anti-adapter protein IraP	1	GDKOHJ_03545
GDKOHJ_03540	alkaline phosphatase	1	GDKOHJ_03540
GDKOHJ_03535	phosphate starvation-inducible protein PsiF	1	GDKOHJ_03535
GDKOHJ_03530	diguanylate cyclase AdrA	1	GDKOHJ_03530
GDKOHJ_03525	pyrroline-5-carboxylate reductase	1	GDKOHJ_03525
GDKOHJ_03520	YaiI/YqxD family protein	1	GDKOHJ_03520
GDKOHJ_03515	shikimate kinase AroL	1	GDKOHJ_03515
GDKOHJ_03510	Uncharacterized protein YaiA	1	GDKOHJ_03510
GDKOHJ_03645	S-(hydroxymethyl)glutathione dehydrogenase	1	GDKOHJ_03645
GDKOHJ_03500	pyrimidine/purine nucleoside phosphorylase	1	GDKOHJ_03500
GDKOHJ_03495	hypothetical protein	1	GDKOHJ_03495
GDKOHJ_03490	recombination-associated protein RdgC	1	GDKOHJ_03490
GDKOHJ_03485	fructokinase	1	GDKOHJ_03485
GDKOHJ_03480	MFS transporter AraJ	1	GDKOHJ_03480
GDKOHJ_03475	exonuclease subunit SbcC	1	GDKOHJ_03475
GDKOHJ_03470	exonuclease subunit SbcD	1	GDKOHJ_03470
GDKOHJ_03465	phosphate response regulator transcription factor PhoB	1	GDKOHJ_03465
GDKOHJ_03505	Protein AroM	1	GDKOHJ_03505
GDKOHJ_03640	formaldehyde-responsive transcriptional repressor FrmR	1	GDKOHJ_03640
GDKOHJ_03635	Outer membrane protein YaiO	1	GDKOHJ_03635
GDKOHJ_03630	Acetyltransferase	1	GDKOHJ_03630
GDKOHJ_03625	Uncharacterized glycosyltransferase YaiP	1	GDKOHJ_03625
GDKOHJ_03620	Uncharacterized deacetylase YaiS	1	GDKOHJ_03620
GDKOHJ_03615	taurine ABC transporter substrate-binding protein	1	GDKOHJ_03615
GDKOHJ_03610	taurine ABC transporter ATP-binding subunit	1	GDKOHJ_03610
GDKOHJ_03605	taurine ABC transporter permease TauC	1	GDKOHJ_03605
GDKOHJ_03550	D-alanine--D-alanine ligase	1	GDKOHJ_03550
GDKOHJ_03595	porphobilinogen synthase	1	GDKOHJ_03595
GDKOHJ_03590	Autotransporter outer membrane beta-barrel domain-containing protein	1	GDKOHJ_03590
GDKOHJ_03585	hydrogen peroxide resistance inhibitor IprA	1	GDKOHJ_03585
GDKOHJ_03580	D-alanyl-D-alanine-carboxypeptidase/endopeptidase AmpH	1	GDKOHJ_03580
GDKOHJ_03575	hypothetical protein	1	GDKOHJ_03575
GDKOHJ_03570	peptide antibiotic transporter SbmA	1	GDKOHJ_03570
GDKOHJ_03565	surface-exposed outer membrane lipoprotein YaiW	1	GDKOHJ_03565
GDKOHJ_03560	Inner membrane protein YaiY	1	GDKOHJ_03560
GDKOHJ_03555	Uncharacterized protein YaiZ	1	GDKOHJ_03555
GDKOHJ_03600	taurine dioxygenase	1	GDKOHJ_03600
GDKOHJ_10195	ribokinase	1	GDKOHJ_10195
GDKOHJ_10190	ribose operon transcriptional repressor RbsR	1	GDKOHJ_10190
GDKOHJ_10185	putative transport protein HsrA	1	GDKOHJ_10185
GDKOHJ_10180	Uncharacterized HTH-type transcriptional regulator YieP	1	GDKOHJ_10180
GDKOHJ_10140	HTH-type transcriptional regulator HdfR	1	GDKOHJ_10140
GDKOHJ_10135	macrodomain Ori organization protein MaoP	1	GDKOHJ_10135
GDKOHJ_10130	YifB family Mg chelatase-like AAA ATPase	1	GDKOHJ_10130
GDKOHJ_10125	Uncharacterized protein IlvX	1	GDKOHJ_10125
GDKOHJ_03085	recombination mediator RecR	1	GDKOHJ_03085
GDKOHJ_10115	Acetolactate synthase isozyme 2 small subunit	1	GDKOHJ_10115
GDKOHJ_10110	branched-chain-amino-acid transaminase	1	GDKOHJ_10110
GDKOHJ_10105	dihydroxy-acid dehydratase	1	GDKOHJ_10105
GDKOHJ_10100	threonine ammonia-lyase, biosynthetic	1	GDKOHJ_10100
GDKOHJ_10095	HTH-type transcriptional activator IlvY	1	GDKOHJ_10095
GDKOHJ_10090	ketol-acid reductoisomerase	1	GDKOHJ_10090
GDKOHJ_10085	peptidylprolyl isomerase PpiC	1	GDKOHJ_10085
GDKOHJ_10080	DNA helicase Rep	1	GDKOHJ_10080
GDKOHJ_10120	acetolactate synthase 2 catalytic subunit	1	GDKOHJ_10120
GDKOHJ_10290	F0F1 ATP synthase subunit gamma	1	GDKOHJ_10290
GDKOHJ_10285	F0F1 ATP synthase subunit alpha	1	GDKOHJ_10285
GDKOHJ_10280	F0F1 ATP synthase subunit delta	1	GDKOHJ_10280
GDKOHJ_10275	F0F1 ATP synthase subunit B	1	GDKOHJ_10275
GDKOHJ_10270	F0F1 ATP synthase subunit C	1	GDKOHJ_10270
GDKOHJ_10265	F0F1 ATP synthase subunit A	1	GDKOHJ_10265
GDKOHJ_10260	F0F1 ATP synthase subunit I	1	GDKOHJ_10260
GDKOHJ_10255	16S rRNA (guanine(527)-N(7))-methyltransferase RsmG	1	GDKOHJ_10255
GDKOHJ_10200	ribose ABC transporter substrate-binding protein RbsB	1	GDKOHJ_10200
GDKOHJ_10245	FMN-binding protein MioC	1	GDKOHJ_10245
GDKOHJ_10240	transcriptional regulator AsnC	1	GDKOHJ_10240
GDKOHJ_10235	aspartate--ammonia ligase	1	GDKOHJ_10235
GDKOHJ_10230	ATPase RavA	1	GDKOHJ_10230
GDKOHJ_10225	ATPase RavA	1	GDKOHJ_10225
GDKOHJ_10220	low affinity potassium transporter Kup	1	GDKOHJ_10220
GDKOHJ_10215	D-ribose pyranase	1	GDKOHJ_10215
GDKOHJ_10210	ribose ABC transporter ATP-binding protein RbsA	1	GDKOHJ_10210
GDKOHJ_10205	ribose ABC transporter permease	1	GDKOHJ_10205
GDKOHJ_10250	tRNA uridine-5-carboxymethylaminomethyl(34) synthesis enzyme MnmG	1	GDKOHJ_10250
GDKOHJ_09945	protoheme IX biogenesis protein HemY	1	GDKOHJ_09945
GDKOHJ_09940	uroporphyrinogen-III C-methyltransferase	1	GDKOHJ_09940
GDKOHJ_09935	uroporphyrinogen-III synthase	1	GDKOHJ_09935
GDKOHJ_09930	hydroxymethylbilane synthase	1	GDKOHJ_09930
GDKOHJ_09925	class I adenylate cyclase	1	GDKOHJ_09925
GDKOHJ_09920	iron donor protein CyaY	1	GDKOHJ_09920
GDKOHJ_09915	DKNYY family protein	1	GDKOHJ_09915
GDKOHJ_09910	DKNYY family protein	1	GDKOHJ_09910
GDKOHJ_10075	guanosine-5'-triphosphate,3'-diphosphate diphosphatase	1	GDKOHJ_10075
GDKOHJ_09900	diaminopimelate epimerase	1	GDKOHJ_09900
GDKOHJ_09895	Uncharacterized protein YigA	1	GDKOHJ_09895
GDKOHJ_09890	tyrosine recombinase XerC	1	GDKOHJ_09890
GDKOHJ_09885	5-amino-6-(5-phospho-D-ribitylamino)uracil phosphatase YigB	1	GDKOHJ_09885
GDKOHJ_09880	DNA helicase II	1	GDKOHJ_09880
GDKOHJ_09875	Stereoselective (R,S)-S-adenosylmethionine hydrolase (adenosine-forming)	1	GDKOHJ_09875
GDKOHJ_09870	Uncharacterized protein YigE	1	GDKOHJ_09870
GDKOHJ_09865	magnesium/cobalt transporter CorA	1	GDKOHJ_09865
GDKOHJ_09905	Uncharacterized lipoprotein YifL	1	GDKOHJ_09905
GDKOHJ_10070	ATP-dependent RNA helicase RhlB	1	GDKOHJ_10070
GDKOHJ_10065	thioredoxin TrxA	1	GDKOHJ_10065
GDKOHJ_10060	transcription termination factor Rho	1	GDKOHJ_10060
GDKOHJ_10055	hypothetical protein	1	GDKOHJ_10055
GDKOHJ_10050	UDP-N-acetylglucosamine--undecaprenyl-phosphate N-acetylglucosaminephosphotransferase	1	GDKOHJ_10050
GDKOHJ_10045	ECA polysaccharide chain length modulation protein	1	GDKOHJ_10045
GDKOHJ_10040	UDP-N-acetylglucosamine 2-epimerase (non-hydrolyzing)	1	GDKOHJ_10040
GDKOHJ_10035	UDP-N-acetyl-D-mannosamine dehydrogenase	1	GDKOHJ_10035
GDKOHJ_09960	arylsulfatase AslA	1	GDKOHJ_09960
GDKOHJ_10025	glucose-1-phosphate thymidylyltransferase RfbA	1	GDKOHJ_10025
GDKOHJ_10020	dTDP-4-amino-4,6-dideoxy-D-galactose acyltransferase	1	GDKOHJ_10020
GDKOHJ_10015	dTDP-4-amino-4,6-dideoxygalactose transaminase	1	GDKOHJ_10015
GDKOHJ_10010	lipid III flippase WzxE	1	GDKOHJ_10010
GDKOHJ_10005	TDP-N-acetylfucosamine:lipid II N-acetylfucosaminyltransferase	1	GDKOHJ_10005
GDKOHJ_10000	ECA oligosaccharide polymerase	1	GDKOHJ_10000
GDKOHJ_09995	lipopolysaccharide N-acetylmannosaminouronosyltransferase	1	GDKOHJ_09995
GDKOHJ_09990	amino acid permease	1	GDKOHJ_09990
GDKOHJ_09965	anaerobic sulfatase maturase	1	GDKOHJ_09965
GDKOHJ_10030	dTDP-glucose 4,6-dehydratase	1	GDKOHJ_10030
GDKOHJ_02975	Helix-turn-helix domain-containing protein	1	GDKOHJ_02975
GDKOHJ_02970	Inner membrane protein YbbJ	1	GDKOHJ_02970
GDKOHJ_02965	Protein QmcA	1	GDKOHJ_02965
GDKOHJ_02960	iron ABC transporter ATP-binding protein FetA	1	GDKOHJ_02960
GDKOHJ_02955	iron export ABC transporter permease subunit FetB	1	GDKOHJ_02955
GDKOHJ_02950	chaperedoxin	1	GDKOHJ_02950
GDKOHJ_02945	NADP(+)-dependent aldehyde reductase	1	GDKOHJ_02945
GDKOHJ_02940	multifunctional acyl-CoA thioesterase I/protease I/lysophospholipase L1	1	GDKOHJ_02940
GDKOHJ_10295	F0F1 ATP synthase subunit beta	1	GDKOHJ_10295
GDKOHJ_02930	putative ABC transporter permease subunit YbbP	1	GDKOHJ_02930
GDKOHJ_02920	tRNA 2-selenouridine(34) synthase MnmH	1	GDKOHJ_02920
GDKOHJ_02915	HTH-type transcriptional activator AllS	1	GDKOHJ_02915
GDKOHJ_02910	ureidoglycolate lyase	1	GDKOHJ_02910
GDKOHJ_02905	HTH-type transcriptional repressor AllR	1	GDKOHJ_02905
GDKOHJ_02900	glyoxylate carboligase	1	GDKOHJ_02900
GDKOHJ_02895	hydroxypyruvate isomerase	1	GDKOHJ_02895
GDKOHJ_02890	2-hydroxy-3-oxopropionate reductase	1	GDKOHJ_02890
GDKOHJ_02935	putative ABC transporter ATP-binding protein YbbA	1	GDKOHJ_02935
GDKOHJ_03080	molecular chaperone HtpG	1	GDKOHJ_03080
GDKOHJ_03075	adenylate kinase	1	GDKOHJ_03075
GDKOHJ_03070	ferrochelatase	1	GDKOHJ_03070
GDKOHJ_03065	acetyl esterase	1	GDKOHJ_03065
GDKOHJ_03060	inosine/guanosine kinase	1	GDKOHJ_03060
GDKOHJ_03050	YbaL family putative K(+) efflux transporter	1	GDKOHJ_03050
GDKOHJ_03045	fosmidomycin MFS transporter	1	GDKOHJ_03045
GDKOHJ_03040	bifunctional UDP-sugar hydrolase/5'-nucleotidase	1	GDKOHJ_03040
GDKOHJ_02980	Adhesin	1	GDKOHJ_02980
GDKOHJ_03025	Uncharacterized protein YbaP	1	GDKOHJ_03025
GDKOHJ_03020	Toxin higB-1	1	GDKOHJ_03020
GDKOHJ_03015	HigA family addiction module antitoxin	1	GDKOHJ_03015
GDKOHJ_03010	copper-exporting P-type ATPase CopA	1	GDKOHJ_03010
GDKOHJ_03005	glutaminase A	1	GDKOHJ_03005
GDKOHJ_03000	Inner membrane transport protein YbaT	1	GDKOHJ_03000
GDKOHJ_02995	Cu(I)-responsive transcriptional regulator	1	GDKOHJ_02995
GDKOHJ_02990	Methyl-accepting chemotaxis protein	1	GDKOHJ_02990
GDKOHJ_02985	Lipoprotein	1	GDKOHJ_02985
GDKOHJ_03035	Cys-tRNA(Pro)/Cys-tRNA(Cys) deacylase YbaK	1	GDKOHJ_03035
GDKOHJ_02765	Prophage integrase	1	GDKOHJ_02765
GDKOHJ_02755	omptin family outer membrane protease OmpT	1	GDKOHJ_02755
GDKOHJ_02750	DUF4434 domain-containing protein	1	GDKOHJ_02750
GDKOHJ_02745	bacteriophage adsorption protein NfrA	1	GDKOHJ_02745
GDKOHJ_02740	cyclic di-3',5'-guanylate-activated glycosyltransferase NrfB	1	GDKOHJ_02740
GDKOHJ_02735	Cu(+)/Ag(+) sensor histidine kinase CusS	1	GDKOHJ_02735
GDKOHJ_02730	copper response regulator transcription factor CusR	1	GDKOHJ_02730
GDKOHJ_02725	Cu(+)/Ag(+) efflux RND transporter outer membrane channel CusC	1	GDKOHJ_02725
GDKOHJ_02885	putative allantoin permease	1	GDKOHJ_02885
GDKOHJ_02715	Cu(+)/Ag(+) efflux RND transporter periplasmic adaptor subunit CusB	1	GDKOHJ_02715
GDKOHJ_02710	Cu(+)/Ag(+) efflux RND transporter permease subunit CusA	1	GDKOHJ_02710
GDKOHJ_02705	phenylalanine transporter	1	GDKOHJ_02705
GDKOHJ_02700	mechanosensitive ion channel YbdG	1	GDKOHJ_02700
GDKOHJ_02695	oxygen-insensitive NAD(P)H nitroreductase NfsB	1	GDKOHJ_02695
GDKOHJ_02690	MmcQ/YjbR family DNA-binding protein	1	GDKOHJ_02690
GDKOHJ_02685	Uncharacterized protein YbdJ	1	GDKOHJ_02685
GDKOHJ_02680	YbdK family carboxylate-amine ligase	1	GDKOHJ_02680
GDKOHJ_02720	Cu(+)/Ag(+) efflux RND transporter periplasmic metallochaperone CusF	1	GDKOHJ_02720
GDKOHJ_02880	allantoinase	1	GDKOHJ_02880
GDKOHJ_02875	uracil/xanthine transporter	1	GDKOHJ_02875
GDKOHJ_02870	glycerate 3-kinase	1	GDKOHJ_02870
GDKOHJ_02860	(S)-ureidoglycine aminohydrolase	1	GDKOHJ_02860
GDKOHJ_02855	allantoate deiminase	1	GDKOHJ_02855
GDKOHJ_02850	ureidoglycolate dehydrogenase	1	GDKOHJ_02850
GDKOHJ_02845	Protein FdrA	1	GDKOHJ_02845
GDKOHJ_02840	Uncharacterized protein YlbE	1	GDKOHJ_02840
GDKOHJ_02775	Bifunctional protein FolD	1	GDKOHJ_02775
GDKOHJ_02830	carbamate kinase	1	GDKOHJ_02830
GDKOHJ_02815	5-(carboxyamino)imidazole ribonucleotide synthase	1	GDKOHJ_02815
GDKOHJ_02810	Phosphoribosylcarboxyaminoimidazole (NCAIR) mutase	1	GDKOHJ_02810
GDKOHJ_02805	Inner membrane protein	1	GDKOHJ_02805
GDKOHJ_02800	UDP-2,3-diacylglucosamine diphosphatase	1	GDKOHJ_02800
GDKOHJ_02795	peptidylprolyl isomerase B	1	GDKOHJ_02795
GDKOHJ_02790	cysteine--tRNA ligase	1	GDKOHJ_02790
GDKOHJ_02785	Inner membrane protein YbcI	1	GDKOHJ_02785
GDKOHJ_02780	ribosome-associated protein YbcJ	1	GDKOHJ_02780
GDKOHJ_02835	Uncharacterized protein YlbF	1	GDKOHJ_02835
GDKOHJ_04720	DNA polymerase III subunit alpha	1	GDKOHJ_04720
GDKOHJ_04715	acetyl-CoA carboxylase carboxyl transferase subunit alpha	1	GDKOHJ_04715
GDKOHJ_04710	lysine decarboxylase LdcC	1	GDKOHJ_04710
GDKOHJ_04705	VOC family protein	1	GDKOHJ_04705
GDKOHJ_04700	tRNA lysidine(34) synthetase TilS	1	GDKOHJ_04700
GDKOHJ_04695	Rho-binding antiterminator	1	GDKOHJ_04695
GDKOHJ_04690	YaeP family protein	1	GDKOHJ_04690
GDKOHJ_04685	Uncharacterized protein YaeQ	1	GDKOHJ_04685
GDKOHJ_03855	Inner membrane protein	1	GDKOHJ_03855
GDKOHJ_04675	envelope stress response activation lipoprotein NlpE	1	GDKOHJ_04675
GDKOHJ_04670	YaeF family permuted papain-like enzyme	1	GDKOHJ_04670
GDKOHJ_04665	proline--tRNA ligase	1	GDKOHJ_04665
GDKOHJ_04660	tRNA (N6-threonylcarbamoyladenosine(37)-N6)-methyltransferase TrmO	1	GDKOHJ_04660
GDKOHJ_04655	Rcs stress response system protein RcsF	1	GDKOHJ_04655
GDKOHJ_04650	methionine ABC transporter substrate-binding lipoprotein MetQ	1	GDKOHJ_04650
GDKOHJ_04645	D-methionine transport system permease protein MetI	1	GDKOHJ_04645
GDKOHJ_04640	methionine ABC transporter ATP-binding protein MetN	1	GDKOHJ_04640
GDKOHJ_04680	alternative ribosome rescue aminoacyl-tRNA hydrolase ArfB	1	GDKOHJ_04680
GDKOHJ_04815	bifunctional uridylyltransferase/uridylyl-removing protein GlnD	1	GDKOHJ_04815
GDKOHJ_04810	type I methionyl aminopeptidase	1	GDKOHJ_04810
GDKOHJ_04800	30S ribosomal protein S2	1	GDKOHJ_04800
GDKOHJ_04795	elongation factor Tu	1	GDKOHJ_04795
GDKOHJ_04790	UMP kinase	1	GDKOHJ_04790
GDKOHJ_04785	ribosome recycling factor	1	GDKOHJ_04785
GDKOHJ_04780	1-deoxy-D-xylulose-5-phosphate reductoisomerase	1	GDKOHJ_04780
GDKOHJ_04775	(2E,6E)-farnesyl-diphosphate-specific ditrans,polycis-undecaprenyl-diphosphate synthase	1	GDKOHJ_04775
GDKOHJ_04725	ribonuclease HII	1	GDKOHJ_04725
GDKOHJ_04765	phosphatidate cytidylyltransferase	1	GDKOHJ_04765
GDKOHJ_04760	sigma E protease regulator RseP	1	GDKOHJ_04760
GDKOHJ_04755	outer membrane protein assembly factor BamA	1	GDKOHJ_04755
GDKOHJ_04750	molecular chaperone Skp	1	GDKOHJ_04750
GDKOHJ_04745	UDP-3-O-(3-hydroxymyristoyl)glucosamine N-acyltransferase	1	GDKOHJ_04745
GDKOHJ_04740	3-hydroxyacyl-ACP dehydratase FabZ	1	GDKOHJ_04740
GDKOHJ_04735	acyl-ACP--UDP-N-acetylglucosamine O-acyltransferase	1	GDKOHJ_04735
GDKOHJ_04730	lipid-A-disaccharide synthase	1	GDKOHJ_04730
GDKOHJ_04770	CDP-diglyceride synthase	1	GDKOHJ_04770
GDKOHJ_04495	DewJ	1	GDKOHJ_04495
GDKOHJ_04490	type VI secretion system baseplate subunit TssG	1	GDKOHJ_04490
GDKOHJ_04485	type VI secretion system baseplate subunit TssF	1	GDKOHJ_04485
GDKOHJ_04480	type VI secretion system baseplate subunit TssE	1	GDKOHJ_04480
GDKOHJ_04475	type VI secretion system contractile sheath large subunit	1	GDKOHJ_04475
GDKOHJ_04470	type VI secretion system contractile sheath small subunit	1	GDKOHJ_04470
GDKOHJ_04465	Type VI secretion system protein, Hcp family	1	GDKOHJ_04465
GDKOHJ_04460	hypothetical protein	1	GDKOHJ_04460
GDKOHJ_04635	D-glycero-beta-D-manno-heptose 1,7-bisphosphate 7-phosphatase	1	GDKOHJ_04635
GDKOHJ_04450	DUF4123 domain-containing protein	1	GDKOHJ_04450
GDKOHJ_04445	hypothetical protein	1	GDKOHJ_04445
GDKOHJ_04440	Type VI secretion system protein	1	GDKOHJ_04440
GDKOHJ_04430	Aec15	1	GDKOHJ_04430
GDKOHJ_04425	DUF2169 domain-containing protein	1	GDKOHJ_04425
GDKOHJ_04420	DUF4150 domain-containing protein	1	GDKOHJ_04420
GDKOHJ_04415	Aec11	1	GDKOHJ_04415
GDKOHJ_04410	H repeat-associated protein ydcC	1	GDKOHJ_04410
GDKOHJ_04455	Type VI secretion system tip protein VgrG	1	GDKOHJ_04455
GDKOHJ_04595	2,5-didehydrogluconate reductase DkgB	1	GDKOHJ_04595
GDKOHJ_04590	DNA-binding transcriptional regulator YafC	1	GDKOHJ_04590
GDKOHJ_04585	endonuclease/exonuclease/phosphatase family protein	1	GDKOHJ_04585
GDKOHJ_04580	Ubiquinone/menaquinone biosynthesis C-methylase UbiE/MenG	1	GDKOHJ_04580
GDKOHJ_04575	murein transglycosylase D	1	GDKOHJ_04575
GDKOHJ_04570	hydroxyacylglutathione hydrolase	1	GDKOHJ_04570
GDKOHJ_04565	Uncharacterized protein YafS	1	GDKOHJ_04565
GDKOHJ_04560	ribonuclease HI	1	GDKOHJ_04560
GDKOHJ_04500	type VI secretion system lipoprotein TssJ	1	GDKOHJ_04500
GDKOHJ_04545	Lipoprotein	1	GDKOHJ_04545
GDKOHJ_04540	Aec32	1	GDKOHJ_04540
GDKOHJ_04535	Type VI secretion system ImpA family N-terminal domain-containing protein	1	GDKOHJ_04535
GDKOHJ_04530	type VI secretion system membrane subunit TssM	1	GDKOHJ_04530
GDKOHJ_04525	type VI secretion system protein TssA	1	GDKOHJ_04525
GDKOHJ_04520	type VI secretion system-associated protein VasI	1	GDKOHJ_04520
GDKOHJ_04515	type VI secretion system ATPase TssH	1	GDKOHJ_04515
GDKOHJ_04510	type IVB secretion system protein IcmH/DotU	1	GDKOHJ_04510
GDKOHJ_04505	type VI secretion system baseplate subunit TssK	1	GDKOHJ_04505
GDKOHJ_04555	DNA polymerase III subunit epsilon	1	GDKOHJ_04555
GDKOHJ_11085	mannitol operon repressor MtlR	1	GDKOHJ_11085
GDKOHJ_11080	Uncharacterized protein YibT	1	GDKOHJ_11080
GDKOHJ_11075	YibL family ribosome-associated protein	1	GDKOHJ_11075
GDKOHJ_11070	Putative inner membrane lipoprotein	1	GDKOHJ_11070
GDKOHJ_11065	Putative inner membrane lipoprotein	1	GDKOHJ_11065
GDKOHJ_11060	YadA-like family protein	1	GDKOHJ_11060
GDKOHJ_11055	L-lactate permease	1	GDKOHJ_11055
GDKOHJ_11050	transcriptional regulator LldR	1	GDKOHJ_11050
GDKOHJ_04820	2,3,4,5-tetrahydropyridine-2,6-dicarboxylate N-succinyltransferase	1	GDKOHJ_04820
GDKOHJ_11040	tRNA (uridine(34)/cytosine(34)/5-carboxymethylaminomethyluridine(34)-2'-O)-methyltransferase TrmL	1	GDKOHJ_11040
GDKOHJ_11035	serine O-acetyltransferase	1	GDKOHJ_11035
GDKOHJ_11030	NAD(P)H-dependent glycerol-3-phosphate dehydrogenase	1	GDKOHJ_11030
GDKOHJ_11025	protein-export chaperone SecB	1	GDKOHJ_11025
GDKOHJ_11020	glutaredoxin 3	1	GDKOHJ_11020
GDKOHJ_11015	Uncharacterized protein YibN	1	GDKOHJ_11015
GDKOHJ_11010	2,3-bisphosphoglycerate-independent phosphoglycerate mutase	1	GDKOHJ_11010
GDKOHJ_11005	murein hydrolase activator EnvC	1	GDKOHJ_11005
GDKOHJ_11045	quinone-dependent L-lactate dehydrogenase	1	GDKOHJ_11045
GDKOHJ_11195	3-keto-L-gulonate-6-phosphate decarboxylase UlaD	1	GDKOHJ_11195
GDKOHJ_11190	L-ribulose-5-phosphate 3-epimerase	1	GDKOHJ_11190
GDKOHJ_11185	L-ribulose-5-phosphate 4-epimerase	1	GDKOHJ_11185
GDKOHJ_11180	aldehyde dehydrogenase AldB	1	GDKOHJ_11180
GDKOHJ_11175	Fic family protein	1	GDKOHJ_11175
GDKOHJ_11170	L-threonine dehydrogenase	1	GDKOHJ_11170
GDKOHJ_11165	selenocysteine-specific translation elongation factor	1	GDKOHJ_11165
GDKOHJ_11160	L-seryl-tRNA(Sec) selenium transferase	1	GDKOHJ_11160
GDKOHJ_11090	mannitol-1-phosphate 5-dehydrogenase	1	GDKOHJ_11090
GDKOHJ_11150	Autotransporter outer membrane beta-barrel domain-containing protein	1	GDKOHJ_11150
GDKOHJ_11145	Fimbrial biogenesis outer membrane usher protein	1	GDKOHJ_11145
GDKOHJ_11140	Molecular chaperone	1	GDKOHJ_11140
GDKOHJ_11135	Fimbrial protein	1	GDKOHJ_11135
GDKOHJ_11130	Sigma-70 family RNA polymerase sigma factor	1	GDKOHJ_11130
GDKOHJ_11125	Putative fimbrial operon positive regulatory protein FanR	1	GDKOHJ_11125
GDKOHJ_11120	Inner membrane protein YibH	1	GDKOHJ_11120
GDKOHJ_11115	Uncharacterized protein YibI	1	GDKOHJ_11115
GDKOHJ_11110	PTS mannitol transporter subunit IICBA	1	GDKOHJ_11110
GDKOHJ_11155	glutathione S-transferase	1	GDKOHJ_11155
GDKOHJ_10900	50S ribosomal protein L28	1	GDKOHJ_10900
GDKOHJ_10895	DNA repair protein RadC	1	GDKOHJ_10895
GDKOHJ_10890	bifunctional phosphopantothenoylcysteine decarboxylase/phosphopantothenate--cysteine ligase CoaBC	1	GDKOHJ_10890
GDKOHJ_10885	dUTP diphosphatase	1	GDKOHJ_10885
GDKOHJ_10880	nucleoid occlusion factor SlmA	1	GDKOHJ_10880
GDKOHJ_10875	Orotate phosphoribosyltransferase	1	GDKOHJ_10875
GDKOHJ_10870	Putative PyrE leader peptide	1	GDKOHJ_10870
GDKOHJ_10865	ribonuclease PH	1	GDKOHJ_10865
GDKOHJ_11000	Uncharacterized protein YibQ	1	GDKOHJ_11000
GDKOHJ_10855	DNA damage-inducible protein D	1	GDKOHJ_10855
GDKOHJ_10850	UPF0126 inner membrane protein YicG	1	GDKOHJ_10850
GDKOHJ_10845	NAD-dependent DNA ligase LigB	1	GDKOHJ_10845
GDKOHJ_10840	guanylate kinase	1	GDKOHJ_10840
GDKOHJ_10835	DNA-directed RNA polymerase subunit omega	1	GDKOHJ_10835
GDKOHJ_04835	DNA-binding transcriptional regulator CdaR	1	GDKOHJ_04835
GDKOHJ_04830	DUF3461 domain-containing protein	1	GDKOHJ_04830
GDKOHJ_04825	phosphodiesterase YaeI	1	GDKOHJ_04825
GDKOHJ_10860	putative endoribonuclease YicC	1	GDKOHJ_10860
GDKOHJ_10995	UDP-glucuronate:LPS(HepIII) glycosyltransferase	1	GDKOHJ_10995
GDKOHJ_10990	L-threonine 3-dehydrogenase	1	GDKOHJ_10990
GDKOHJ_10985	glycine C-acetyltransferase	1	GDKOHJ_10985
GDKOHJ_10980	ADP-glyceromanno-heptose 6-epimerase	1	GDKOHJ_10980
GDKOHJ_10975	ADP-heptose--LPS heptosyltransferase RfaF	1	GDKOHJ_10975
GDKOHJ_10970	lipopolysaccharide heptosyltransferase RfaC	1	GDKOHJ_10970
GDKOHJ_10965	Ligase	1	GDKOHJ_10965
GDKOHJ_10960	Beta1,3-glucosyltransferase WaaV	1	GDKOHJ_10960
GDKOHJ_10905	50S ribosomal protein L33	1	GDKOHJ_10905
GDKOHJ_10950	lipopolysaccharide core heptose(II) kinase RfaY	1	GDKOHJ_10950
GDKOHJ_10945	Lipopolysaccharide biosynthesis protein, LPS:glycosyltransferase	1	GDKOHJ_10945
GDKOHJ_10940	lipopolysaccharide 3-alpha-galactosyltransferase	1	GDKOHJ_10940
GDKOHJ_10935	lipopolysaccharide core heptose(I) kinase RfaP	1	GDKOHJ_10935
GDKOHJ_10930	Lipopolysaccharide core biosynthesis protein RfaG	1	GDKOHJ_10930
GDKOHJ_10925	lipopolysaccharide core heptosyltransferase RfaQ	1	GDKOHJ_10925
GDKOHJ_10920	lipid IV(A) 3-deoxy-D-manno-octulosonic acid transferase	1	GDKOHJ_10920
GDKOHJ_10915	pantetheine-phosphate adenylyltransferase	1	GDKOHJ_10915
GDKOHJ_10910	bifunctional DNA-formamidopyrimidine glycosylase/DNA-(apurinic or apyrimidinic site) lyase	1	GDKOHJ_10910
GDKOHJ_10955	Lipopolysaccharide biosynthesis protein, LPS:glycosyltransferase	1	GDKOHJ_10955
GDKOHJ_04155	Flagellar hook-associated protein	1	GDKOHJ_04155
GDKOHJ_04150	OmpR/PhoB-type domain-containing protein	1	GDKOHJ_04150
GDKOHJ_04145	lateral flagellin LafA	1	GDKOHJ_04145
GDKOHJ_04120	Flagellar hook-associated protein 2	1	GDKOHJ_04120
GDKOHJ_04115	flagellar export chaperone FliS	1	GDKOHJ_04115
GDKOHJ_04110	Flagellar protein FliT	1	GDKOHJ_04110
GDKOHJ_04105	Lateral flagellar hook length control protein (FliK-like)	1	GDKOHJ_04105
GDKOHJ_04100	Flagellar protein FliL	1	GDKOHJ_04100
GDKOHJ_04405	ISAs1 family transposase	1	GDKOHJ_04405
GDKOHJ_04090	flagellar motor stator protein MotA	1	GDKOHJ_04090
GDKOHJ_04085	putative lateral flagellar export/assembly protein LafU	1	GDKOHJ_04085
GDKOHJ_04080	DNA polymerase IV	1	GDKOHJ_04080
GDKOHJ_04075	type I toxin-antitoxin system antitoxin YafN	1	GDKOHJ_04075
GDKOHJ_04070	type II toxin-antitoxin system mRNA interferase toxin YafO	1	GDKOHJ_04070
GDKOHJ_04065	GNAT family N-acetyltransferase	1	GDKOHJ_04065
GDKOHJ_04060	RNA ligase RtcB family protein	1	GDKOHJ_04060
GDKOHJ_04055	peptide chain release factor H	1	GDKOHJ_04055
GDKOHJ_04095	FliA/WhiG family RNA polymerase sigma factor	1	GDKOHJ_04095
GDKOHJ_04255	Putative glycerol-3-phosphate cytidylyltransferase	1	GDKOHJ_04255
GDKOHJ_04250	hypothetical protein	1	GDKOHJ_04250
GDKOHJ_04245	DUF3800 domain-containing protein	1	GDKOHJ_04245
GDKOHJ_04240	Glycosyltransferase, group 2 family protein	1	GDKOHJ_04240
GDKOHJ_04235	Putative lysine-N-methylase	1	GDKOHJ_04235
GDKOHJ_04230	Lateral flagellar chaperone protein (FlgN-like)	1	GDKOHJ_04230
GDKOHJ_04225	flagellar biosynthesis anti-sigma factor FlgM	1	GDKOHJ_04225
GDKOHJ_04220	Flagella basal body P-ring formation protein FlgA	1	GDKOHJ_04220
GDKOHJ_04160	flagellar hook-associated protein FlgL	1	GDKOHJ_04160
GDKOHJ_04210	flagellar basal body rod protein FlgC	1	GDKOHJ_04210
GDKOHJ_04205	Basal-body rod modification protein FlgD	1	GDKOHJ_04205
GDKOHJ_04195	flagellar hook protein FlgE	1	GDKOHJ_04195
GDKOHJ_04190	Flagellar basal body rod protein FlgF	1	GDKOHJ_04190
GDKOHJ_04185	flagellar basal-body rod protein FlgG	1	GDKOHJ_04185
GDKOHJ_04180	flagellar basal body L-ring protein FlgH	1	GDKOHJ_04180
GDKOHJ_04175	Flagellar basal body P-ring protein FlgI	1	GDKOHJ_04175
GDKOHJ_04170	Lateral flagellar peptidoglycan hydrolase	1	GDKOHJ_04170
GDKOHJ_04165	flagellar hook-associated protein FlgK	1	GDKOHJ_04165
GDKOHJ_04215	flagellar basal body rod protein FlgB	1	GDKOHJ_04215
GDKOHJ_03940	type B 50S ribosomal protein L31	1	GDKOHJ_03940
GDKOHJ_03935	small membrane protein YkgR	1	GDKOHJ_03935
GDKOHJ_03930	2,4-dienoyl-CoA reductase or related NADH-dependent reductase, Old Yellow Enzyme (OYE) family	1	GDKOHJ_03930
GDKOHJ_03925	DUF1100 domain-containing protein	1	GDKOHJ_03925
GDKOHJ_03920	DNA-binding transcriptional regulator, LysR family	1	GDKOHJ_03920
GDKOHJ_03915	DNA-binding transcriptional regulator, LysR family	1	GDKOHJ_03915
GDKOHJ_03910	Pyridoxal reductase PdxI or related oxidoreductase, aldo/keto reductase family	1	GDKOHJ_03910
GDKOHJ_03905	Aldo/keto reductase, related to diketogulonate reductase	1	GDKOHJ_03905
GDKOHJ_04050	cytosol nonspecific dipeptidase	1	GDKOHJ_04050
GDKOHJ_03895	Transcriptional regulator GlxA, contains an amidase domain and an AraC-type DNA-binding HTH domain	1	GDKOHJ_03895
GDKOHJ_03890	Aldo/keto reductase, related to diketogulonate reductase	1	GDKOHJ_03890
GDKOHJ_03885	reactive chlorine species resistance protein RclC	1	GDKOHJ_03885
GDKOHJ_03880	reactive chlorine resistance oxidoreductase RclA	1	GDKOHJ_03880
GDKOHJ_03875	DNA-binding transcriptional regulator RclR	1	GDKOHJ_03875
GDKOHJ_03870	Uncharacterized protein YkgE	1	GDKOHJ_03870
GDKOHJ_03865	LutB/LldF family L-lactate oxidation iron-sulfur protein	1	GDKOHJ_03865
GDKOHJ_03860	Uncharacterized protein YkgG	1	GDKOHJ_03860
GDKOHJ_03900	inverse autotransporter adhesin FdeC	1	GDKOHJ_03900
GDKOHJ_04045	xanthine phosphoribosyltransferase	1	GDKOHJ_04045
GDKOHJ_04040	esterase FrsA	1	GDKOHJ_04040
GDKOHJ_04035	sigma factor-binding protein Crl	1	GDKOHJ_04035
GDKOHJ_04030	phosphoporin PhoE	1	GDKOHJ_04030
GDKOHJ_04025	Glutamate 5-kinase	1	GDKOHJ_04025
GDKOHJ_04020	glutamate-5-semialdehyde dehydrogenase	1	GDKOHJ_04020
GDKOHJ_04010	CP4-like integrase	1	GDKOHJ_04010
GDKOHJ_04005	MarR family transcriptional regulator	1	GDKOHJ_04005
GDKOHJ_03945	Large ribosomal subunit protein bL36B	1	GDKOHJ_03945
GDKOHJ_03995	Protein SepA	1	GDKOHJ_03995
GDKOHJ_03990	Insertion element IS1 1/2/3/5/6 protein InsA	1	GDKOHJ_03990
GDKOHJ_03985	Inner membrane protein YagU	1	GDKOHJ_03985
GDKOHJ_03975	fimbrial chaperone EcpE	1	GDKOHJ_03975
GDKOHJ_03970	polymerized tip adhesin of ECP fibers	1	GDKOHJ_03970
GDKOHJ_03965	fimbrial usher EcpC	1	GDKOHJ_03965
GDKOHJ_03960	fimbrial chaperone EcpB	1	GDKOHJ_03960
GDKOHJ_03955	common pilus major fimbrillin subunit EcpA	1	GDKOHJ_03955
GDKOHJ_03950	regulator protein EcpR	1	GDKOHJ_03950
GDKOHJ_04000	vacuolating autotransporter toxin Vat	1	GDKOHJ_04000
GDKOHJ_04285	Flagellar hook-basal body complex protein FliE	1	GDKOHJ_04285
GDKOHJ_04280	flagellar basal-body MS-ring/collar protein FliF	1	GDKOHJ_04280
GDKOHJ_04275	Flagellar motor switch protein FliG	1	GDKOHJ_04275
GDKOHJ_16630	OmpA family protein	1	GDKOHJ_16630
GDKOHJ_16625	50S ribosomal protein L19	1	GDKOHJ_16625
GDKOHJ_16620	tRNA (guanosine(37)-N1)-methyltransferase TrmD	1	GDKOHJ_16620
GDKOHJ_16615	ribosome maturation factor RimM	1	GDKOHJ_16615
GDKOHJ_16610	30S ribosomal protein S16	1	GDKOHJ_16610
GDKOHJ_04260	flagellar export protein FliJ	1	GDKOHJ_04260
GDKOHJ_16600	Inner membrane protein YpjD	1	GDKOHJ_16600
GDKOHJ_16595	UPF0053 inner membrane protein YfjD	1	GDKOHJ_16595
GDKOHJ_16590	nucleotide exchange factor GrpE	1	GDKOHJ_16590
GDKOHJ_16585	NAD(+) kinase	1	GDKOHJ_16585
GDKOHJ_16580	DNA repair protein RecN	1	GDKOHJ_16580
GDKOHJ_16575	outer membrane protein assembly factor BamE	1	GDKOHJ_16575
GDKOHJ_16570	RnfH family protein	1	GDKOHJ_16570
GDKOHJ_16565	type II toxin-antitoxin system toxin RatA	1	GDKOHJ_16565
GDKOHJ_16605	signal recognition particle protein	1	GDKOHJ_16605
GDKOHJ_04400	Aec8	1	GDKOHJ_04400
GDKOHJ_04395	Conjugal transfer protein	1	GDKOHJ_04395
GDKOHJ_04390	hypothetical protein	1	GDKOHJ_04390
GDKOHJ_04385	2-oxoglutaramate amidase	1	GDKOHJ_04385
GDKOHJ_04380	Ivy family C-type lysozyme inhibitor	1	GDKOHJ_04380
GDKOHJ_04375	acyl-CoA dehydrogenase FadE	1	GDKOHJ_04375
GDKOHJ_04370	D-sedoheptulose 7-phosphate isomerase	1	GDKOHJ_04370
GDKOHJ_04360	putative glutamine amidotransferase YafJ	1	GDKOHJ_04360
GDKOHJ_04290	Sigma-54 factor interaction domain-containing protein	1	GDKOHJ_04290
GDKOHJ_04350	Cell wall-associated hydrolase, NlpC_P60 family	1	GDKOHJ_04350
GDKOHJ_04340	REP-associated tyrosine transposase RayT	1	GDKOHJ_04340
GDKOHJ_04330	Putative flagellar export/assembly protein LfhA	1	GDKOHJ_04330
GDKOHJ_04325	Flagellar biosynthesis protein FlhB	1	GDKOHJ_04325
GDKOHJ_04320	flagellar biosynthetic protein FliR	1	GDKOHJ_04320
GDKOHJ_04315	Flagellar biosynthesis protein FliQ	1	GDKOHJ_04315
GDKOHJ_04310	flagellar type III secretion system pore protein FliP	1	GDKOHJ_04310
GDKOHJ_04305	Flagellar motor switch protein FliN	1	GDKOHJ_04305
GDKOHJ_04300	Flagellar motor switch protein FliN-like C-terminal domain-containing protein	1	GDKOHJ_04300
GDKOHJ_04355	peptidoglycan meso-diaminopimelic acid protein amidase	1	GDKOHJ_04355
GDKOHJ_17815	D-serine ammonia-lyase	1	GDKOHJ_17815
GDKOHJ_17810	multidrug efflux MFS transporter permease subunit EmrY	1	GDKOHJ_17810
GDKOHJ_17805	multidrug efflux MFS transporter periplasmic adaptor subunit EmrK	1	GDKOHJ_17805
GDKOHJ_17800	Protein EvgL	1	GDKOHJ_17800
GDKOHJ_17795	acid-sensing system DNA-binding response regulator EvgA	1	GDKOHJ_17795
GDKOHJ_17790	acid-sensing system histidine kinase EvgS	1	GDKOHJ_17790
GDKOHJ_17785	CoA:oxalate CoA-transferase	1	GDKOHJ_17785
GDKOHJ_17780	transporter YfdV	1	GDKOHJ_17780
GDKOHJ_16560	SsrA-binding protein SmpB	1	GDKOHJ_16560
GDKOHJ_17770	formyl-CoA transferase	1	GDKOHJ_17770
GDKOHJ_17765	Protein YfdX	1	GDKOHJ_17765
GDKOHJ_17760	Lipoprotein	1	GDKOHJ_17760
GDKOHJ_17755	DUF2545 domain-containing protein	1	GDKOHJ_17755
GDKOHJ_17750	kdo(2)-lipid IV(A) palmitoleoyltransferase	1	GDKOHJ_17750
GDKOHJ_17745	membrane protein YpdK	1	GDKOHJ_17745
GDKOHJ_04270	flagellar assembly protein FliH	1	GDKOHJ_04270
GDKOHJ_04265	flagellar protein export ATPase FliI	1	GDKOHJ_04265
GDKOHJ_17775	oxalyl-CoA decarboxylase	1	GDKOHJ_17775
GDKOHJ_16550	glutarate dioxygenase GlaH	1	GDKOHJ_16550
GDKOHJ_16545	L-2-hydroxyglutarate oxidase	1	GDKOHJ_16545
GDKOHJ_16540	NADP-dependent succinate-semialdehyde dehydrogenase	1	GDKOHJ_16540
GDKOHJ_16535	4-aminobutyrate--2-oxoglutarate transaminase	1	GDKOHJ_16535
GDKOHJ_16530	GABA permease	1	GDKOHJ_16530
GDKOHJ_16525	DNA-binding transcriptional regulator CsiR	1	GDKOHJ_16525
GDKOHJ_16520	potassium binding protein Kbp	1	GDKOHJ_16520
GDKOHJ_16515	UPF0057 membrane protein YqaE	1	GDKOHJ_16515
GDKOHJ_17820	D-serine transporter DsdX	1	GDKOHJ_17820
GDKOHJ_16505	thiosulfate sulfurtransferase YgaP	1	GDKOHJ_16505
GDKOHJ_16500	DNA-binding protein StpA	1	GDKOHJ_16500
GDKOHJ_16495	L-alanine exporter AlaE	1	GDKOHJ_16495
GDKOHJ_16490	DUF2002 domain-containing protein	1	GDKOHJ_16490
GDKOHJ_16485	Uncharacterized protein YgaM	1	GDKOHJ_16485
GDKOHJ_17840	Sucrose permease	1	GDKOHJ_17840
GDKOHJ_17835	aminoimidazole riboside kinase	1	GDKOHJ_17835
GDKOHJ_17830	sucrose-6-phosphate hydrolase	1	GDKOHJ_17830
GDKOHJ_17825	DNA-binding transcriptional regulator, LacI/PurR family	1	GDKOHJ_17825
GDKOHJ_16510	DNA-binding transcriptional regulator, ArsR family	1	GDKOHJ_16510
GDKOHJ_22005	electron transport complex subunit RsxB	1	GDKOHJ_22005
GDKOHJ_22000	electron transport complex subunit RsxC	1	GDKOHJ_22000
GDKOHJ_21995	electron transport complex subunit RsxD	1	GDKOHJ_21995
GDKOHJ_21990	electron transport complex subunit RsxG	1	GDKOHJ_21990
GDKOHJ_21985	electron transport complex subunit RsxE	1	GDKOHJ_21985
GDKOHJ_21980	endonuclease III	1	GDKOHJ_21980
GDKOHJ_21975	dipeptide/tripeptide permease DtpA	1	GDKOHJ_21975
GDKOHJ_21970	glutathione transferase GstA	1	GDKOHJ_21970
GDKOHJ_09860	DUF943 domain-containing protein	1	GDKOHJ_09860
GDKOHJ_06400	Biofilm development YmgB/AriR family protein	1	GDKOHJ_06400
GDKOHJ_06395	Uncharacterized conserved protein, contains a phytase-like domain	1	GDKOHJ_06395
GDKOHJ_06390	IS66 family transposase	1	GDKOHJ_06390
GDKOHJ_06385	AlpA family phage regulatory protein	1	GDKOHJ_06385
GDKOHJ_06380	Aec62	1	GDKOHJ_06380
GDKOHJ_06375	DUF3987 domain-containing protein	1	GDKOHJ_06375
GDKOHJ_06370	putative GTPase	1	GDKOHJ_06370
GDKOHJ_06365	autotransporter adhesin Ag43	1	GDKOHJ_06365
GDKOHJ_06410	Protein YkiE	1	GDKOHJ_06410
GDKOHJ_22100	two-component system sensor histidine kinase RstB	1	GDKOHJ_22100
GDKOHJ_22095	DNA replication terminus site-binding protein	1	GDKOHJ_22095
GDKOHJ_22090	class II fumarate hydratase	1	GDKOHJ_22090
GDKOHJ_22080	mannose-6-phosphate isomerase	1	GDKOHJ_22080
GDKOHJ_22075	Protein YdgA	1	GDKOHJ_22075
GDKOHJ_22070	glucuronide uptake porin UidC	1	GDKOHJ_22070
GDKOHJ_22065	glucuronide transporter	1	GDKOHJ_22065
GDKOHJ_22060	beta-glucuronidase	1	GDKOHJ_22060
GDKOHJ_22010	electron transport complex subunit RsxA	1	GDKOHJ_22010
GDKOHJ_22050	7-alpha-hydroxysteroid dehydrogenase	1	GDKOHJ_22050
GDKOHJ_22045	mal regulon transcriptional regulator MalI	1	GDKOHJ_22045
GDKOHJ_22040	PTS maltose transporter subunit IICB	1	GDKOHJ_22040
GDKOHJ_22035	bifunctional maltose regulon transcriptional repressor/cystathionine beta-lyase MalY	1	GDKOHJ_22035
GDKOHJ_22030	adenosine deaminase	1	GDKOHJ_22030
GDKOHJ_22025	Uncharacterized oxidoreductase YdgJ	1	GDKOHJ_22025
GDKOHJ_22020	transcription modulator YdgT	1	GDKOHJ_22020
GDKOHJ_22015	Inner membrane protein YdgK	1	GDKOHJ_22015
GDKOHJ_22055	DNA-binding transcriptional regulator UidR	1	GDKOHJ_22055
GDKOHJ_06235	UPF0386 protein YjhX	1	GDKOHJ_06235
GDKOHJ_06230	Putative uncharacterized protein YjhR	1	GDKOHJ_06230
GDKOHJ_06225	putative 9-O-acetyl-N-acetylneuraminic acid deacetylase	1	GDKOHJ_06225
GDKOHJ_06220	N-acetylneuraminate epimerase	1	GDKOHJ_06220
GDKOHJ_06215	N-acetylneuraminic acid outer membrane channel NanC	1	GDKOHJ_06215
GDKOHJ_06210	type 1 fimbria switch DNA invertase FimB	1	GDKOHJ_06210
GDKOHJ_06205	type 1 fimbria switch DNA invertase FimE	1	GDKOHJ_06205
GDKOHJ_06200	Type-1 fimbrial protein, A chain precursor	1	GDKOHJ_06200
GDKOHJ_06360	DUF905 domain-containing protein	1	GDKOHJ_06360
GDKOHJ_06190	fimbria/pilus periplasmic chaperone	1	GDKOHJ_06190
GDKOHJ_06185	Type I fimbrial chaperone	1	GDKOHJ_06185
GDKOHJ_06180	fimbrial usher FimD	1	GDKOHJ_06180
GDKOHJ_06175	type 1 fimbria minor subunit FimF	1	GDKOHJ_06175
GDKOHJ_06170	type 1 fimbria minor subunit FimG	1	GDKOHJ_06170
GDKOHJ_06165	type 1 fimbria D-mannose specific adhesin FimH	1	GDKOHJ_06165
GDKOHJ_06160	gluconate permease GntP	1	GDKOHJ_06160
GDKOHJ_06155	mannonate dehydratase	1	GDKOHJ_06155
GDKOHJ_06195	Fimbrin-like protein fimI precursor	1	GDKOHJ_06195
GDKOHJ_06335	hypothetical protein	1	GDKOHJ_06335
GDKOHJ_06325	S-methyl-5-thioribose kinase	1	GDKOHJ_06325
GDKOHJ_06320	S-methyl-5-thioribose-1-phosphate isomerase	1	GDKOHJ_06320
GDKOHJ_06315	5-methylthioribulose-1-phosphate/5-deoxyribulose-1-phosphate aldolase	1	GDKOHJ_06315
GDKOHJ_06310	Integral membrane protein	1	GDKOHJ_06310
GDKOHJ_06305	Uncharacterized transcriptional regulator YjhU	1	GDKOHJ_06305
GDKOHJ_06300	Uncharacterized permease YjhF	1	GDKOHJ_06300
GDKOHJ_06295	xylonate dehydratase YjhG	1	GDKOHJ_06295
GDKOHJ_06240	Uncharacterized N-acetyltransferase YjhQ	1	GDKOHJ_06240
GDKOHJ_06285	Uncharacterized HTH-type transcriptional regulator YjhI	1	GDKOHJ_06285
GDKOHJ_06280	Putative sgc region transcriptional regulator	1	GDKOHJ_06280
GDKOHJ_06275	ribulose-phosphate 3 epimerase family protein	1	GDKOHJ_06275
GDKOHJ_06270	Putative phosphotransferase IIA component SgcA	1	GDKOHJ_06270
GDKOHJ_06265	BtpA family protein SgcQ	1	GDKOHJ_06265
GDKOHJ_06260	Putative permease IIC component	1	GDKOHJ_06260
GDKOHJ_06255	Putative phosphotransferase enzyme IIB component SgcB	1	GDKOHJ_06255
GDKOHJ_06250	Putative aminopeptidase SgcX	1	GDKOHJ_06250
GDKOHJ_06245	Uncharacterized protein YjhP	1	GDKOHJ_06245
GDKOHJ_06290	putative 2-dehydro-3-deoxy-D-pentonate aldolase YjhH	1	GDKOHJ_06290
GDKOHJ_22385	Putative selenoprotein YdfZ	1	GDKOHJ_22385
GDKOHJ_22380	Uncharacterized oxidoreductase YdfI	1	GDKOHJ_22380
GDKOHJ_22375	MHS family MFS transporter YdfJ	1	GDKOHJ_22375
GDKOHJ_22370	Zn-dependent oxidoreductase	1	GDKOHJ_22370
GDKOHJ_22360	YnfA family protein	1	GDKOHJ_22360
GDKOHJ_22355	DUF1283 domain-containing protein	1	GDKOHJ_22355
GDKOHJ_22350	spermidine N1-acetyltransferase	1	GDKOHJ_22350
GDKOHJ_22345	YnfC family lipoprotein	1	GDKOHJ_22345
GDKOHJ_22105	two-component system response regulator RstA	1	GDKOHJ_22105
GDKOHJ_22335	selenate/tellurate reductase subunit YnfE	1	GDKOHJ_22335
GDKOHJ_22330	selenate/tellurate reductase subunit YnfF	1	GDKOHJ_22330
GDKOHJ_22320	Anaerobic dimethyl sulfoxide reductase chain YnfH	1	GDKOHJ_22320
GDKOHJ_22315	Tat proofreading chaperone DmsD	1	GDKOHJ_22315
GDKOHJ_22310	voltage-gated ClC-type chloride channel ClcB	1	GDKOHJ_22310
GDKOHJ_22305	dethiobiotin synthase	1	GDKOHJ_22305
GDKOHJ_22300	DNA-binding transcriptional repressor Mlc	1	GDKOHJ_22300
GDKOHJ_22295	Uncharacterized HTH-type transcriptional regulator YnfL	1	GDKOHJ_22295
GDKOHJ_22340	Uncharacterized protein YnfD	1	GDKOHJ_22340
GDKOHJ_22500	L-arabinose MFS transporter	1	GDKOHJ_22500
GDKOHJ_22495	NAAT family transporter MarC	1	GDKOHJ_22495
GDKOHJ_22490	multiple antibiotic resistance transcriptional regulator MarR	1	GDKOHJ_22490
GDKOHJ_22485	MDR efflux pump AcrAB transcriptional activator MarA	1	GDKOHJ_22485
GDKOHJ_22480	multiple antibiotic resistance protein MarB	1	GDKOHJ_22480
GDKOHJ_22475	6-phospho-beta-glucosidase	1	GDKOHJ_22475
GDKOHJ_22470	Carbohydrate porin	1	GDKOHJ_22470
GDKOHJ_22465	N,N'-diacetylchitobiose-specific phosphotransferase enzyme IIA component	1	GDKOHJ_22465
GDKOHJ_22390	DNA-binding transcriptional regulator YdfH	1	GDKOHJ_22390
GDKOHJ_22455	Cellobiose-specific phosphotransferase enzyme IIB component	1	GDKOHJ_22455
GDKOHJ_22450	GntR family transcriptional regulator	1	GDKOHJ_22450
GDKOHJ_22445	O-acetylserine/cysteine exporter	1	GDKOHJ_22445
GDKOHJ_22440	efflux MFS transporter YdeE	1	GDKOHJ_22440
GDKOHJ_22435	protein MgtS	1	GDKOHJ_22435
GDKOHJ_22415	Invasin	1	GDKOHJ_22415
GDKOHJ_22405	diguanylate cyclase DgcZ	1	GDKOHJ_22405
GDKOHJ_22400	peptidyl-dipeptidase Dcp	1	GDKOHJ_22400
GDKOHJ_22395	bifunctional NADP-dependent 3-hydroxy acid dehydrogenase/3-hydroxypropionate dehydrogenase YdfG	1	GDKOHJ_22395
GDKOHJ_22460	Permease IIC component	1	GDKOHJ_22460
GDKOHJ_22190	DUF4222 domain-containing protein	1	GDKOHJ_22190
GDKOHJ_22185	Prophage protein	1	GDKOHJ_22185
GDKOHJ_22180	Prophage protein	1	GDKOHJ_22180
GDKOHJ_22175	Prophage protein	1	GDKOHJ_22175
GDKOHJ_22170	Prophage protein	1	GDKOHJ_22170
GDKOHJ_22165	Prophage protein	1	GDKOHJ_22165
GDKOHJ_22160	Host cell division inhibitor Icd-like protein	1	GDKOHJ_22160
GDKOHJ_22155	Phage protein	1	GDKOHJ_22155
GDKOHJ_22290	putative arabinose efflux permease AraJ, MFS family	1	GDKOHJ_22290
GDKOHJ_22145	putative PurR-regulated permease PerM	1	GDKOHJ_22145
GDKOHJ_22140	AI-2 transport protein TqsA	1	GDKOHJ_22140
GDKOHJ_22135	Re/Si-specific NAD(P)(+) transhydrogenase subunit beta	1	GDKOHJ_22135
GDKOHJ_22130	Re/Si-specific NAD(P)(+) transhydrogenase subunit alpha	1	GDKOHJ_22130
GDKOHJ_22125	DUF1471 domain-containing protein	1	GDKOHJ_22125
GDKOHJ_22120	Putative arginine/ornithine antiporter	1	GDKOHJ_22120
GDKOHJ_22115	dihydromonapterin reductase	1	GDKOHJ_22115
GDKOHJ_22110	Inner membrane protein YdgC	1	GDKOHJ_22110
GDKOHJ_22150	DUF4102 domain-containing protein	1	GDKOHJ_22150
GDKOHJ_22285	acid resistance repetitive basic protein Asr	1	GDKOHJ_22285
GDKOHJ_22280	Uncharacterized protein YdgU	1	GDKOHJ_22280
GDKOHJ_22275	Uncharacterized serine protease YdgD	1	GDKOHJ_22275
GDKOHJ_22270	multidrug/spermidine efflux SMR transporter subunit MdtI	1	GDKOHJ_22270
GDKOHJ_22265	multidrug/spermidine efflux SMR transporter subunit MdtJ	1	GDKOHJ_22265
GDKOHJ_22260	Transporter	1	GDKOHJ_22260
GDKOHJ_22255	Prophage protein	1	GDKOHJ_22255
GDKOHJ_22250	Phage terminase-like protein, large subunit, contains N-terminal HTH domain	1	GDKOHJ_22250
GDKOHJ_22195	DNA primase, phage- or plasmid-associated	1	GDKOHJ_22195
GDKOHJ_22240	5-methylcytosine-specific restriction endonuclease McrA	1	GDKOHJ_22240
GDKOHJ_22235	head-tail connector protein	1	GDKOHJ_22235
GDKOHJ_22230	head-tail connector protein	1	GDKOHJ_22230
GDKOHJ_22225	phage portal protein	1	GDKOHJ_22225
GDKOHJ_22220	HK97 family phage prohead protease	1	GDKOHJ_22220
GDKOHJ_22215	phage major capsid protein	1	GDKOHJ_22215
GDKOHJ_22210	PerC transcriptional activator	1	GDKOHJ_22210
GDKOHJ_22205	Single-stranded DNA-binding protein	1	GDKOHJ_22205
GDKOHJ_22200	Prophage protein	1	GDKOHJ_22200
GDKOHJ_22245	phage terminase small subunit P27 family	1	GDKOHJ_22245
GDKOHJ_00815	Putative Lon protease-like protein	1	GDKOHJ_00815
GDKOHJ_00810	macrodomain Ter protein MatP	1	GDKOHJ_00810
GDKOHJ_00805	outer membrane protein A	1	GDKOHJ_00805
GDKOHJ_00800	SOS-induced cell division inhibitor SulA	1	GDKOHJ_00800
GDKOHJ_00795	CRP-S regulon transcriptional coactivator Sxy	1	GDKOHJ_00795
GDKOHJ_00790	Inner membrane protein YccS	1	GDKOHJ_00790
GDKOHJ_00785	YccF domain-containing protein	1	GDKOHJ_00785
GDKOHJ_00780	DNA helicase IV	1	GDKOHJ_00780
GDKOHJ_06150	D-mannonate oxidoreductase	1	GDKOHJ_06150
GDKOHJ_00770	DUF2057 domain-containing protein	1	GDKOHJ_00770
GDKOHJ_00765	Uncharacterized protein YccU	1	GDKOHJ_00765
GDKOHJ_00760	heat shock protein HspQ	1	GDKOHJ_00760
GDKOHJ_00755	23S rRNA (cytosine(1962)-C(5))-methyltransferase RlmI	1	GDKOHJ_00755
GDKOHJ_00750	acylphosphatase	1	GDKOHJ_00750
GDKOHJ_00745	sulfurtransferase TusE	1	GDKOHJ_00745
GDKOHJ_00740	FtsH protease modulator YccA	1	GDKOHJ_00740
GDKOHJ_00730	hydrogenase 1 small subunit	1	GDKOHJ_00730
GDKOHJ_00775	methylglyoxal synthase	1	GDKOHJ_00775
GDKOHJ_00915	porin OmpF	1	GDKOHJ_00915
GDKOHJ_00910	asparagine--tRNA ligase	1	GDKOHJ_00910
GDKOHJ_00905	nicotinate phosphoribosyltransferase	1	GDKOHJ_00905
GDKOHJ_00900	aminopeptidase N	1	GDKOHJ_00900
GDKOHJ_00890	aliphatic sulfonates ABC transporter ATP-binding protein	1	GDKOHJ_00890
GDKOHJ_00885	aliphatic sulfonate ABC transporter permease SsuC	1	GDKOHJ_00885
GDKOHJ_00880	FMNH2-dependent alkanesulfonate monooxygenase	1	GDKOHJ_00880
GDKOHJ_00875	aliphatic sulfonate ABC transporter substrate-binding protein SsuA	1	GDKOHJ_00875
GDKOHJ_00820	bifunctional 3-hydroxydecanoyl-ACP dehydratase/trans-2-decenoyl-ACP isomerase	1	GDKOHJ_00820
GDKOHJ_00865	quinone-dependent dihydroorotate dehydrogenase	1	GDKOHJ_00865
GDKOHJ_00860	cell division protein ZapC	1	GDKOHJ_00860
GDKOHJ_00855	6-N-hydroxylaminopurine resistance protein YcbX	1	GDKOHJ_00855
GDKOHJ_00850	bifunctional 23S rRNA (guanine(2069)-N(7))-methyltransferase RlmK/23S rRNA (guanine(2445)-N(2))-methyltransferase RlmL	1	GDKOHJ_00850
GDKOHJ_00845	ABC transporter ATP-binding protein	1	GDKOHJ_00845
GDKOHJ_00840	membrane integrity-associated transporter subunit PqiA	1	GDKOHJ_00840
GDKOHJ_00835	intermembrane transport protein PqiB	1	GDKOHJ_00835
GDKOHJ_00830	membrane integrity-associated transporter subunit PqiC	1	GDKOHJ_00830
GDKOHJ_00825	ribosome modulation factor	1	GDKOHJ_00825
GDKOHJ_00870	NADPH-dependent FMN reductase	1	GDKOHJ_00870
GDKOHJ_00610	bifunctional glucose-1-phosphatase/inositol phosphatase	1	GDKOHJ_00610
GDKOHJ_00605	Uncharacterized protein YccJ	1	GDKOHJ_00605
GDKOHJ_00600	NAD(P)H:quinone oxidoreductase	1	GDKOHJ_00600
GDKOHJ_00595	Uncharacterized protein YmdF	1	GDKOHJ_00595
GDKOHJ_00590	pyrimidine utilization transport protein G	1	GDKOHJ_00590
GDKOHJ_00585	pyrimidine utilization flavin reductase protein F	1	GDKOHJ_00585
GDKOHJ_00580	malonic semialdehyde reductase	1	GDKOHJ_00580
GDKOHJ_00575	pyrimidine utilization protein D	1	GDKOHJ_00575
GDKOHJ_00725	Ni/Fe-hydrogenase large subunit	1	GDKOHJ_00725
GDKOHJ_00565	peroxyureidoacrylate/ureidoacrylate amidohydrolase RutB	1	GDKOHJ_00565
GDKOHJ_00560	pyrimidine utilization protein A	1	GDKOHJ_00560
GDKOHJ_00555	HTH-type transcriptional regulator RutR	1	GDKOHJ_00555
GDKOHJ_00550	trifunctional transcriptional regulator/proline dehydrogenase/L-glutamate gamma-semialdehyde dehydrogenase	1	GDKOHJ_00550
GDKOHJ_00545	Protein YmdG	1	GDKOHJ_00545
GDKOHJ_00540	sodium/proline symporter PutP	1	GDKOHJ_00540
GDKOHJ_00535	iron uptake transporter permease EfeU	1	GDKOHJ_00535
GDKOHJ_00530	iron uptake system protein EfeO	1	GDKOHJ_00530
GDKOHJ_00570	pyrimidine utilization protein C	1	GDKOHJ_00570
GDKOHJ_00720	Ni/Fe-hydrogenase b-type cytochrome subunit	1	GDKOHJ_00720
GDKOHJ_00715	hydrogenase 1 maturation protease	1	GDKOHJ_00715
GDKOHJ_00710	hydrogenase-1 operon protein HyaE	1	GDKOHJ_00710
GDKOHJ_00705	Hydrogenase expression/formation protein	1	GDKOHJ_00705
GDKOHJ_00700	cytochrome bd-II oxidase subunit 1	1	GDKOHJ_00700
GDKOHJ_00695	cytochrome d ubiquinol oxidase subunit II	1	GDKOHJ_00695
GDKOHJ_00690	cytochrome bd-II oxidase subunit CbdX	1	GDKOHJ_00690
GDKOHJ_00685	bifunctional acid phosphatase/4-phytase	1	GDKOHJ_00685
GDKOHJ_00615	curved DNA-binding protein	1	GDKOHJ_00615
GDKOHJ_00675	Protein GnsA	1	GDKOHJ_00675
GDKOHJ_00670	Putative electron transport protein YccM	1	GDKOHJ_00670
GDKOHJ_00665	TMAO reductase system sensor histidine kinase/response regulator TorS	1	GDKOHJ_00665
GDKOHJ_00660	TMAO reductase system periplasmic protein TorT	1	GDKOHJ_00660
GDKOHJ_00655	two-component system response regulator TorR	1	GDKOHJ_00655
GDKOHJ_00650	pentaheme c-type cytochrome TorC	1	GDKOHJ_00650
GDKOHJ_00645	trimethylamine-N-oxide reductase TorA	1	GDKOHJ_00645
GDKOHJ_00640	molecular chaperone TorD	1	GDKOHJ_00640
GDKOHJ_00620	chaperone modulator CbpM	1	GDKOHJ_00620
GDKOHJ_00680	cold shock protein CspG	1	GDKOHJ_00680
GDKOHJ_06050	endoribonuclease SymE	1	GDKOHJ_06050
GDKOHJ_06040	Type I restriction modification DNA specificity domain-containing protein	1	GDKOHJ_06040
GDKOHJ_06035	Type I restriction enzyme EcoEI methylase subunit	1	GDKOHJ_06035
GDKOHJ_06030	Type I site-specific restriction endonuclease, part of a restriction-modification system	1	GDKOHJ_06030
GDKOHJ_06025	ABC transporter permease	1	GDKOHJ_06025
GDKOHJ_06020	Antitoxin	1	GDKOHJ_06020
GDKOHJ_06015	GTPase	1	GDKOHJ_06015
GDKOHJ_06010	Uncharacterized protein YjiX	1	GDKOHJ_06010
GDKOHJ_00920	aspartate transaminase	1	GDKOHJ_00920
GDKOHJ_06000	methyl-accepting chemotaxis protein	1	GDKOHJ_06000
GDKOHJ_05995	TRAP transporter large permease protein	1	GDKOHJ_05995
GDKOHJ_05990	TRAP transporter small permease protein	1	GDKOHJ_05990
GDKOHJ_05985	C4-dicarboxylate ABC transporter	1	GDKOHJ_05985
GDKOHJ_05980	hypothetical protein	1	GDKOHJ_05980
GDKOHJ_05975	Na+/H+ antiporter	1	GDKOHJ_05975
GDKOHJ_05970	DNA-binding transcriptional regulator	1	GDKOHJ_05970
GDKOHJ_05965	L-galactonate-5-dehydrogenase	1	GDKOHJ_05965
GDKOHJ_06005	pyruvate/proton symporter BtsT	1	GDKOHJ_06005
GDKOHJ_06145	Uxu operon transcriptional regulator	1	GDKOHJ_06145
GDKOHJ_06140	Uncharacterized protein YjiC	1	GDKOHJ_06140
GDKOHJ_06135	Protein YtiC	1	GDKOHJ_06135
GDKOHJ_06130	iraD leader peptide	1	GDKOHJ_06130
GDKOHJ_06125	anti-adapter protein IraD	1	GDKOHJ_06125
GDKOHJ_06120	hypochlorite stress DNA-binding transcriptional regulator HypT	1	GDKOHJ_06120
GDKOHJ_06115	beta-aspartyl-peptidase	1	GDKOHJ_06115
GDKOHJ_06110	Inner membrane protein YjiG	1	GDKOHJ_06110
GDKOHJ_06055	DUF262 domain-containing protein	1	GDKOHJ_06055
GDKOHJ_06100	RNA 2'-phosphotransferase	1	GDKOHJ_06100
GDKOHJ_06095	Uncharacterized protein YjiJ	1	GDKOHJ_06095
GDKOHJ_06090	Uncharacterized protein YjiK	1	GDKOHJ_06090
GDKOHJ_06085	Uncharacterized protein YtiA	1	GDKOHJ_06085
GDKOHJ_06080	Uncharacterized protein YjiL	1	GDKOHJ_06080
GDKOHJ_06075	double-cubane-cluster-containing anaerobic reductase	1	GDKOHJ_06075
GDKOHJ_06070	Uncharacterized protein YjiN	1	GDKOHJ_06070
GDKOHJ_06065	Transposase (putative) YhgA-like domain-containing protein	1	GDKOHJ_06065
GDKOHJ_06060	DUF1127 domain-containing protein	1	GDKOHJ_06060
GDKOHJ_06105	Uncharacterized protein YjiH	1	GDKOHJ_06105
GDKOHJ_01005	30S ribosomal protein S1	1	GDKOHJ_01005
GDKOHJ_01000	integration host factor subunit beta	1	GDKOHJ_01000
GDKOHJ_00995	ComEC family protein	1	GDKOHJ_00995
GDKOHJ_00990	lipid A ABC transporter ATP-binding protein/permease MsbA	1	GDKOHJ_00990
GDKOHJ_00985	tetraacyldisaccharide 4'-kinase	1	GDKOHJ_00985
GDKOHJ_00980	Uncharacterized protein YcaQ	1	GDKOHJ_00980
GDKOHJ_00975	protein YcaR	1	GDKOHJ_00975
GDKOHJ_00970	3-deoxy-manno-octulosonate cytidylyltransferase	1	GDKOHJ_00970
GDKOHJ_05960	phosphatidylglycerol--membrane-oligosaccharide glycerophosphotransferase	1	GDKOHJ_05960
GDKOHJ_00960	envelope biogenesis factor ElyC	1	GDKOHJ_00960
GDKOHJ_00955	tRNA uridine 5-oxyacetic acid(34) methyltransferase CmoM	1	GDKOHJ_00955
GDKOHJ_00950	chromosome partition protein MukF	1	GDKOHJ_00950
GDKOHJ_00945	chromosome partition protein MukE	1	GDKOHJ_00945
GDKOHJ_00940	chromosome partition protein MukB	1	GDKOHJ_00940
GDKOHJ_00935	L,D-transpeptidase	1	GDKOHJ_00935
GDKOHJ_00930	Uncharacterized protein YcbK	1	GDKOHJ_00930
GDKOHJ_00925	hydroxyacylglutathione hydrolase GloC	1	GDKOHJ_00925
GDKOHJ_00965	Uncharacterized protein YcbJ	1	GDKOHJ_00965
GDKOHJ_05955	Uncharacterized protein YjjA	1	GDKOHJ_05955
GDKOHJ_05950	DNA replication protein DnaC	1	GDKOHJ_05950
GDKOHJ_05945	primosomal protein DnaT	1	GDKOHJ_05945
GDKOHJ_05940	threonine/serine exporter	1	GDKOHJ_05940
GDKOHJ_05935	putative succinate transporter subunit YjjP	1	GDKOHJ_05935
GDKOHJ_05930	DNA-binding response regulator, NarL/FixJ family, contains REC and HTH domains	1	GDKOHJ_05930
GDKOHJ_05925	DNA-binding transcriptional activator BglJ	1	GDKOHJ_05925
GDKOHJ_05920	siderophore-iron reductase FhuF	1	GDKOHJ_05920
GDKOHJ_01010	(d)CMP kinase	1	GDKOHJ_01010
GDKOHJ_05895	16S rRNA (guanine(1207)-N(2))-methyltransferase RsmC	1	GDKOHJ_05895
GDKOHJ_01050	pyruvate formate lyase 1-activating protein	1	GDKOHJ_01050
GDKOHJ_01045	formate C-acetyltransferase	1	GDKOHJ_01045
GDKOHJ_01040	formate transporter FocA	1	GDKOHJ_01040
GDKOHJ_01035	30S ribosomal protein S12 methylthiotransferase accessory factor YcaO	1	GDKOHJ_01035
GDKOHJ_01030	UPF0702 transmembrane protein YcaP	1	GDKOHJ_01030
GDKOHJ_01025	3-phosphoserine/phosphohydroxythreonine transaminase	1	GDKOHJ_01025
GDKOHJ_01020	3-phosphoshikimate 1-carboxyvinyltransferase	1	GDKOHJ_01020
GDKOHJ_01015	metallopeptidase YcaL	1	GDKOHJ_01015
GDKOHJ_05915	Uncharacterized protein YjjZ	1	GDKOHJ_05915
GDKOHJ_23555	Ybl63	1	GDKOHJ_23555
GDKOHJ_23550	Rhodococcus equi virulence-associated protein	1	GDKOHJ_23550
GDKOHJ_23545	Damage-inducible protein dinI-like	1	GDKOHJ_23545
GDKOHJ_23540	tryptophan synthase subunit alpha	1	GDKOHJ_23540
GDKOHJ_23535	tryptophan synthase subunit beta	1	GDKOHJ_23535
GDKOHJ_23530	bifunctional indole-3-glycerol-phosphate synthase TrpC/phosphoribosylanthranilate isomerase TrpF	1	GDKOHJ_23530
GDKOHJ_23525	bifunctional anthranilate synthase glutamate amidotransferase component TrpG/anthranilate phosphoribosyltransferase TrpD	1	GDKOHJ_23525
GDKOHJ_23520	anthranilate synthase component I	1	GDKOHJ_23520
GDKOHJ_22505	hypothetical protein	1	GDKOHJ_22505
GDKOHJ_23510	5'-3' exoribonuclease	1	GDKOHJ_23510
GDKOHJ_23505	L-threonylcarbamoyladenylate synthase	1	GDKOHJ_23505
GDKOHJ_23500	Uncharacterized protein YciQ	1	GDKOHJ_23500
GDKOHJ_23495	23S rRNA pseudouridine(2605) synthase RluB	1	GDKOHJ_23495
GDKOHJ_23490	cob(I)yrinic acid a,c-diamide adenosyltransferase	1	GDKOHJ_23490
GDKOHJ_23485	YciK family oxidoreductase	1	GDKOHJ_23485
GDKOHJ_23480	protease SohB	1	GDKOHJ_23480
GDKOHJ_23475	Protein YciN	1	GDKOHJ_23475
GDKOHJ_23515	trp operon leader peptide	1	GDKOHJ_23515
GDKOHJ_23720	Tape measure protein	1	GDKOHJ_23720
GDKOHJ_23715	phage tail assembly protein T	1	GDKOHJ_23715
GDKOHJ_23710	phage minor tail protein G	1	GDKOHJ_23710
GDKOHJ_23705	Uncharacterized conserved protein YjdB, contains Ig-like domain	1	GDKOHJ_23705
GDKOHJ_23700	Minor tail protein U	1	GDKOHJ_23700
GDKOHJ_23695	Minor tail protein Z (GpZ)	1	GDKOHJ_23695
GDKOHJ_23690	Tail attachment protein	1	GDKOHJ_23690
GDKOHJ_23685	DNA-packaging protein FI	1	GDKOHJ_23685
GDKOHJ_23635	Endopeptidase (Lysis protein) from bacteriophage origin	1	GDKOHJ_23635
GDKOHJ_23675	Head decoration protein	1	GDKOHJ_23675
GDKOHJ_23670	Head-tail preconnector protein GP5	1	GDKOHJ_23670
GDKOHJ_23665	phage portal protein	1	GDKOHJ_23665
GDKOHJ_23660	Head completion protein gp3	1	GDKOHJ_23660
GDKOHJ_23655	DNA packaging protein of prophage CP-933R terminase large subunit	1	GDKOHJ_23655
GDKOHJ_23650	Terminase small subunit (Gp1)	1	GDKOHJ_23650
GDKOHJ_23645	hypothetical protein	1	GDKOHJ_23645
GDKOHJ_23640	Protein TonB	1	GDKOHJ_23640
GDKOHJ_23680	Major capsid protein	1	GDKOHJ_23680
GDKOHJ_23365	Multidrug efflux pump subunit AcrB	1	GDKOHJ_23365
GDKOHJ_23360	Outer membrane protein TolC	1	GDKOHJ_23360
GDKOHJ_23355	putative arabinose efflux permease AraJ, MFS family	1	GDKOHJ_23355
GDKOHJ_23350	peptide ABC transporter ATP-binding protein SapF	1	GDKOHJ_23350
GDKOHJ_23345	peptide ABC transporter ATP-binding protein SapD	1	GDKOHJ_23345
GDKOHJ_23340	putrescine export ABC transporter permease SapC	1	GDKOHJ_23340
GDKOHJ_23335	putrescine export ABC transporter permease SapB	1	GDKOHJ_23335
GDKOHJ_23330	ABC transporter substrate-binding protein SapA	1	GDKOHJ_23330
GDKOHJ_23470	type I DNA topoisomerase	1	GDKOHJ_23470
GDKOHJ_23320	phage shock protein operon transcriptional activator	1	GDKOHJ_23320
GDKOHJ_23315	phage shock protein PspA	1	GDKOHJ_23315
GDKOHJ_23310	envelope stress response membrane protein PspB	1	GDKOHJ_23310
GDKOHJ_23305	envelope stress response membrane protein PspC	1	GDKOHJ_23305
GDKOHJ_23300	phage shock protein PspD	1	GDKOHJ_23300
GDKOHJ_23295	thiosulfate sulfurtransferase PspE	1	GDKOHJ_23295
GDKOHJ_23290	glucosylglycerate phosphorylase	1	GDKOHJ_23290
GDKOHJ_23285	ABC-type glycerol-3-phosphate transport system, periplasmic component	1	GDKOHJ_23285
GDKOHJ_23325	Uncharacterized protein YmjA	1	GDKOHJ_23325
GDKOHJ_23465	HTH-type transcriptional regulator CysB	1	GDKOHJ_23465
GDKOHJ_23460	YmiA family putative membrane protein	1	GDKOHJ_23460
GDKOHJ_23455	Protein, C-ter, truncated protein	1	GDKOHJ_23455
GDKOHJ_23445	aconitate hydratase AcnA	1	GDKOHJ_23445
GDKOHJ_23440	GTP cyclohydrolase-2	1	GDKOHJ_23440
GDKOHJ_23435	phosphatidylglycerophosphatase B	1	GDKOHJ_23435
GDKOHJ_23430	lipopolysaccharide assembly protein LapA	1	GDKOHJ_23430
GDKOHJ_23425	lipopolysaccharide assembly protein LapB	1	GDKOHJ_23425
GDKOHJ_23370	Multidrug efflux pump subunit AcrA (membrane-fusion protein)	1	GDKOHJ_23370
GDKOHJ_23415	stress response translation initiation inhibitor YciH	1	GDKOHJ_23415
GDKOHJ_23410	osmotically-inducible lipoprotein OsmB	1	GDKOHJ_23410
GDKOHJ_23405	DNA-binding transcriptional regulator YciT	1	GDKOHJ_23405
GDKOHJ_23400	UPF0509 protein YciZ	1	GDKOHJ_23400
GDKOHJ_23395	cyclic di-GMP phosphodiesterase	1	GDKOHJ_23395
GDKOHJ_23390	exoribonuclease II	1	GDKOHJ_23390
GDKOHJ_23385	Uncharacterized protein YciW	1	GDKOHJ_23385
GDKOHJ_23380	enoyl-ACP reductase FabI	1	GDKOHJ_23380
GDKOHJ_23375	DNA-binding protein, AcrR family, includes nucleoid occlusion protein SlmA	1	GDKOHJ_23375
GDKOHJ_23420	orotidine-5'-phosphate decarboxylase	1	GDKOHJ_23420
GDKOHJ_09760	Cytosine permease	1	GDKOHJ_09760
GDKOHJ_09755	Glutamyl-tRNA amidotransferase	1	GDKOHJ_09755
GDKOHJ_09750	carbamate kinase	1	GDKOHJ_09750
GDKOHJ_09745	Ybl186	1	GDKOHJ_09745
GDKOHJ_09740	Acyl-CoA synthetase FdrA	1	GDKOHJ_09740
GDKOHJ_09735	DUF2877 domain-containing protein	1	GDKOHJ_09735
GDKOHJ_24035	Endoribonuclease PemK	1	GDKOHJ_24035
GDKOHJ_24020	mercury resistance transcriptional regulator MerR	1	GDKOHJ_24020
GDKOHJ_23725	hypothetical protein	1	GDKOHJ_23725
GDKOHJ_24010	mercury resistance system periplasmic binding protein MerP	1	GDKOHJ_24010
GDKOHJ_24005	organomercurial transporter MerC	1	GDKOHJ_24005
GDKOHJ_24000	mercury(II) reductase	1	GDKOHJ_24000
GDKOHJ_23995	mercury resistance co-regulator MerD	1	GDKOHJ_23995
GDKOHJ_23990	broad-spectrum mercury transporter MerE	1	GDKOHJ_23990
GDKOHJ_23985	EAL domain-containing protein	1	GDKOHJ_23985
GDKOHJ_23980	Integrase	1	GDKOHJ_23980
GDKOHJ_23970	aminoglycoside O-phosphotransferase APH(6)-Id	1	GDKOHJ_23970
GDKOHJ_24015	mercuric transport protein MerT	1	GDKOHJ_24015
GDKOHJ_09855	DUF3289 domain-containing protein	1	GDKOHJ_09855
GDKOHJ_09850	EamA family transporter RarD	1	GDKOHJ_09850
GDKOHJ_09845	thioesterase family protein	1	GDKOHJ_09845
GDKOHJ_09840	phospholipase A	1	GDKOHJ_09840
GDKOHJ_09835	ATP-dependent DNA helicase RecQ	1	GDKOHJ_09835
GDKOHJ_09830	threonine export protein RhtC	1	GDKOHJ_09830
GDKOHJ_09825	homoserine/homoserine lactone efflux protein	1	GDKOHJ_09825
GDKOHJ_09820	lysophospholipase L2	1	GDKOHJ_09820
GDKOHJ_09765	LysR family transcriptional regulator	1	GDKOHJ_09765
GDKOHJ_09810	biotin transporter	1	GDKOHJ_09810
GDKOHJ_09805	HTH-type transcriptional regulator MetR	1	GDKOHJ_09805
GDKOHJ_09800	5-methyltetrahydropteroyltriglutamate--homocysteine S-methyltransferase	1	GDKOHJ_09800
GDKOHJ_09795	MarR family transcriptional regulator	1	GDKOHJ_09795
GDKOHJ_09790	Hcp1 family type VI secretion system effector	1	GDKOHJ_09790
GDKOHJ_09785	SIS domain-containing protein	1	GDKOHJ_09785
GDKOHJ_09780	PTS system glucose-specific EIICB component	1	GDKOHJ_09780
GDKOHJ_09775	transketolase	1	GDKOHJ_09775
GDKOHJ_09770	Transcriptional regulator	1	GDKOHJ_09770
GDKOHJ_09815	sugar/pyridoxal phosphate phosphatase YigL	1	GDKOHJ_09815
GDKOHJ_23835	ABC transporter ATP-binding protein	1	GDKOHJ_23835
GDKOHJ_23830	Thiol-disulfide oxidoreductase ResA	1	GDKOHJ_23830
GDKOHJ_23825	Sigma-70, region 4	1	GDKOHJ_23825
GDKOHJ_23820	Glucose-1-phosphatase	1	GDKOHJ_23820
GDKOHJ_23815	Glucose-1-phosphatase	1	GDKOHJ_23815
GDKOHJ_23810	Transposase	1	GDKOHJ_23810
GDKOHJ_23795	MobB	1	GDKOHJ_23795
GDKOHJ_23790	hypothetical protein	1	GDKOHJ_23790
GDKOHJ_23965	aminoglycoside O-phosphotransferase APH(3'')-Ib	1	GDKOHJ_23965
GDKOHJ_23775	Cloacin	1	GDKOHJ_23775
GDKOHJ_23770	Exc2 family lipoprotein	1	GDKOHJ_23770
GDKOHJ_23765	Plasmid stabilization protein	1	GDKOHJ_23765
GDKOHJ_23760	Plasmid stabilization system protein ParE	1	GDKOHJ_23760
GDKOHJ_23755	Entry exclusion protein 1	1	GDKOHJ_23755
GDKOHJ_23750	Regulatory protein rop	1	GDKOHJ_23750
GDKOHJ_23745	hypothetical protein	1	GDKOHJ_23745
GDKOHJ_23740	replication-relaxation family protein	1	GDKOHJ_23740
GDKOHJ_23780	Cloacin immunity protein	1	GDKOHJ_23780
GDKOHJ_23960	sulfonamide-resistant dihydropteroate synthase Sul2	1	GDKOHJ_23960
GDKOHJ_23955	Replication initiator protein C	1	GDKOHJ_23955
GDKOHJ_23950	Regulatory protein RepA	1	GDKOHJ_23950
GDKOHJ_23940	IS4 family transposase	1	GDKOHJ_23940
GDKOHJ_23935	Transposon Tn10 TetD protein	1	GDKOHJ_23935
GDKOHJ_23930	tetracyline resistance-associated transcriptional repressor TetC	1	GDKOHJ_23930
GDKOHJ_23925	tetracycline efflux MFS transporter Tet(B)	1	GDKOHJ_23925
GDKOHJ_23920	tetracycline resistance transcriptional repressor TetR(B)	1	GDKOHJ_23920
GDKOHJ_23840	ABC transporter permease	1	GDKOHJ_23840
GDKOHJ_23900	Streptomycin 3''-O-adenylyltransferase	1	GDKOHJ_23900
GDKOHJ_23895	integron integrase	1	GDKOHJ_23895
GDKOHJ_23875	Thioredoxin domain-containing protein	1	GDKOHJ_23875
GDKOHJ_23870	Alkyl hydroperoxide reductase	1	GDKOHJ_23870
GDKOHJ_23865	Na(+)-translocating NADH-quinone reductase subunit C	1	GDKOHJ_23865
GDKOHJ_23860	High-affinity iron transporter	1	GDKOHJ_23860
GDKOHJ_23855	34 kDa membrane antigen	1	GDKOHJ_23855
GDKOHJ_23850	DUF2318 domain-containing protein	1	GDKOHJ_23850
GDKOHJ_23845	ABC transport permease	1	GDKOHJ_23845
GDKOHJ_23905	trimethoprim-resistant dihydrofolate reductase DfrA17	1	GDKOHJ_23905
GDKOHJ_22780	DUF4279 domain-containing protein	1	GDKOHJ_22780
GDKOHJ_22775	IS630 family transposase	1	GDKOHJ_22775
GDKOHJ_22770	Transposase	1	GDKOHJ_22770
GDKOHJ_22765	ISAs1 family transposase	1	GDKOHJ_22765
GDKOHJ_22760	Gp5/Type VI secretion system Vgr protein OB-fold domain-containing protein	1	GDKOHJ_22760
GDKOHJ_22755	Lysine-specific metallo-endopeptidase domain-containing protein	1	GDKOHJ_22755
GDKOHJ_22750	Lipoprotein	1	GDKOHJ_22750
GDKOHJ_22745	Acetyltransferase	1	GDKOHJ_22745
GDKOHJ_23280	ABC-type sugar transport system, permease component	1	GDKOHJ_23280
GDKOHJ_22735	N-hydroxyarylamine O-acetyltransferase	1	GDKOHJ_22735
GDKOHJ_22730	PhzF family isomerase	1	GDKOHJ_22730
GDKOHJ_22725	respiratory nitrate reductase subunit gamma	1	GDKOHJ_22725
GDKOHJ_22720	nitrate reductase molybdenum cofactor assembly chaperone	1	GDKOHJ_22720
GDKOHJ_22715	nitrate reductase subunit beta	1	GDKOHJ_22715
GDKOHJ_22710	nitrate reductase Z subunit alpha	1	GDKOHJ_22710
GDKOHJ_22705	nitrate/nitrite transporter NarU	1	GDKOHJ_22705
GDKOHJ_22700	aromatic amino acid efflux DMT transporter YddG	1	GDKOHJ_22700
GDKOHJ_22740	Uncharacterized protein YddH	1	GDKOHJ_22740
GDKOHJ_22880	Uncharacterized HTH-type transcriptional regulator YdcR	1	GDKOHJ_22880
GDKOHJ_22875	putative ABC transporter substrate-binding protein YdcS	1	GDKOHJ_22875
GDKOHJ_22870	Uncharacterized ABC transporter ATP-binding protein YdcT	1	GDKOHJ_22870
GDKOHJ_22865	ABC-type spermidine/putrescine transport system, permease component I	1	GDKOHJ_22865
GDKOHJ_22860	Inner membrane ABC transporter permease protein YdcV	1	GDKOHJ_22860
GDKOHJ_22855	aminobutyraldehyde dehydrogenase	1	GDKOHJ_22855
GDKOHJ_22850	orphan toxin OrtT	1	GDKOHJ_22850
GDKOHJ_22845	Uncharacterized protein YdcY	1	GDKOHJ_22845
GDKOHJ_22785	DUF4150 domain-containing protein	1	GDKOHJ_22785
GDKOHJ_22835	L-methionine sulfoximine/L-methionine sulfone acetyltransferase	1	GDKOHJ_22835
GDKOHJ_22830	GntR family transcriptional regulator	1	GDKOHJ_22830
GDKOHJ_22825	TonB-dependent receptor PqqU	1	GDKOHJ_22825
GDKOHJ_22820	Uncharacterized protein YncE	1	GDKOHJ_22820
GDKOHJ_22815	L-asparagine permease	1	GDKOHJ_22815
GDKOHJ_22810	Glutathione S-transferase	1	GDKOHJ_22810
GDKOHJ_22805	Glutathione S-transferase	1	GDKOHJ_22805
GDKOHJ_22795	Vgr-like protein	1	GDKOHJ_22795
GDKOHJ_22790	DUF2169 domain-containing protein	1	GDKOHJ_22790
GDKOHJ_22840	DUF606 domain-containing protein	1	GDKOHJ_22840
GDKOHJ_22590	Uncharacterized fimbrial-like protein YdeQ	1	GDKOHJ_22590
GDKOHJ_22585	Uncharacterized fimbrial-like protein YdeR	1	GDKOHJ_22585
GDKOHJ_22580	Pilin (type 1 fimbrial protein)	1	GDKOHJ_22580
GDKOHJ_22575	type 1 fimbrial major subunit FimA	1	GDKOHJ_22575
GDKOHJ_22570	fimbria/pilus periplasmic chaperone	1	GDKOHJ_22570
GDKOHJ_22565	Fimbria/pilus periplasmic chaperone	1	GDKOHJ_22565
GDKOHJ_22560	type 1 fimbrial major subunit FimA	1	GDKOHJ_22560
GDKOHJ_22555	Transcriptional regulator	1	GDKOHJ_22555
GDKOHJ_22695	formate dehydrogenase-N subunit alpha	1	GDKOHJ_22695
GDKOHJ_22545	type II toxin-antitoxin system antitoxin HipB	1	GDKOHJ_22545
GDKOHJ_22540	Voltage-dependent anion channel-forming protein YneE	1	GDKOHJ_22540
GDKOHJ_22535	tagaturonate reductase	1	GDKOHJ_22535
GDKOHJ_22530	GGDEF domain, diguanylate cyclase (c-di-GMP synthetase) or its enzymatically inactive variants	1	GDKOHJ_22530
GDKOHJ_22525	Uncharacterized protein YneG	1	GDKOHJ_22525
GDKOHJ_22520	glutaminase B	1	GDKOHJ_22520
GDKOHJ_22515	succinate-semialdehyde dehydrogenase	1	GDKOHJ_22515
GDKOHJ_22510	Uncharacterized HTH-type transcriptional regulator YneJ	1	GDKOHJ_22510
GDKOHJ_22550	hypothetical protein	1	GDKOHJ_22550
GDKOHJ_22690	formate dehydrogenase N subunit beta	1	GDKOHJ_22690
GDKOHJ_22685	formate dehydrogenase-N subunit gamma	1	GDKOHJ_22685
GDKOHJ_22680	HigA family addiction module antitoxin	1	GDKOHJ_22680
GDKOHJ_22675	Killer protein	1	GDKOHJ_22675
GDKOHJ_22670	hypothetical protein	1	GDKOHJ_22670
GDKOHJ_22665	alcohol dehydrogenase AdhP	1	GDKOHJ_22665
GDKOHJ_22660	malate dehydrogenase	1	GDKOHJ_22660
GDKOHJ_22655	stationary-phase-induced ribosome-associated protein	1	GDKOHJ_22655
GDKOHJ_22595	acid resistance putative oxidoreductase YdeP	1	GDKOHJ_22595
GDKOHJ_22645	peroxiredoxin OsmC	1	GDKOHJ_22645
GDKOHJ_22640	oxygen-sensing cyclic-di-GMP phosphodiesterase DosP	1	GDKOHJ_22640
GDKOHJ_22635	Glycosyl hydrolase DigH	1	GDKOHJ_22635
GDKOHJ_22630	acid resistance gamma-aminobutyrate antiporter GadC	1	GDKOHJ_22630
GDKOHJ_22620	putative zinc protease PqqL	1	GDKOHJ_22620
GDKOHJ_22615	anaerobic sulfatase maturase	1	GDKOHJ_22615
GDKOHJ_22610	Uncharacterized sulfatase YdeN	1	GDKOHJ_22610
GDKOHJ_22605	acid stress response transcriptional regulator YdeO	1	GDKOHJ_22605
GDKOHJ_22600	Two-component-system connector protein SafA	1	GDKOHJ_22600
GDKOHJ_22650	biofilm-dependent modulation protein	1	GDKOHJ_22650
GDKOHJ_23180	murein tripeptide ABC transporter substrate-binding protein MppA	1	GDKOHJ_23180
GDKOHJ_23175	low conductance mechanosensitive channel YnaI	1	GDKOHJ_23175
GDKOHJ_23170	Uncharacterized protein YnaJ	1	GDKOHJ_23170
GDKOHJ_23165	universal stress protein UspE	1	GDKOHJ_23165
GDKOHJ_23160	fumarate/nitrate reduction transcriptional regulator Fnr	1	GDKOHJ_23160
GDKOHJ_23155	methylated-DNA--[protein]-cysteine S-methyltransferase	1	GDKOHJ_23155
GDKOHJ_23145	AraC-type DNA-binding domain and AraC-containing proteins	1	GDKOHJ_23145
GDKOHJ_23140	HlyD family secretion protein	1	GDKOHJ_23140
GDKOHJ_22885	Uncharacterized protein YncJ	1	GDKOHJ_22885
GDKOHJ_23130	DNA endonuclease SmrA	1	GDKOHJ_23130
GDKOHJ_23125	diguanylate cyclase DgcM	1	GDKOHJ_23125
GDKOHJ_23120	Protein YnaN	1	GDKOHJ_23120
GDKOHJ_23115	zinc transporter ZntB	1	GDKOHJ_23115
GDKOHJ_23105	Protein YnaL	1	GDKOHJ_23105
GDKOHJ_23100	ATP-dependent RNA helicase DbpA	1	GDKOHJ_23100
GDKOHJ_23095	tRNA 2-thiocytidine(32) synthetase TtcA	1	GDKOHJ_23095
GDKOHJ_23090	Manganese transport system membrane protein mntB	1	GDKOHJ_23090
GDKOHJ_23135	putative arabinose efflux permease AraJ, MFS family	1	GDKOHJ_23135
GDKOHJ_23275	Inner membrane ABC transporter permease protein YcjP	1	GDKOHJ_23275
GDKOHJ_23270	D-guloside 3-dehydrogenase	1	GDKOHJ_23270
GDKOHJ_23265	3-dehydro-D-guloside 4-epimerase	1	GDKOHJ_23265
GDKOHJ_23260	D-glucoside 3-dehydrogenase	1	GDKOHJ_23260
GDKOHJ_23255	kojibiose phosphorylase	1	GDKOHJ_23255
GDKOHJ_23250	beta-phosphoglucomutase	1	GDKOHJ_23250
GDKOHJ_23245	Uncharacterized ABC transporter ATP-binding protein YcjV	1	GDKOHJ_23245
GDKOHJ_23240	monomeric porin OmpG	1	GDKOHJ_23240
GDKOHJ_23185	DNA-binding transcriptional regulator PgrR	1	GDKOHJ_23185
GDKOHJ_23230	Uncharacterized protein YcjX	1	GDKOHJ_23230
GDKOHJ_23225	UPF0283 membrane protein YcjF	1	GDKOHJ_23225
GDKOHJ_23220	transcriptional regulator TyrR	1	GDKOHJ_23220
GDKOHJ_23215	thiol peroxidase	1	GDKOHJ_23215
GDKOHJ_23210	L-Ala-D/L-Glu epimerase	1	GDKOHJ_23210
GDKOHJ_23205	murein tripeptide amidase MpaA	1	GDKOHJ_23205
GDKOHJ_23200	Nucleoside-diphosphate-sugar epimerase	1	GDKOHJ_23200
GDKOHJ_23195	Uncharacterized protein YcjY	1	GDKOHJ_23195
GDKOHJ_23190	murein tripeptide amidase MpaA	1	GDKOHJ_23190
GDKOHJ_23235	Uncharacterized HTH-type transcriptional regulator YcjW	1	GDKOHJ_23235
GDKOHJ_22980	cytochrome b561	1	GDKOHJ_22980
GDKOHJ_22970	Uncharacterized protein YdcA	1	GDKOHJ_22970
GDKOHJ_22965	Regulatory peptide	1	GDKOHJ_22965
GDKOHJ_22955	cytochrome b561	1	GDKOHJ_22955
GDKOHJ_22950	Methyl-accepting chemotaxis protein (MCP)	1	GDKOHJ_22950
GDKOHJ_22945	Uncharacterized HTH-type transcriptional regulator YdcI	1	GDKOHJ_22945
GDKOHJ_22940	2-oxoadipate dioxygenase/decarboxylase	1	GDKOHJ_22940
GDKOHJ_22935	glucan biosynthesis protein OpgD	1	GDKOHJ_22935
GDKOHJ_23085	universal stress protein UspF	1	GDKOHJ_23085
GDKOHJ_22925	50S ribosomal protein L7/L12-serine acetyltransferase	1	GDKOHJ_22925
GDKOHJ_22920	YdcK family protein	1	GDKOHJ_22920
GDKOHJ_22915	dicarboxylate transporter/tellurite-resistance protein TehA	1	GDKOHJ_22915
GDKOHJ_22910	tellurite resistance methyltransferase TehB	1	GDKOHJ_22910
GDKOHJ_22905	Uncharacterized lipoprotein YdcL	1	GDKOHJ_22905
GDKOHJ_22900	BenE family transporter YdcO	1	GDKOHJ_22900
GDKOHJ_22895	DNA-binding transcriptional regulator SutR	1	GDKOHJ_22895
GDKOHJ_22890	23S rRNA 5-hydroxycytidine C2501 synthase	1	GDKOHJ_22890
GDKOHJ_22930	Uncharacterized protein YdcH	1	GDKOHJ_22930
GDKOHJ_23080	porin OmpN	1	GDKOHJ_23080
GDKOHJ_23070	pyruvate:ferredoxin (flavodoxin) oxidoreductase	1	GDKOHJ_23070
GDKOHJ_23065	Uncharacterized protein YdbJ	1	GDKOHJ_23065
GDKOHJ_23060	heat shock protein HslJ	1	GDKOHJ_23060
GDKOHJ_23055	D-lactate dehydrogenase	1	GDKOHJ_23055
GDKOHJ_23050	YdbH family protein	1	GDKOHJ_23050
GDKOHJ_23045	YdbH family protein	1	GDKOHJ_23045
GDKOHJ_23040	Uncharacterized protein YdbL	1	GDKOHJ_23040
GDKOHJ_22985	type I glyceraldehyde-3-phosphate dehydrogenase	1	GDKOHJ_22985
GDKOHJ_23030	pyridoxine 4-dehydrogenase	1	GDKOHJ_23030
GDKOHJ_23025	Inner membrane protein YnbA	1	GDKOHJ_23025
GDKOHJ_23020	Uncharacterized protein YnbB	1	GDKOHJ_23020
GDKOHJ_23015	Uncharacterized protein YnbC	1	GDKOHJ_23015
GDKOHJ_23010	Uncharacterized protein YnbD	1	GDKOHJ_23010
GDKOHJ_23005	FMN-dependent NADH-azoreductase	1	GDKOHJ_23005
GDKOHJ_23000	ATP-dependent RNA helicase HrpA	1	GDKOHJ_23000
GDKOHJ_22995	Protein YdcF	1	GDKOHJ_22995
GDKOHJ_22990	aldehyde dehydrogenase	1	GDKOHJ_22990
GDKOHJ_23035	Autotransporter UpaH	1	GDKOHJ_23035
GDKOHJ_06835	3'(2'),5'-bisphosphate nucleotidase CysQ	1	GDKOHJ_06835
GDKOHJ_06830	YtfJ family protein	1	GDKOHJ_06830
GDKOHJ_06825	Uncharacterized protein YtfK	1	GDKOHJ_06825
GDKOHJ_06820	Hemolysin-related protein, contains CBS domains, UPF0053 family	1	GDKOHJ_06820
GDKOHJ_06810	Peptide methionine sulfoxide reductase MsrA	1	GDKOHJ_06810
GDKOHJ_06805	autotransporter assembly complex protein TamA	1	GDKOHJ_06805
GDKOHJ_06800	autotransporter assembly complex protein TamB	1	GDKOHJ_06800
GDKOHJ_06795	Gamma-glutamylcyclotransferase family protein YtfP	1	GDKOHJ_06795
GDKOHJ_11200	L-xylulokinase	1	GDKOHJ_11200
GDKOHJ_06785	galactofuranose ABC transporter substrate-binding protein YtfQ	1	GDKOHJ_06785
GDKOHJ_06775	Galactofuranose transporter ATP-binding protein YtfR	1	GDKOHJ_06775
GDKOHJ_06770	galactofuranose ABC transporter, ATP-binding protein YtfT	1	GDKOHJ_06770
GDKOHJ_06765	galactofuranose ABC transporter, permease protein YjfF	1	GDKOHJ_06765
GDKOHJ_06760	class 1 fructose-bisphosphatase	1	GDKOHJ_06760
GDKOHJ_06755	UDP-N-acetylmuramate:L-alanyl-gamma-D-glutamyl-meso-diaminopimelate ligase	1	GDKOHJ_06755
GDKOHJ_06745	ribosome biogenesis factor YjgA	1	GDKOHJ_06745
GDKOHJ_06740	metalloprotease PmbA	1	GDKOHJ_06740
GDKOHJ_06790	inorganic diphosphatase	1	GDKOHJ_06790
GDKOHJ_06930	L-ribulose-5-phosphate 4-epimerase UlaF	1	GDKOHJ_06930
GDKOHJ_06925	Uncharacterized protein YjfY	1	GDKOHJ_06925
GDKOHJ_06920	30S ribosomal protein S6	1	GDKOHJ_06920
GDKOHJ_06915	primosomal replication protein N	1	GDKOHJ_06915
GDKOHJ_06910	30S ribosomal protein S18	1	GDKOHJ_06910
GDKOHJ_06905	50S ribosomal protein L9	1	GDKOHJ_06905
GDKOHJ_06900	Uncharacterized protein YjfZ	1	GDKOHJ_06900
GDKOHJ_06895	IS200/IS605 family transposase	1	GDKOHJ_06895
GDKOHJ_06845	2',3'-cyclic-nucleotide 2'-phosphodiesterase	1	GDKOHJ_06845
GDKOHJ_06885	cell division protein YtfB	1	GDKOHJ_06885
GDKOHJ_06880	FKBP-type peptidyl-prolyl cis-trans isomerase	1	GDKOHJ_06880
GDKOHJ_06875	D-serine/D-alanine/glycine transporter	1	GDKOHJ_06875
GDKOHJ_06870	iron-sulfur cluster repair protein YtfE	1	GDKOHJ_06870
GDKOHJ_06865	Inner membrane protein YtfF	1	GDKOHJ_06865
GDKOHJ_06860	NAD(P)H:quinone oxidoreductase	1	GDKOHJ_06860
GDKOHJ_06855	Uncharacterized HTH-type transcriptional regulator YtfH	1	GDKOHJ_06855
GDKOHJ_06850	2',3'-cyclic-nucleotide 2'-phosphodiesterase	1	GDKOHJ_06850
GDKOHJ_06890	Transposase	1	GDKOHJ_06890
GDKOHJ_06635	valine--tRNA ligase	1	GDKOHJ_06635
GDKOHJ_06630	DNA polymerase III subunit chi	1	GDKOHJ_06630
GDKOHJ_06610	leucyl aminopeptidase	1	GDKOHJ_06610
GDKOHJ_06605	LPS export ABC transporter permease LptF	1	GDKOHJ_06605
GDKOHJ_06600	LPS export ABC transporter permease LptG	1	GDKOHJ_06600
GDKOHJ_06595	Uncharacterized protein YjgR	1	GDKOHJ_06595
GDKOHJ_06590	DNA-binding transcriptional regulator IdnR	1	GDKOHJ_06590
GDKOHJ_06585	gnt-II system L-idonate transporter	1	GDKOHJ_06585
GDKOHJ_06735	cytochrome b562	1	GDKOHJ_06735
GDKOHJ_06575	L-idonate 5-dehydrogenase	1	GDKOHJ_06575
GDKOHJ_06570	gluconokinase	1	GDKOHJ_06570
GDKOHJ_06565	NADPH-dependent aldehyde reductase Ahr	1	GDKOHJ_06565
GDKOHJ_06555	Su+6 (SupP) amber suppressor transfer RNA-Leu	1	GDKOHJ_06555
GDKOHJ_06550	Putative protein IntB	1	GDKOHJ_06550
GDKOHJ_06535	Membrane-associated, metal-dependent hydrolase	1	GDKOHJ_06535
GDKOHJ_06530	Putative phosphoethanolamine transferase YjgX	1	GDKOHJ_06530
GDKOHJ_06525	IS4 family IS4 transposase	1	GDKOHJ_06525
GDKOHJ_06580	gluconate 5-dehydrogenase	1	GDKOHJ_06580
GDKOHJ_06730	anaerobic ribonucleoside-triphosphate reductase-activating protein	1	GDKOHJ_06730
GDKOHJ_06725	anaerobic ribonucleoside-triphosphate reductase	1	GDKOHJ_06725
GDKOHJ_06720	alpha,alpha-phosphotrehalase	1	GDKOHJ_06720
GDKOHJ_06715	PTS trehalose transporter subunit IIBC	1	GDKOHJ_06715
GDKOHJ_06710	trehalose operon repressor TreR	1	GDKOHJ_06710
GDKOHJ_06705	mgtA leader peptide	1	GDKOHJ_06705
GDKOHJ_06700	magnesium-translocating P-type ATPase	1	GDKOHJ_06700
GDKOHJ_06695	2-iminobutanoate/2-iminopropanoate deaminase	1	GDKOHJ_06695
GDKOHJ_06640	Inner membrane protein YjgN	1	GDKOHJ_06640
GDKOHJ_06685	aspartate carbamoyltransferase	1	GDKOHJ_06685
GDKOHJ_06680	RutC family protein yjgH	1	GDKOHJ_06680
GDKOHJ_06675	SDR family oxidoreductase	1	GDKOHJ_06675
GDKOHJ_06670	HTH-type transcriptional repressor BdcR	1	GDKOHJ_06670
GDKOHJ_06665	toxin-antitoxin biofilm protein TabA	1	GDKOHJ_06665
GDKOHJ_06660	SopA-central-domain-like hexapeptide repeat protein	1	GDKOHJ_06660
GDKOHJ_06655	ornithine carbamoyltransferase	1	GDKOHJ_06655
GDKOHJ_06650	ribonuclease E inhibitor RraB	1	GDKOHJ_06650
GDKOHJ_06645	Uncharacterized N-acetyltransferase YjgM	1	GDKOHJ_06645
GDKOHJ_06690	aspartate carbamoyltransferase regulatory subunit	1	GDKOHJ_06690
GDKOHJ_21695	D-2-hydroxyglutarate dehydrogenase	1	GDKOHJ_21695
GDKOHJ_21690	AI-2E family transporter YdiK	1	GDKOHJ_21690
GDKOHJ_21680	Uncharacterized protein YdiL	1	GDKOHJ_21680
GDKOHJ_21675	Sugar phosphate permease	1	GDKOHJ_21675
GDKOHJ_21670	Inner membrane transport protein YdiN	1	GDKOHJ_21670
GDKOHJ_21665	quinate/shikimate dehydrogenase	1	GDKOHJ_21665
GDKOHJ_21660	3-dehydroquinate dehydratase	1	GDKOHJ_21660
GDKOHJ_21655	Acetate CoA-transferase YdiF	1	GDKOHJ_21655
GDKOHJ_06935	L-ribulose-5-phosphate 3-epimerase UlaE	1	GDKOHJ_06935
GDKOHJ_21645	Uncharacterized HTH-type transcriptional regulator YdiP	1	GDKOHJ_21645
GDKOHJ_21640	hypothetical protein	1	GDKOHJ_21640
GDKOHJ_21635	electron transfer flavoprotein	1	GDKOHJ_21635
GDKOHJ_21630	electron transfer flavoprotein subunit alpha	1	GDKOHJ_21630
GDKOHJ_21625	putative electron transfer flavoprotein-quinone oxidoreductase YdiS	1	GDKOHJ_21625
GDKOHJ_21620	Ferredoxin-like protein YdiT	1	GDKOHJ_21620
GDKOHJ_21615	medium-chain fatty-acid--CoA ligase	1	GDKOHJ_21615
GDKOHJ_21610	phosphoenolpyruvate synthase	1	GDKOHJ_21610
GDKOHJ_21650	acyl-CoA dehydrogenase	1	GDKOHJ_21650
GDKOHJ_21795	FAD-NAD(P)-binding protein	1	GDKOHJ_21795
GDKOHJ_21790	protein YdhT	1	GDKOHJ_21790
GDKOHJ_21785	thiosulfate reductase cytochrome B subunit	1	GDKOHJ_21785
GDKOHJ_21780	4Fe-4S binding protein	1	GDKOHJ_21780
GDKOHJ_21775	YdhW family putative oxidoreductase system protein	1	GDKOHJ_21775
GDKOHJ_21770	aldehyde ferredoxin oxidoreductase	1	GDKOHJ_21770
GDKOHJ_21765	ferredoxin-like protein	1	GDKOHJ_21765
GDKOHJ_21760	fumarate hydratase FumD	1	GDKOHJ_21760
GDKOHJ_21700	1,4-dihydroxy-2-naphthoyl-CoA hydrolase	1	GDKOHJ_21700
GDKOHJ_21750	murein lipoprotein Lpp	1	GDKOHJ_21750
GDKOHJ_21745	L,D-transpeptidase LdtE	1	GDKOHJ_21745
GDKOHJ_21740	cysteine desulfuration protein SufE	1	GDKOHJ_21740
GDKOHJ_21735	cysteine desulfurase SufS	1	GDKOHJ_21735
GDKOHJ_21730	Fe-S cluster assembly protein SufD	1	GDKOHJ_21730
GDKOHJ_21725	Fe-S cluster assembly ATPase SufC	1	GDKOHJ_21725
GDKOHJ_21720	Fe-S cluster assembly protein SufB	1	GDKOHJ_21720
GDKOHJ_21715	Fe-S cluster assembly scaffold SufA	1	GDKOHJ_21715
GDKOHJ_21705	Uncharacterized protein YdiH	1	GDKOHJ_21705
GDKOHJ_21755	pyruvate kinase PykF	1	GDKOHJ_21755
GDKOHJ_21500	6-phosphofructokinase II	1	GDKOHJ_21500
GDKOHJ_21495	Endoribonuclease GhoS	1	GDKOHJ_21495
GDKOHJ_21490	putative ketoamine kinase YniA	1	GDKOHJ_21490
GDKOHJ_21485	Uncharacterized protein YniB	1	GDKOHJ_21485
GDKOHJ_21480	hexitol phosphatase HxpB	1	GDKOHJ_21480
GDKOHJ_21475	metal-dependent hydrolase	1	GDKOHJ_21475
GDKOHJ_21470	cystine/sulfocysteine:cation symporter	1	GDKOHJ_21470
GDKOHJ_21465	cell division activator CedA	1	GDKOHJ_21465
GDKOHJ_21605	posphoenolpyruvate synthetase regulatory kinase/phosphorylase PpsR	1	GDKOHJ_21605
GDKOHJ_21455	chitin disaccharide deacetylase	1	GDKOHJ_21455
GDKOHJ_21450	6-phospho-beta-glucosidase	1	GDKOHJ_21450
GDKOHJ_21445	transcriptional regulator ChbR	1	GDKOHJ_21445
GDKOHJ_21440	PTS N,N'-diacetylchitobiose transporter subunit IIA	1	GDKOHJ_21440
GDKOHJ_21435	PTS N,N'-diacetylchitobiose transporter subunit IIC	1	GDKOHJ_21435
GDKOHJ_06950	PTS ascorbate transporter subunit IIB	1	GDKOHJ_06950
GDKOHJ_06945	PTS ascorbate transporter subunit IIA	1	GDKOHJ_06945
GDKOHJ_06940	3-keto-L-gulonate-6-phosphate decarboxylase UlaD	1	GDKOHJ_06940
GDKOHJ_21460	catalase HPII	1	GDKOHJ_21460
GDKOHJ_21600	3-deoxy-7-phosphoheptulonate synthase AroH	1	GDKOHJ_21600
GDKOHJ_21595	Uncharacterized protein YdiE	1	GDKOHJ_21595
GDKOHJ_21590	protein adenylyltransferase SelO	1	GDKOHJ_21590
GDKOHJ_21585	anti-FlhDC factor	1	GDKOHJ_21585
GDKOHJ_21580	putative endopeptidase NlpC	1	GDKOHJ_21580
GDKOHJ_21575	vitamin B12 ABC transporter ATP-binding protein BtuD	1	GDKOHJ_21575
GDKOHJ_21570	bifunctional thioredoxin/glutathione peroxidase	1	GDKOHJ_21570
GDKOHJ_21565	vitamin B12 ABC transporter permease BtuC	1	GDKOHJ_21565
GDKOHJ_21505	Uncharacterized protein YdiY	1	GDKOHJ_21505
GDKOHJ_21550	phenylalanine--tRNA ligase subunit beta	1	GDKOHJ_21550
GDKOHJ_21545	phenylalanine--tRNA ligase subunit alpha	1	GDKOHJ_21545
GDKOHJ_21540	pheST operon leader peptide PheM	1	GDKOHJ_21540
GDKOHJ_21535	threonine--tRNA ligase	1	GDKOHJ_21535
GDKOHJ_21530	Large ribosomal subunit protein bL35	1	GDKOHJ_21530
GDKOHJ_21525	translation initiation factor IF-3	1	GDKOHJ_21525
GDKOHJ_21520	threonine--tRNA ligase	1	GDKOHJ_21520
GDKOHJ_21515	Ankyrin repeat protein B	1	GDKOHJ_21515
GDKOHJ_21510	small membrane protein YniD	1	GDKOHJ_21510
GDKOHJ_21555	integration host factor subunit alpha	1	GDKOHJ_21555
GDKOHJ_01675	dethiobiotin synthase	1	GDKOHJ_01675
GDKOHJ_01670	excinuclease ABC subunit UvrB	1	GDKOHJ_01670
GDKOHJ_01665	Putative gluconeogenesis factor	1	GDKOHJ_01665
GDKOHJ_01660	GTP 3',8-cyclase MoaA	1	GDKOHJ_01660
GDKOHJ_01655	molybdenum cofactor biosynthesis protein B	1	GDKOHJ_01655
GDKOHJ_01650	cyclic pyranopterin monophosphate synthase MoaC	1	GDKOHJ_01650
GDKOHJ_01645	molybdopterin synthase sulfur carrier subunit	1	GDKOHJ_01645
GDKOHJ_01640	molybdopterin synthase catalytic subunit MoaE	1	GDKOHJ_01640
GDKOHJ_06510	MFS transporter	1	GDKOHJ_06510
GDKOHJ_01630	BAX inhibitor (BI)-1/YccA family protein	1	GDKOHJ_01630
GDKOHJ_01625	Inner membrane protein YbhN	1	GDKOHJ_01625
GDKOHJ_01620	cardiolipin synthase ClsB	1	GDKOHJ_01620
GDKOHJ_01615	Uncharacterized protein YbhP	1	GDKOHJ_01615
GDKOHJ_01610	Inner membrane protein YbhQ	1	GDKOHJ_01610
GDKOHJ_01605	putative multidrug ABC transporter permease YbhR	1	GDKOHJ_01605
GDKOHJ_01600	putative multidrug ABC transporter permease YbhS	1	GDKOHJ_01600
GDKOHJ_01595	LPS export ABC transporter ATP-binding protein	1	GDKOHJ_01595
GDKOHJ_01635	Inner membrane protein YbhL	1	GDKOHJ_01635
GDKOHJ_01770	molybdate ABC transporter ATP-binding protein ModF	1	GDKOHJ_01770
GDKOHJ_01765	molybdenum-dependent transcriptional regulator	1	GDKOHJ_01765
GDKOHJ_01760	multidrug efflux pump accessory protein AcrZ	1	GDKOHJ_01760
GDKOHJ_01755	molybdate ABC transporter substrate-binding protein	1	GDKOHJ_01755
GDKOHJ_01750	molybdate ABC transporter permease subunit	1	GDKOHJ_01750
GDKOHJ_01745	molybdenum ABC transporter ATP-binding protein ModC	1	GDKOHJ_01745
GDKOHJ_01740	bifunctional pyridoxal phosphate/fructose-1,6-bisphosphate phosphatase	1	GDKOHJ_01740
GDKOHJ_01735	6-phosphogluconolactonase	1	GDKOHJ_01735
GDKOHJ_01680	malonyl-ACP O-methyltransferase BioC	1	GDKOHJ_01680
GDKOHJ_01725	4-oxalomesaconate tautomerase	1	GDKOHJ_01725
GDKOHJ_01720	Inner membrane protein YbhI	1	GDKOHJ_01720
GDKOHJ_01715	hydratase	1	GDKOHJ_01715
GDKOHJ_01710	putative acyl-CoA thioester hydrolase	1	GDKOHJ_01710
GDKOHJ_01705	kinase inhibitor	1	GDKOHJ_01705
GDKOHJ_01700	IS200/IS605 family element transposase accessory protein TnpB	1	GDKOHJ_01700
GDKOHJ_01695	adenosylmethionine--8-amino-7-oxononanoate transaminase	1	GDKOHJ_01695
GDKOHJ_01690	8-amino-7-oxononanoate synthase	1	GDKOHJ_01690
GDKOHJ_01685	8-amino-7-oxononanoate synthase	1	GDKOHJ_01685
GDKOHJ_01730	Uncharacterized HTH-type transcriptional regulator YbhD	1	GDKOHJ_01730
GDKOHJ_02570	iron-enterobactin ABC transporter permease	1	GDKOHJ_02570
GDKOHJ_02565	ferrienterobactin ABC transporter permease	1	GDKOHJ_02565
GDKOHJ_02560	enterobactin exporter, iron-regulated	1	GDKOHJ_02560
GDKOHJ_02555	ferrienterobactin ABC transporter periplasmic binding protein	1	GDKOHJ_02555
GDKOHJ_02550	isochorismate synthase 1	1	GDKOHJ_02550
GDKOHJ_02545	(2,3-dihydroxybenzoyl)adenylate synthase EntE	1	GDKOHJ_02545
GDKOHJ_02540	enterobactin biosynthesis bifunctional isochorismatase/aryl carrier protein EntB	1	GDKOHJ_02540
GDKOHJ_02535	2,3-dihydro-2,3-dihydroxybenzoate dehydrogenase EntA	1	GDKOHJ_02535
GDKOHJ_01590	secretion protein HlyD	1	GDKOHJ_01590
GDKOHJ_02525	pyruvate/proton symporter CstA	1	GDKOHJ_02525
GDKOHJ_02520	Uncharacterized protein YbdD	1	GDKOHJ_02520
GDKOHJ_02515	hydroxycarboxylate dehydrogenase HcxA	1	GDKOHJ_02515
GDKOHJ_02510	methionine-oxo-acid transaminase	1	GDKOHJ_02510
GDKOHJ_02505	ParB/Sulfiredoxin domain-containing protein	1	GDKOHJ_02505
GDKOHJ_02500	Uncharacterized protein YbdN	1	GDKOHJ_02500
GDKOHJ_02495	Hypothetical transcriptional regulator ybdO	1	GDKOHJ_02495
GDKOHJ_02490	thiol:disulfide interchange protein DsbG	1	GDKOHJ_02490
GDKOHJ_02530	proofreading thioesterase EntH	1	GDKOHJ_02530
GDKOHJ_01585	DNA-binding transcriptional regulator CecR	1	GDKOHJ_01585
GDKOHJ_01580	ATP-dependent RNA helicase RhlE	1	GDKOHJ_01580
GDKOHJ_01575	ATP-dependent DNA helicase DinG	1	GDKOHJ_01575
GDKOHJ_02655	SDR family oxidoreductase	1	GDKOHJ_02655
GDKOHJ_02650	NAD(P)-dependent dehydrogenase, short-chain alcohol dehydrogenase family	1	GDKOHJ_02650
GDKOHJ_02645	Ribose ABC transporter permease RbsC	1	GDKOHJ_02645
GDKOHJ_02640	ATP-binding cassette domain-containing protein	1	GDKOHJ_02640
GDKOHJ_02635	Lipoprotein	1	GDKOHJ_02635
GDKOHJ_02575	ferrienterobactin ABC transporter ATPase	1	GDKOHJ_02575
GDKOHJ_02625	Glycerol kinase 2 (ATP:glycerol 3-phosphotransferase 2) (Glycerokinase 2) (GK 2)	1	GDKOHJ_02625
GDKOHJ_02620	DNA-binding transcriptional regulator LsrR, DeoR family	1	GDKOHJ_02620
GDKOHJ_02615	Transketolase	1	GDKOHJ_02615
GDKOHJ_02610	Transketolase	1	GDKOHJ_02610
GDKOHJ_02600	ferrienterobactin outer membrane transporter	1	GDKOHJ_02600
GDKOHJ_02595	enterobactin/ferric enterobactin esterase	1	GDKOHJ_02595
GDKOHJ_02590	Enterobactin biosynthesis protein YbdZ	1	GDKOHJ_02590
GDKOHJ_02585	enterobactin synthase multienzyme complex component, ATP-dependent	1	GDKOHJ_02585
GDKOHJ_02580	LPS O-antigen length regulator	1	GDKOHJ_02580
GDKOHJ_02630	ABC-type sugar transport system, periplasmic component, contains N-terminal xre family HTH domain	1	GDKOHJ_02630
GDKOHJ_02095	LexA regulated protein	1	GDKOHJ_02095
GDKOHJ_02090	esterase	1	GDKOHJ_02090
GDKOHJ_02085	replication initiation negative regulator SeqA	1	GDKOHJ_02085
GDKOHJ_02080	phosphoglucomutase (alpha-D-glucose-1,6-bisphosphate-dependent)	1	GDKOHJ_02080
GDKOHJ_02075	putrescine-ornithine antiporter	1	GDKOHJ_02075
GDKOHJ_02070	ornithine decarboxylase SpeF	1	GDKOHJ_02070
GDKOHJ_02065	two-component system response regulator KdpE	1	GDKOHJ_02065
GDKOHJ_02060	two-component system sensor histidine kinase KdpD	1	GDKOHJ_02060
GDKOHJ_01775	galactose-1-phosphate uridylyltransferase	1	GDKOHJ_01775
GDKOHJ_02050	potassium-transporting ATPase subunit KdpB	1	GDKOHJ_02050
GDKOHJ_02045	potassium-transporting ATPase subunit KdpA	1	GDKOHJ_02045
GDKOHJ_02040	Uncharacterized protein YbfA	1	GDKOHJ_02040
GDKOHJ_02035	DUF1722 domain-containing protein	1	GDKOHJ_02035
GDKOHJ_02030	deoxyribodipyrimidine photo-lyase	1	GDKOHJ_02030
GDKOHJ_02025	dipeptide permease DtpD	1	GDKOHJ_02025
GDKOHJ_02020	radiation resistance protein YbgI	1	GDKOHJ_02020
GDKOHJ_02015	5-oxoprolinase subunit PxpB	1	GDKOHJ_02015
GDKOHJ_02055	K(+)-transporting ATPase subunit C	1	GDKOHJ_02055
GDKOHJ_06505	Uncharacterized oxidoreductase YjhC	1	GDKOHJ_06505
GDKOHJ_06500	Uncharacterized protein YthA	1	GDKOHJ_06500
GDKOHJ_06495	YjhD	1	GDKOHJ_06495
GDKOHJ_06480	hypothetical protein	1	GDKOHJ_06480
GDKOHJ_06475	Choline-glycine betaine transporter	1	GDKOHJ_06475
GDKOHJ_06455	IS3 family transposase	1	GDKOHJ_06455
GDKOHJ_06450	KpLE2 phage-like element	1	GDKOHJ_06450
GDKOHJ_06445	Fe(3+) dicitrate ABC transporter ATP-binding protein FecE	1	GDKOHJ_06445
GDKOHJ_02100	flavodoxin FldA	1	GDKOHJ_02100
GDKOHJ_06435	iron-dicitrate ABC transporter permease FecC	1	GDKOHJ_06435
GDKOHJ_06430	Fe(3+) dicitrate ABC transporter substrate-binding protein FecB	1	GDKOHJ_06430
GDKOHJ_06425	Fe(3+) dicitrate transport protein FecA	1	GDKOHJ_06425
GDKOHJ_06420	ferric citrate uptake sigma factor regulator FecR	1	GDKOHJ_06420
GDKOHJ_06415	RNA polymerase sigma factor FecI	1	GDKOHJ_06415
GDKOHJ_02120	chitoporin	1	GDKOHJ_02120
GDKOHJ_02115	Uncharacterized lipoprotein ChiQ	1	GDKOHJ_02115
GDKOHJ_02110	ferric iron uptake transcriptional regulator	1	GDKOHJ_02110
GDKOHJ_02105	fur leader peptide	1	GDKOHJ_02105
GDKOHJ_06440	Fe(3+) dicitrate ABC transporter permease subunit FecD	1	GDKOHJ_06440
GDKOHJ_01895	cyd operon protein YbgE	1	GDKOHJ_01895
GDKOHJ_01890	tol-pal system-associated acyl-CoA thioesterase	1	GDKOHJ_01890
GDKOHJ_01885	Tol-Pal system protein TolQ	1	GDKOHJ_01885
GDKOHJ_01880	colicin uptake protein TolR	1	GDKOHJ_01880
GDKOHJ_01875	cell envelope integrity protein TolA	1	GDKOHJ_01875
GDKOHJ_01870	Tol-Pal system protein TolB	1	GDKOHJ_01870
GDKOHJ_01865	peptidoglycan-associated lipoprotein Pal	1	GDKOHJ_01865
GDKOHJ_01860	cell division protein CpoB	1	GDKOHJ_01860
GDKOHJ_02010	5-oxoprolinase subunit PxpC	1	GDKOHJ_02010
GDKOHJ_01815	nicotinamide riboside transporter PnuC	1	GDKOHJ_01815
GDKOHJ_01810	CDF family zinc transporter ZitB	1	GDKOHJ_01810
GDKOHJ_01805	Uncharacterized protein YbgS	1	GDKOHJ_01805
GDKOHJ_01800	3-deoxy-7-phosphoheptulonate synthase AroG	1	GDKOHJ_01800
GDKOHJ_01795	2,3-diphosphoglycerate-dependent phosphoglycerate mutase	1	GDKOHJ_01795
GDKOHJ_01790	galactose-1-epimerase	1	GDKOHJ_01790
GDKOHJ_01785	galactokinase	1	GDKOHJ_01785
GDKOHJ_01780	galactose-1-phosphate uridylyltransferase	1	GDKOHJ_01780
GDKOHJ_01820	quinolinate synthase NadA	1	GDKOHJ_01820
GDKOHJ_02005	5-oxoprolinase subunit PxpA	1	GDKOHJ_02005
GDKOHJ_02000	endonuclease VIII	1	GDKOHJ_02000
GDKOHJ_01995	Putative regulator AbrB	1	GDKOHJ_01995
GDKOHJ_01990	Fimbrial-like adhesin protein	1	GDKOHJ_01990
GDKOHJ_01985	citrate synthase	1	GDKOHJ_01985
GDKOHJ_01980	Protein YbgU	1	GDKOHJ_01980
GDKOHJ_01975	succinate dehydrogenase cytochrome b556 subunit	1	GDKOHJ_01975
GDKOHJ_01970	succinate dehydrogenase membrane anchor subunit	1	GDKOHJ_01970
GDKOHJ_01900	cytochrome bd-I oxidase subunit CydX	1	GDKOHJ_01900
GDKOHJ_01960	succinate dehydrogenase iron-sulfur subunit SdhB	1	GDKOHJ_01960
GDKOHJ_01940	2-oxoglutarate dehydrogenase E1 component	1	GDKOHJ_01940
GDKOHJ_01935	2-oxoglutarate dehydrogenase complex dihydrolipoyllysine-residue succinyltransferase	1	GDKOHJ_01935
GDKOHJ_01930	ADP-forming succinate--CoA ligase subunit beta	1	GDKOHJ_01930
GDKOHJ_01925	succinate--CoA ligase subunit alpha	1	GDKOHJ_01925
GDKOHJ_01920	TPR domain-containing protein	1	GDKOHJ_01920
GDKOHJ_01915	hypothetical protein	1	GDKOHJ_01915
GDKOHJ_01910	cytochrome ubiquinol oxidase subunit I	1	GDKOHJ_01910
GDKOHJ_01905	cytochrome d ubiquinol oxidase subunit II	1	GDKOHJ_01905
GDKOHJ_01965	succinate dehydrogenase flavoprotein subunit	1	GDKOHJ_01965
GDKOHJ_13310	50S ribosomal protein L27	1	GDKOHJ_13310
GDKOHJ_13305	50S ribosomal protein L21	1	GDKOHJ_13305
GDKOHJ_13300	octaprenyl diphosphate synthase	1	GDKOHJ_13300
GDKOHJ_13295	DNA-binding transcriptional regulator SfsB	1	GDKOHJ_13295
GDKOHJ_13290	UDP-N-acetylglucosamine 1-carboxyvinyltransferase MurA	1	GDKOHJ_13290
GDKOHJ_13285	BolA family iron metabolism protein IbaG	1	GDKOHJ_13285
GDKOHJ_13280	lipid asymmetry maintenance protein MlaB	1	GDKOHJ_13280
GDKOHJ_13275	phospholipid-binding protein MlaC	1	GDKOHJ_13275
GDKOHJ_21800	monooxygenase	1	GDKOHJ_21800
GDKOHJ_13265	lipid asymmetry maintenance ABC transporter permease subunit MlaE	1	GDKOHJ_13265
GDKOHJ_13260	phospholipid ABC transporter ATP-binding protein MlaF	1	GDKOHJ_13260
GDKOHJ_13255	calcium/sodium antiporter	1	GDKOHJ_13255
GDKOHJ_13250	arabinose-5-phosphate isomerase KdsD	1	GDKOHJ_13250
GDKOHJ_13245	3-deoxy-manno-octulosonate-8-phosphatase KdsC	1	GDKOHJ_13245
GDKOHJ_13240	LPS export ABC transporter periplasmic protein LptC	1	GDKOHJ_13240
GDKOHJ_13235	lipopolysaccharide ABC transporter substrate-binding protein LptA	1	GDKOHJ_13235
GDKOHJ_13230	LPS export ABC transporter ATP-binding protein	1	GDKOHJ_13230
GDKOHJ_13270	outer membrane lipid asymmetry maintenance protein MlaD	1	GDKOHJ_13270
GDKOHJ_13415	30S ribosomal protein S15	1	GDKOHJ_13415
GDKOHJ_13410	tRNA pseudouridine(55) synthase TruB	1	GDKOHJ_13410
GDKOHJ_13405	30S ribosome-binding factor RbfA	1	GDKOHJ_13405
GDKOHJ_13395	translation initiation factor IF-2	1	GDKOHJ_13395
GDKOHJ_13390	Transcription termination/antitermination protein NusA	1	GDKOHJ_13390
GDKOHJ_13385	ribosome maturation factor RimP	1	GDKOHJ_13385
GDKOHJ_13375	argininosuccinate synthase	1	GDKOHJ_13375
GDKOHJ_13370	Putative transferase YhbX	1	GDKOHJ_13370
GDKOHJ_13315	Uncharacterized inner membrane transporter YhbE	1	GDKOHJ_13315
GDKOHJ_13355	phosphoglucosamine mutase	1	GDKOHJ_13355
GDKOHJ_13350	dihydropteroate synthase FolP	1	GDKOHJ_13350
GDKOHJ_13345	ATP-dependent zinc metalloprotease FtsH	1	GDKOHJ_13345
GDKOHJ_13340	23S rRNA (uridine(2552)-2'-O)-methyltransferase RlmE	1	GDKOHJ_13340
GDKOHJ_13335	ribosome assembly RNA-binding protein YhbY	1	GDKOHJ_13335
GDKOHJ_13330	transcription elongation factor GreA	1	GDKOHJ_13330
GDKOHJ_13325	serine-type D-Ala-D-Ala carboxypeptidase	1	GDKOHJ_13325
GDKOHJ_13320	Obg family GTPase CgtA	1	GDKOHJ_13320
GDKOHJ_13360	preprotein translocase subunit SecG	1	GDKOHJ_13360
GDKOHJ_13120	30S ribosomal protein S9	1	GDKOHJ_13120
GDKOHJ_13115	50S ribosomal protein L13	1	GDKOHJ_13115
GDKOHJ_13110	cell division protein ZapE	1	GDKOHJ_13110
GDKOHJ_13105	Z-ring associated protein ZapG	1	GDKOHJ_13105
GDKOHJ_13100	serine endoprotease DegQ	1	GDKOHJ_13100
GDKOHJ_13095	outer membrane-stress sensor serine endopeptidase DegS	1	GDKOHJ_13095
GDKOHJ_13090	malate dehydrogenase	1	GDKOHJ_13090
GDKOHJ_13085	transcriptional regulator ArgR	1	GDKOHJ_13085
GDKOHJ_13225	RNA polymerase factor sigma-54	1	GDKOHJ_13225
GDKOHJ_13075	Uncharacterized protein YhcO	1	GDKOHJ_13075
GDKOHJ_13070	p-hydroxybenzoic acid efflux pump subunit AaeB	1	GDKOHJ_13070
GDKOHJ_13065	p-hydroxybenzoic acid efflux pump subunit AaeA	1	GDKOHJ_13065
GDKOHJ_13060	p-hydroxybenzoic acid efflux pump operon protein AaeX	1	GDKOHJ_13060
GDKOHJ_13055	HTH-type transcriptional activator AaeR	1	GDKOHJ_13055
GDKOHJ_13050	metalloprotease TldD	1	GDKOHJ_13050
GDKOHJ_13045	AsmA2 domain-containing protein YhdP	1	GDKOHJ_13045
GDKOHJ_13040	ribonuclease G	1	GDKOHJ_13040
GDKOHJ_13080	peroxide/acid stress response protein YhcN	1	GDKOHJ_13080
GDKOHJ_13220	ribosome hibernation promoting factor	1	GDKOHJ_13220
GDKOHJ_13215	PTS IIA-like nitrogen regulatory protein PtsN	1	GDKOHJ_13215
GDKOHJ_13210	RNase adapter RapZ	1	GDKOHJ_13210
GDKOHJ_13205	PTS phosphocarrier protein NPr	1	GDKOHJ_13205
GDKOHJ_13200	PhoP regulatory network protein YrbL	1	GDKOHJ_13200
GDKOHJ_13195	monofunctional biosynthetic peptidoglycan transglycosylase	1	GDKOHJ_13195
GDKOHJ_13190	isoprenoid biosynthesis glyoxalase ElbB	1	GDKOHJ_13190
GDKOHJ_13180	aerobic respiration two-component sensor histidine kinase ArcB	1	GDKOHJ_13180
GDKOHJ_13125	stringent starvation protein SspA	1	GDKOHJ_13125
GDKOHJ_13170	glutamate synthase large subunit	1	GDKOHJ_13170
GDKOHJ_13165	glutamate synthase subunit GltD	1	GDKOHJ_13165
GDKOHJ_13160	N-acetylneuraminate anomerase	1	GDKOHJ_13160
GDKOHJ_13155	N-acetylmannosamine kinase	1	GDKOHJ_13155
GDKOHJ_13150	Putative N-acetylmannosamine-6-phosphate 2-epimerase	1	GDKOHJ_13150
GDKOHJ_13145	sialic acid transporter NanT	1	GDKOHJ_13145
GDKOHJ_13140	N-acetylneuraminate lyase	1	GDKOHJ_13140
GDKOHJ_13135	transcriptional regulator NanR	1	GDKOHJ_13135
GDKOHJ_13130	ClpXP protease specificity-enhancing factor	1	GDKOHJ_13130
GDKOHJ_13175	TIGR01212 family radical SAM protein	1	GDKOHJ_13175
GDKOHJ_11615	multidrug transporter subunit MdtE	1	GDKOHJ_11615
GDKOHJ_11610	multidrug efflux pump RND permease MdtF	1	GDKOHJ_11610
GDKOHJ_11605	Inner membrane protein	1	GDKOHJ_11605
GDKOHJ_11600	acid resistance transcriptional activator GadW	1	GDKOHJ_11600
GDKOHJ_11590	acid resistance transcriptional activator GadX	1	GDKOHJ_11590
GDKOHJ_11580	cytochrome c peroxidase	1	GDKOHJ_11580
GDKOHJ_11575	Cytoplasmic trehalase	1	GDKOHJ_11575
GDKOHJ_11570	Putative HTH-type transcriptional regulator YhjB	1	GDKOHJ_11570
GDKOHJ_13425	polyribonucleotide nucleotidyltransferase	1	GDKOHJ_13425
GDKOHJ_11560	inner membrane protein YhjD	1	GDKOHJ_11560
GDKOHJ_11555	Inner membrane metabolite transport protein YhjE	1	GDKOHJ_11555
GDKOHJ_11550	AsmA family protein YhjG	1	GDKOHJ_11550
GDKOHJ_11545	cyclic-guanylate-specific phosphodiesterase	1	GDKOHJ_11545
GDKOHJ_11540	2-dehydro-3-deoxygluconokinase	1	GDKOHJ_11540
GDKOHJ_11535	Protein YhjJ	1	GDKOHJ_11535
GDKOHJ_11530	C4-dicarboxylate transporter DctC	1	GDKOHJ_11530
GDKOHJ_11525	biofilm formation regulator HmsP	1	GDKOHJ_11525
GDKOHJ_11565	DNA-binding transcriptional regulator, LysR family	1	GDKOHJ_11565
GDKOHJ_11715	hypothetical protein	1	GDKOHJ_11715
GDKOHJ_11710	glutaredoxin-dependent arsenate reductase	1	GDKOHJ_11710
GDKOHJ_11705	YhiS	1	GDKOHJ_11705
GDKOHJ_11700	outer membrane lipoprotein Slp	1	GDKOHJ_11700
GDKOHJ_11695	HTH-type transcriptional regulator DctR	1	GDKOHJ_11695
GDKOHJ_11690	heme oxygenase ChuS	1	GDKOHJ_11690
GDKOHJ_11685	Outer membrane heme/hemoglobin receptor ChuA	1	GDKOHJ_11685
GDKOHJ_11680	periplasmic heme-binding protein ChuT	1	GDKOHJ_11680
GDKOHJ_11620	hypothetical protein	1	GDKOHJ_11620
GDKOHJ_11670	putative heme-binding protein ChuX	1	GDKOHJ_11670
GDKOHJ_11665	ChuY	1	GDKOHJ_11665
GDKOHJ_11660	heme ABC transporter permease ShuU/ChuU	1	GDKOHJ_11660
GDKOHJ_11655	ATP-binding hydrophilic protein ChuV	1	GDKOHJ_11655
GDKOHJ_11650	MgtC/SapB family protein	1	GDKOHJ_11650
GDKOHJ_11645	acid-activated periplasmic chaperone HdeB	1	GDKOHJ_11645
GDKOHJ_11640	acid-activated periplasmic chaperone HdeA	1	GDKOHJ_11640
GDKOHJ_11635	acid-resistance protein HdeD	1	GDKOHJ_11635
GDKOHJ_11630	acid resistance transcriptional activator GadE	1	GDKOHJ_11630
GDKOHJ_11675	Putative oxygen independent coproporphyrinogen III oxidase	1	GDKOHJ_11675
GDKOHJ_11400	Fimbrial protein	1	GDKOHJ_11400
GDKOHJ_11395	outer membrane usher protein LpfC	1	GDKOHJ_11395
GDKOHJ_11390	long polar fimbrial biogenesis chaperone LpfB	1	GDKOHJ_11390
GDKOHJ_11385	long polar fimbrial major subunit LpfA	1	GDKOHJ_11385
GDKOHJ_11380	Uncharacterized MFS-type transporter YhjX	1	GDKOHJ_11380
GDKOHJ_11375	Uncharacterized protein YhjY	1	GDKOHJ_11375
GDKOHJ_11370	DNA-3-methyladenine glycosylase I	1	GDKOHJ_11370
GDKOHJ_11365	N-acetyltransferase	1	GDKOHJ_11365
GDKOHJ_11520	cellulose synthase complex outer membrane protein BcsC	1	GDKOHJ_11520
GDKOHJ_11355	OmpA family lipoprotein	1	GDKOHJ_11355
GDKOHJ_13460	Ubiquinone biosynthesis protein UbiU	1	GDKOHJ_13460
GDKOHJ_13455	U32 family peptidase	1	GDKOHJ_13455
GDKOHJ_13450	luciferase-like monooxygenase	1	GDKOHJ_13450
GDKOHJ_13445	tryptophan permease	1	GDKOHJ_13445
GDKOHJ_13440	ATP-dependent RNA helicase DeaD	1	GDKOHJ_13440
GDKOHJ_13435	Uncharacterized protein YrbN	1	GDKOHJ_13435
GDKOHJ_13430	lipoprotein NlpI	1	GDKOHJ_13430
GDKOHJ_11360	biotin sulfoxide reductase	1	GDKOHJ_11360
GDKOHJ_19545	ATP phosphoribosyltransferase	1	GDKOHJ_19545
GDKOHJ_11510	cellulose synthase complex periplasmic endoglucanase BcsZ	1	GDKOHJ_11510
GDKOHJ_11505	cellulose biosynthesis cyclic di-GMP-binding regulatory protein BcsB	1	GDKOHJ_11505
GDKOHJ_11500	UDP-forming cellulose synthase catalytic subunit	1	GDKOHJ_11500
GDKOHJ_11495	UDP-forming cellulose synthase catalytic subunit	1	GDKOHJ_11495
GDKOHJ_11490	cellulose biosynthesis protein BcsQ	1	GDKOHJ_11490
GDKOHJ_11485	cellulose biosynthesis protein BcsR	1	GDKOHJ_11485
GDKOHJ_11480	cellulose biosynthesis c-di-GMP-binding protein BcsE	1	GDKOHJ_11480
GDKOHJ_11405	long polar fimbrial protein LpfE	1	GDKOHJ_11405
GDKOHJ_11470	cellulose biosynthesis protein BcsG	1	GDKOHJ_11470
GDKOHJ_11465	Type I toxin-antitoxin system toxin Ldr family protein	1	GDKOHJ_11465
GDKOHJ_11455	Inner membrane transport protein YhjV	1	GDKOHJ_11455
GDKOHJ_11450	dipeptide ABC transporter ATP-binding subunit DppF	1	GDKOHJ_11450
GDKOHJ_11445	dipeptide ABC transporter ATP-binding protein	1	GDKOHJ_11445
GDKOHJ_11440	dipeptide ABC transporter permease DppC	1	GDKOHJ_11440
GDKOHJ_11435	dipeptide ABC transporter permease DppB	1	GDKOHJ_11435
GDKOHJ_11425	dipeptide ABC transporter substrate-binding protein DppA	1	GDKOHJ_11425
GDKOHJ_11410	kdo(2)-lipid A phosphoethanolamine 7''-transferase	1	GDKOHJ_11410
GDKOHJ_11475	cellulose biosynthesis protein BcsF	1	GDKOHJ_11475
GDKOHJ_12520	30S ribosomal protein S12	1	GDKOHJ_12520
GDKOHJ_12515	sulfurtransferase complex subunit TusB	1	GDKOHJ_12515
GDKOHJ_12510	sulfurtransferase complex subunit TusC	1	GDKOHJ_12510
GDKOHJ_12505	sulfurtransferase complex subunit TusD	1	GDKOHJ_12505
GDKOHJ_12500	Uncharacterized protein YheO	1	GDKOHJ_12500
GDKOHJ_12495	FKBP-type peptidyl-prolyl cis-trans isomerase	1	GDKOHJ_12495
GDKOHJ_12490	Protein SlyX	1	GDKOHJ_12490
GDKOHJ_12485	peptidylprolyl isomerase	1	GDKOHJ_12485
GDKOHJ_13035	nucleoside triphosphate pyrophosphatase YhdE	1	GDKOHJ_13035
GDKOHJ_12475	glutathione-regulated potassium-efflux system protein KefB	1	GDKOHJ_12475
GDKOHJ_12470	glutathione-regulated potassium-efflux system ancillary protein KefG	1	GDKOHJ_12470
GDKOHJ_12465	ABC transporter ATP-binding protein	1	GDKOHJ_12465
GDKOHJ_12460	hydrolase	1	GDKOHJ_12460
GDKOHJ_12455	YheU family protein	1	GDKOHJ_12455
GDKOHJ_12450	phosphoribulokinase	1	GDKOHJ_12450
GDKOHJ_12445	OsmC family protein	1	GDKOHJ_12445
GDKOHJ_12440	cAMP-activated global transcriptional regulator CRP	1	GDKOHJ_12440
GDKOHJ_12480	YheV family putative zinc ribbon protein	1	GDKOHJ_12480
GDKOHJ_12620	putative general secretion pathway protein GspB	1	GDKOHJ_12620
GDKOHJ_12615	type II secretion system protein GspA	1	GDKOHJ_12615
GDKOHJ_12610	type II secretion system protein GspC	1	GDKOHJ_12610
GDKOHJ_12605	type II secretion system secretin GspD	1	GDKOHJ_12605
GDKOHJ_12600	type II secretion system ATPase GspE	1	GDKOHJ_12600
GDKOHJ_12595	type II secretion system inner membrane protein GspF	1	GDKOHJ_12595
GDKOHJ_12590	type II secretion system major pseudopilin GspG	1	GDKOHJ_12590
GDKOHJ_12585	type II secretion system minor pseudopilin GspH	1	GDKOHJ_12585
GDKOHJ_12525	30S ribosomal protein S7	1	GDKOHJ_12525
GDKOHJ_12575	type II secretion system minor pseudopilin GspJ	1	GDKOHJ_12575
GDKOHJ_12570	type II secretion system minor pseudopilin GspK	1	GDKOHJ_12570
GDKOHJ_12565	type II secretion system protein GspL	1	GDKOHJ_12565
GDKOHJ_12560	type II secretion system protein GspM	1	GDKOHJ_12560
GDKOHJ_12555	prepilin peptidase GspO	1	GDKOHJ_12555
GDKOHJ_12550	bacterioferritin	1	GDKOHJ_12550
GDKOHJ_12545	bacterioferritin-associated ferredoxin	1	GDKOHJ_12545
GDKOHJ_12540	bifunctional chitinase/lysozyme	1	GDKOHJ_12540
GDKOHJ_12530	elongation factor G	1	GDKOHJ_12530
GDKOHJ_12580	type II secretion system minor pseudopilin GspI	1	GDKOHJ_12580
GDKOHJ_21905	Oxidoreductase	1	GDKOHJ_21905
GDKOHJ_21900	DNA-binding transcriptional regulator NemR	1	GDKOHJ_21900
GDKOHJ_21895	N-ethylmaleimide reductase	1	GDKOHJ_21895
GDKOHJ_21890	Lactoylglutathione lyase	1	GDKOHJ_21890
GDKOHJ_21885	ribonuclease T	1	GDKOHJ_21885
GDKOHJ_21880	monothiol glutaredoxin 4	1	GDKOHJ_21880
GDKOHJ_21875	peptidoglycan DD-endopeptidase MepH	1	GDKOHJ_21875
GDKOHJ_21870	superoxide dismutase [Fe]	1	GDKOHJ_21870
GDKOHJ_12435	Uncharacterized protein YhfK	1	GDKOHJ_12435
GDKOHJ_21860	stress response protein YnhF	1	GDKOHJ_21860
GDKOHJ_21850	HTH-type transcriptional repressor PurR	1	GDKOHJ_21850
GDKOHJ_21845	DNA-binding transcriptional activator PunR	1	GDKOHJ_21845
GDKOHJ_21840	purine nucleoside transporter PunC	1	GDKOHJ_21840
GDKOHJ_21835	cyclopropane fatty acyl phospholipid synthase	1	GDKOHJ_21835
GDKOHJ_21830	riboflavin synthase	1	GDKOHJ_21830
GDKOHJ_21825	multidrug efflux MATE transporter MdtK	1	GDKOHJ_21825
GDKOHJ_21820	Uncharacterized protein YdhQ	1	GDKOHJ_21820
GDKOHJ_21865	Inner membrane transport protein YdhP	1	GDKOHJ_21865
GDKOHJ_12430	bifunctional acetylornithine/succinyldiaminopimelate transaminase	1	GDKOHJ_12430
GDKOHJ_12425	Protein YrfJ	1	GDKOHJ_12425
GDKOHJ_12420	aminodeoxychorismate synthase component 2	1	GDKOHJ_12420
GDKOHJ_12415	putative adenosine monophosphate-protein transferase Fic	1	GDKOHJ_12415
GDKOHJ_12410	Uncharacterized protein YhfG	1	GDKOHJ_12410
GDKOHJ_12405	peptidylprolyl isomerase A	1	GDKOHJ_12405
GDKOHJ_12400	MFS transporter TsgA	1	GDKOHJ_12400
GDKOHJ_21965	pyridoxal kinase PdxY	1	GDKOHJ_21965
GDKOHJ_21910	aldo/keto reductase family oxidoreductase	1	GDKOHJ_21910
GDKOHJ_21955	pyridoxamine 5'-phosphate oxidase	1	GDKOHJ_21955
GDKOHJ_21950	C-type lysozyme inhibitor	1	GDKOHJ_21950
GDKOHJ_21945	anhydro-N-acetylmuramic acid kinase	1	GDKOHJ_21945
GDKOHJ_21940	outer membrane lipoprotein SlyB	1	GDKOHJ_21940
GDKOHJ_21935	transcriptional regulator SlyA	1	GDKOHJ_21935
GDKOHJ_21930	Uncharacterized protein YdhI	1	GDKOHJ_21930
GDKOHJ_21925	Uncharacterized protein YdhJ	1	GDKOHJ_21925
GDKOHJ_21920	Uncharacterized transporter YdhK	1	GDKOHJ_21920
GDKOHJ_21915	superoxide dismutase [Cu-Zn] SodC	1	GDKOHJ_21915
GDKOHJ_21960	tyrosine--tRNA ligase	1	GDKOHJ_21960
GDKOHJ_12935	DNA-binding transcriptional regulator Fis	1	GDKOHJ_12935
GDKOHJ_12930	adenine-specific DNA-methyltransferase	1	GDKOHJ_12930
GDKOHJ_12925	Inner membrane protein YhdU	1	GDKOHJ_12925
GDKOHJ_12920	multidrug efflux transporter transcriptional repressor AcrS	1	GDKOHJ_12920
GDKOHJ_12915	multidrug efflux RND transporter periplasmic adaptor subunit AcrE	1	GDKOHJ_12915
GDKOHJ_12910	multidrug efflux RND transporter permease subunit AcrF	1	GDKOHJ_12910
GDKOHJ_12905	hypothetical protein	1	GDKOHJ_12905
GDKOHJ_12900	Uncharacterized protein YhdV	1	GDKOHJ_12900
GDKOHJ_12625	30S ribosomal protein S10	1	GDKOHJ_12625
GDKOHJ_12890	Putative amino-acid ABC transporter permease protein YhdX	1	GDKOHJ_12890
GDKOHJ_12885	Inner membrane amino-acid ABC transporter permease protein YhdY	1	GDKOHJ_12885
GDKOHJ_12880	Uncharacterized amino-acid ABC transporter ATP-binding protein YhdZ	1	GDKOHJ_12880
GDKOHJ_12835	Protein YrdA	1	GDKOHJ_12835
GDKOHJ_12830	Uncharacterized protein YrdB	1	GDKOHJ_12830
GDKOHJ_12825	shikimate dehydrogenase	1	GDKOHJ_12825
GDKOHJ_12820	L-threonylcarbamoyladenylate synthase type 1 TsaC	1	GDKOHJ_12820
GDKOHJ_12815	Uncharacterized protein YrdD	1	GDKOHJ_12815
GDKOHJ_12895	Putative amino-acid ABC transporter-binding protein YhdW	1	GDKOHJ_12895
GDKOHJ_13030	rod shape-determining protein MreD	1	GDKOHJ_13030
GDKOHJ_13025	rod shape-determining protein MreC	1	GDKOHJ_13025
GDKOHJ_13020	rod shape-determining protein MreB	1	GDKOHJ_13020
GDKOHJ_13015	RNase E specificity factor CsrD	1	GDKOHJ_13015
GDKOHJ_13010	putative acrylyl-CoA reductase AcuI	1	GDKOHJ_13010
GDKOHJ_13005	acetyl-CoA carboxylase biotin carboxyl carrier protein	1	GDKOHJ_13005
GDKOHJ_13000	acetyl-CoA carboxylase biotin carboxylase subunit	1	GDKOHJ_13000
GDKOHJ_12995	DUF4432 domain-containing protein	1	GDKOHJ_12995
GDKOHJ_12940	tRNA dihydrouridine synthase DusB	1	GDKOHJ_12940
GDKOHJ_12985	ABC transporter permease	1	GDKOHJ_12985
GDKOHJ_12980	ATP-binding cassette domain-containing protein	1	GDKOHJ_12980
GDKOHJ_12975	D-ribose-binding periplasmic protein	1	GDKOHJ_12975
GDKOHJ_12970	tagatose bisphosphate family class II aldolase	1	GDKOHJ_12970
GDKOHJ_12965	DeoR faimly transcriptional regulator	1	GDKOHJ_12965
GDKOHJ_12960	Putative pfkB family carbohydrate kinase	1	GDKOHJ_12960
GDKOHJ_12955	Uncharacterized membrane protein YhdT	1	GDKOHJ_12955
GDKOHJ_12950	sodium/pantothenate symporter	1	GDKOHJ_12950
GDKOHJ_12945	50S ribosomal protein L11 methyltransferase	1	GDKOHJ_12945
GDKOHJ_12990	Ribokinase sugar kinase	1	GDKOHJ_12990
GDKOHJ_12710	50S ribosomal protein L18	1	GDKOHJ_12710
GDKOHJ_12705	50S ribosomal protein L6	1	GDKOHJ_12705
GDKOHJ_12700	Small ribosomal subunit protein uS8	1	GDKOHJ_12700
GDKOHJ_12695	30S ribosomal protein S14	1	GDKOHJ_12695
GDKOHJ_12690	50S ribosomal protein L5	1	GDKOHJ_12690
GDKOHJ_12685	50S ribosomal protein L24	1	GDKOHJ_12685
GDKOHJ_12680	50S ribosomal protein L14	1	GDKOHJ_12680
GDKOHJ_12675	30S ribosomal protein S17	1	GDKOHJ_12675
GDKOHJ_12810	DUF494 domain-containing protein	1	GDKOHJ_12810
GDKOHJ_12665	50S ribosomal protein L16	1	GDKOHJ_12665
GDKOHJ_12660	30S ribosomal protein S3	1	GDKOHJ_12660
GDKOHJ_12655	50S ribosomal protein L22	1	GDKOHJ_12655
GDKOHJ_12650	30S ribosomal protein S19	1	GDKOHJ_12650
GDKOHJ_12645	50S ribosomal protein L2	1	GDKOHJ_12645
GDKOHJ_12640	50S ribosomal protein L23	1	GDKOHJ_12640
GDKOHJ_12635	50S ribosomal protein L4	1	GDKOHJ_12635
GDKOHJ_12630	50S ribosomal protein L3	1	GDKOHJ_12630
GDKOHJ_12670	50S ribosomal protein L29	1	GDKOHJ_12670
GDKOHJ_12805	DNA-protecting protein DprA	1	GDKOHJ_12805
GDKOHJ_12800	peptide deformylase	1	GDKOHJ_12800
GDKOHJ_12795	methionyl-tRNA formyltransferase	1	GDKOHJ_12795
GDKOHJ_12790	16S rRNA (cytosine(967)-C(5))-methyltransferase RsmB	1	GDKOHJ_12790
GDKOHJ_12785	Trk system potassium transporter TrkA	1	GDKOHJ_12785
GDKOHJ_12780	large-conductance mechanosensitive channel protein MscL	1	GDKOHJ_12780
GDKOHJ_12775	alternative ribosome-rescue factor ArfA	1	GDKOHJ_12775
GDKOHJ_12770	Zn(2+)-responsive transcriptional regulator	1	GDKOHJ_12770
GDKOHJ_12715	30S ribosomal protein S5	1	GDKOHJ_12715
GDKOHJ_12760	30S ribosomal protein S4	1	GDKOHJ_12760
GDKOHJ_12755	DNA-directed RNA polymerase subunit alpha	1	GDKOHJ_12755
GDKOHJ_12750	30S ribosomal protein S4	1	GDKOHJ_12750
GDKOHJ_12745	30S ribosomal protein S11	1	GDKOHJ_12745
GDKOHJ_12740	30S ribosomal protein S13	1	GDKOHJ_12740
GDKOHJ_12735	50S ribosomal protein L36	1	GDKOHJ_12735
GDKOHJ_12730	preprotein translocase subunit SecY	1	GDKOHJ_12730
GDKOHJ_12725	50S ribosomal protein L15	1	GDKOHJ_12725
GDKOHJ_12720	50S ribosomal protein L30	1	GDKOHJ_12720
GDKOHJ_12765	Uncharacterized protein YhdN	1	GDKOHJ_12765
GDKOHJ_05745	MDR efflux pump AcrAB transcriptional activator RobA	1	GDKOHJ_05745
GDKOHJ_05740	protein CreA	1	GDKOHJ_05740
GDKOHJ_05735	two-component system response regulator CreB	1	GDKOHJ_05735
GDKOHJ_05730	two-component system sensor histidine kinase CreC	1	GDKOHJ_05730
GDKOHJ_05725	cell envelope integrity protein CreD	1	GDKOHJ_05725
GDKOHJ_05720	two-component system response regulator ArcA	1	GDKOHJ_05720
GDKOHJ_05715	tRNA/rRNA methyltransferase	1	GDKOHJ_05715
GDKOHJ_05710	thr operon leader peptide	1	GDKOHJ_05710
GDKOHJ_02485	alkyl hydroperoxide reductase subunit C	1	GDKOHJ_02485
GDKOHJ_05700	homoserine kinase	1	GDKOHJ_05700
GDKOHJ_05695	threonine synthase	1	GDKOHJ_05695
GDKOHJ_05690	Uncharacterized protein YaaX	1	GDKOHJ_05690
GDKOHJ_05685	peroxide stress protein YaaA	1	GDKOHJ_05685
GDKOHJ_05680	Uncharacterized transporter YaaJ	1	GDKOHJ_05680
GDKOHJ_05675	transaldolase B	1	GDKOHJ_05675
GDKOHJ_05670	molybdopterin adenylyltransferase	1	GDKOHJ_05670
GDKOHJ_05660	acetate uptake transporter	1	GDKOHJ_05660
GDKOHJ_05705	bifunctional aspartate kinase/homoserine dehydrogenase I	1	GDKOHJ_05705
GDKOHJ_05835	Uncharacterized protein YjjI	1	GDKOHJ_05835
GDKOHJ_05830	deoxyribose-phosphate aldolase	1	GDKOHJ_05830
GDKOHJ_05825	thymidine phosphorylase	1	GDKOHJ_05825
GDKOHJ_05820	phosphopentomutase	1	GDKOHJ_05820
GDKOHJ_05815	purine-nucleoside phosphorylase	1	GDKOHJ_05815
GDKOHJ_05810	HTH cro/C1-type domain-containing protein	1	GDKOHJ_05810
GDKOHJ_05805	lipoate--protein ligase LplA	1	GDKOHJ_05805
GDKOHJ_05800	YtjB family periplasmic protein	1	GDKOHJ_05800
GDKOHJ_05750	putative phosphoglycerate mutase GpmB	1	GDKOHJ_05750
GDKOHJ_05790	DNA repair protein RadA	1	GDKOHJ_05790
GDKOHJ_05785	multifunctional transcriptional regulator/nicotinamide-nucleotide adenylyltransferase/ribosylnicotinamide kinase NadR	1	GDKOHJ_05785
GDKOHJ_05780	Addiction module toxin RelE	1	GDKOHJ_05780
GDKOHJ_05775	NadS family protein	1	GDKOHJ_05775
GDKOHJ_05770	energy-dependent translational throttle protein EttA	1	GDKOHJ_05770
GDKOHJ_05765	murein transglycosylase	1	GDKOHJ_05765
GDKOHJ_05760	trp operon repressor	1	GDKOHJ_05760
GDKOHJ_05755	inosine/xanthosine triphosphatase	1	GDKOHJ_05755
GDKOHJ_05795	phosphoserine phosphatase	1	GDKOHJ_05795
GDKOHJ_05540	carbamoyl-phosphate synthase large subunit	1	GDKOHJ_05540
GDKOHJ_05535	carnitine metabolism transcriptional regulator CaiF	1	GDKOHJ_05535
GDKOHJ_05530	carnitine operon protein CaiE	1	GDKOHJ_05530
GDKOHJ_05525	crotonobetainyl-CoA hydratase	1	GDKOHJ_05525
GDKOHJ_05520	crotonobetaine/carnitine-CoA ligase	1	GDKOHJ_05520
GDKOHJ_05515	L-carnitine CoA-transferase	1	GDKOHJ_05515
GDKOHJ_05510	crotonobetainyl-CoA dehydrogenase	1	GDKOHJ_05510
GDKOHJ_05505	L-carnitine/gamma-butyrobetaine antiporter	1	GDKOHJ_05505
GDKOHJ_05655	acidic protein MsyB	1	GDKOHJ_05655
GDKOHJ_05495	electron transfer flavoprotein subunit alpha/FixB family protein	1	GDKOHJ_05495
GDKOHJ_05490	ferredoxin-like protein FixX	1	GDKOHJ_05490
GDKOHJ_05485	ferredoxin-like protein FixX	1	GDKOHJ_05485
GDKOHJ_05480	Putative metabolite transport protein YaaU	1	GDKOHJ_05480
GDKOHJ_05475	glutathione-regulated potassium-efflux system oxidoreductase KefF	1	GDKOHJ_05475
GDKOHJ_05470	glutathione-regulated potassium-efflux system protein KefC	1	GDKOHJ_05470
GDKOHJ_05465	dihydrofolate reductase	1	GDKOHJ_05465
GDKOHJ_05460	Post-segregation antitoxin (ccd killing mechanism protein) encoded by the F plasmid	1	GDKOHJ_05460
GDKOHJ_05500	Protein FixA	1	GDKOHJ_05500
GDKOHJ_05650	DUF2541 domain-containing protein	1	GDKOHJ_05650
GDKOHJ_05645	molecular chaperone DnaK	1	GDKOHJ_05645
GDKOHJ_05635	molecular chaperone DnaJ	1	GDKOHJ_05635
GDKOHJ_05630	type I toxin-antitoxin system toxin MokC	1	GDKOHJ_05630
GDKOHJ_05620	hypothetical protein	1	GDKOHJ_05620
GDKOHJ_05615	Nucleoside-specific channel-forming protein Tsx	1	GDKOHJ_05615
GDKOHJ_05610	Arylsulfatase	1	GDKOHJ_05610
GDKOHJ_05605	Cytoplasmic protein	1	GDKOHJ_05605
GDKOHJ_05545	carbamoyl phosphate synthase small subunit	1	GDKOHJ_05545
GDKOHJ_05595	transcriptional activator NhaR	1	GDKOHJ_05595
GDKOHJ_05590	30S ribosomal protein S20	1	GDKOHJ_05590
GDKOHJ_05585	bifunctional riboflavin kinase/FAD synthetase	1	GDKOHJ_05585
GDKOHJ_05580	isoleucine--tRNA ligase	1	GDKOHJ_05580
GDKOHJ_05575	signal peptidase II	1	GDKOHJ_05575
GDKOHJ_05570	FKBP-type peptidyl-prolyl cis-trans isomerase	1	GDKOHJ_05570
GDKOHJ_05565	4-hydroxy-3-methylbut-2-enyl diphosphate reductase	1	GDKOHJ_05565
GDKOHJ_05560	ribonucleoside hydrolase RihC	1	GDKOHJ_05560
GDKOHJ_05555	4-hydroxy-tetrahydrodipicolinate reductase	1	GDKOHJ_05555
GDKOHJ_05600	Na+/H+ antiporter NhaA	1	GDKOHJ_05600
GDKOHJ_21150	2-nitroimidazole transporter	1	GDKOHJ_21150
GDKOHJ_21145	Uncharacterized protein YeaO	1	GDKOHJ_21145
GDKOHJ_21140	Transposase	1	GDKOHJ_21140
GDKOHJ_21135	DUF333 domain-containing protein	1	GDKOHJ_21135
GDKOHJ_21130	diguanylate cyclase DgcP	1	GDKOHJ_21130
GDKOHJ_21125	protein YoaJ	1	GDKOHJ_21125
GDKOHJ_21120	UPF0410 protein YeaQ	1	GDKOHJ_21120
GDKOHJ_21115	Protein YoaG	1	GDKOHJ_21115
GDKOHJ_05840	Putative glycyl-radical enzyme activating enzyme YjjW	1	GDKOHJ_05840
GDKOHJ_21105	leucine efflux protein LeuE	1	GDKOHJ_21105
GDKOHJ_21100	ribonuclease D	1	GDKOHJ_21100
GDKOHJ_21090	long-chain-fatty-acid--CoA ligase FadD	1	GDKOHJ_21090
GDKOHJ_21085	Slp family lipoprotein YeaY	1	GDKOHJ_21085
GDKOHJ_21080	tRNA (adenosine(37)-N6)-threonylcarbamoyltransferase complex dimerization subunit type 1 TsaB	1	GDKOHJ_21080
GDKOHJ_21075	putative ATP-dependent DNA helicase YoaA	1	GDKOHJ_21075
GDKOHJ_21070	RutC family protein YoaB	1	GDKOHJ_21070
GDKOHJ_21065	DUF1889 domain-containing protein	1	GDKOHJ_21065
GDKOHJ_21110	Uncharacterized protein YeaR	1	GDKOHJ_21110
GDKOHJ_21255	NADH-dependent methylglyoxal reductase	1	GDKOHJ_21255
GDKOHJ_21250	Uncharacterized sugar kinase YdjH	1	GDKOHJ_21250
GDKOHJ_21245	Fructose/tagatose bisphosphate aldolase	1	GDKOHJ_21245
GDKOHJ_21240	Uncharacterized zinc-type alcohol dehydrogenase-like protein YdjJ	1	GDKOHJ_21240
GDKOHJ_21235	Putative metabolite transport protein YdjK	1	GDKOHJ_21235
GDKOHJ_21230	Uncharacterized zinc-type alcohol dehydrogenase-like protein YdjL	1	GDKOHJ_21230
GDKOHJ_21225	Uncharacterized protein YeaC	1	GDKOHJ_21225
GDKOHJ_21220	Peptide methionine sulfoxide reductase MsrB	1	GDKOHJ_21220
GDKOHJ_21155	DNA-binding transcriptional regulator NimR	1	GDKOHJ_21155
GDKOHJ_21210	Putative glucose-6-phosphate 1-epimerase	1	GDKOHJ_21210
GDKOHJ_21205	methylglyoxal reductase YeaE	1	GDKOHJ_21205
GDKOHJ_21200	scaffolding protein MipA	1	GDKOHJ_21200
GDKOHJ_21195	protein kinase YeaG	1	GDKOHJ_21195
GDKOHJ_21190	UPF0229 protein Ent638_1670	1	GDKOHJ_21190
GDKOHJ_21175	putative diguanylate cyclase CdgI	1	GDKOHJ_21175
GDKOHJ_21170	diguanylate cyclase DgcJ	1	GDKOHJ_21170
GDKOHJ_21165	mischarged aminoacyl-tRNA deacylase	1	GDKOHJ_21165
GDKOHJ_21160	UPF0756 membrane protein YeaL	1	GDKOHJ_21160
GDKOHJ_21215	glyceraldehyde-3-phosphate dehydrogenase	1	GDKOHJ_21215
GDKOHJ_20960	RNA chaperone ProQ	1	GDKOHJ_20960
GDKOHJ_20955	L-methionine (R)-S-oxide reductase	1	GDKOHJ_20955
GDKOHJ_20950	membrane integrity lipid transport subunit YebS	1	GDKOHJ_20950
GDKOHJ_20945	lipid-binding membrane homeostasis protein YebT	1	GDKOHJ_20945
GDKOHJ_20940	16S rRNA (cytosine(1407)-C(5))-methyltransferase RsmF	1	GDKOHJ_20940
GDKOHJ_20935	Uncharacterized protein YebV	1	GDKOHJ_20935
GDKOHJ_20930	Uncharacterized protein YebW	1	GDKOHJ_20930
GDKOHJ_20925	protein-serine/threonine phosphatase	1	GDKOHJ_20925
GDKOHJ_21060	YoaH family protein	1	GDKOHJ_21060
GDKOHJ_05890	DNA polymerase III subunit psi	1	GDKOHJ_05890
GDKOHJ_05885	ribosomal protein S18-alanine N-acetyltransferase	1	GDKOHJ_05885
GDKOHJ_05880	pyrimidine 5'-nucleotidase	1	GDKOHJ_05880
GDKOHJ_05875	peptide chain release factor 3	1	GDKOHJ_05875
GDKOHJ_05870	molecular chaperone OsmY	1	GDKOHJ_05870
GDKOHJ_05865	UPF0391 membrane protein YtjA	1	GDKOHJ_05865
GDKOHJ_05860	Uncharacterized protein YjjU	1	GDKOHJ_05860
GDKOHJ_05855	metal-dependent hydrolase	1	GDKOHJ_05855
GDKOHJ_20910	Uncharacterized protein YebY	1	GDKOHJ_20910
GDKOHJ_21055	aminodeoxychorismate synthase component 1	1	GDKOHJ_21055
GDKOHJ_21050	CoA pyrophosphatase	1	GDKOHJ_21050
GDKOHJ_21045	L-serine ammonia-lyase	1	GDKOHJ_21045
GDKOHJ_21040	putative cyclic di-GMP phosphodiesterase PdeD	1	GDKOHJ_21040
GDKOHJ_21035	CNNM family cation transport protein YoaE	1	GDKOHJ_21035
GDKOHJ_21030	Protein YoaL	1	GDKOHJ_21030
GDKOHJ_21025	PTS mannose transporter subunit IIAB	1	GDKOHJ_21025
GDKOHJ_21020	PTS mannose transporter subunit IIC	1	GDKOHJ_21020
GDKOHJ_20965	carboxy terminal-processing peptidase	1	GDKOHJ_20965
GDKOHJ_21010	UPF0266 membrane protein YobD	1	GDKOHJ_21010
GDKOHJ_21005	manganese efflux pump MntP	1	GDKOHJ_21005
GDKOHJ_21000	23S rRNA (guanine(745)-N(1))-methyltransferase	1	GDKOHJ_21000
GDKOHJ_20995	transcription antiterminator/RNA stability regulator CspE	1	GDKOHJ_20995
GDKOHJ_20990	Uncharacterized protein YebO	1	GDKOHJ_20990
GDKOHJ_20985	Uncharacterized protein YobH	1	GDKOHJ_20985
GDKOHJ_20980	DNA-binding transcriptional regulator KdgR	1	GDKOHJ_20980
GDKOHJ_20975	Uncharacterized transporter YebQ	1	GDKOHJ_20975
GDKOHJ_20970	protease HtpX	1	GDKOHJ_20970
GDKOHJ_21015	PTS mannose transporter subunit IID	1	GDKOHJ_21015
GDKOHJ_15165	FAD-dependent 2-octaprenylphenol hydroxylase	1	GDKOHJ_15165
GDKOHJ_15160	2-octaprenyl-6-methoxyphenyl hydroxylase	1	GDKOHJ_15160
GDKOHJ_15155	Xaa-Pro aminopeptidase	1	GDKOHJ_15155
GDKOHJ_15150	UPF0149 family protein YgfB	1	GDKOHJ_15150
GDKOHJ_15145	cell division protein ZapA	1	GDKOHJ_15145
GDKOHJ_15135	5-formyltetrahydrofolate cyclo-ligase	1	GDKOHJ_15135
GDKOHJ_15130	Type I toxin-antitoxin system Ibs family toxin	1	GDKOHJ_15130
GDKOHJ_15120	phosphoglycerate dehydrogenase	1	GDKOHJ_15120
GDKOHJ_05455	Toxin CcdB	1	GDKOHJ_05455
GDKOHJ_15110	Putative protein YqfE	1	GDKOHJ_15110
GDKOHJ_15105	DNA-binding transcriptional regulator ArgP	1	GDKOHJ_15105
GDKOHJ_15100	Methylmalonyl-CoA mutase	1	GDKOHJ_15100
GDKOHJ_15095	Methylmalonyl-CoA mutase domain-containing protein	1	GDKOHJ_15095
GDKOHJ_15090	Uncharacterized HTH-type transcriptional regulator YgfI	1	GDKOHJ_15090
GDKOHJ_15085	oxidative stress defense protein	1	GDKOHJ_15085
GDKOHJ_15080	arginine exporter ArgO	1	GDKOHJ_15080
GDKOHJ_15075	small-conductance mechanosensitive channel MscS	1	GDKOHJ_15075
GDKOHJ_15115	ribose-5-phosphate isomerase RpiA	1	GDKOHJ_15115
GDKOHJ_15260	YqfG protein	1	GDKOHJ_15260
GDKOHJ_15255	Protein YqfH	1	GDKOHJ_15255
GDKOHJ_15250	isopentenyl-diphosphate Delta-isomerase	1	GDKOHJ_15250
GDKOHJ_15245	lysine--tRNA ligase	1	GDKOHJ_15245
GDKOHJ_15240	peptide chain release factor 2	1	GDKOHJ_15240
GDKOHJ_15235	single-stranded-DNA-specific exonuclease RecJ	1	GDKOHJ_15235
GDKOHJ_15230	bifunctional protein-disulfide isomerase/oxidoreductase DsbC	1	GDKOHJ_15230
GDKOHJ_15225	site-specific tyrosine recombinase XerD	1	GDKOHJ_15225
GDKOHJ_15170	Transposase	1	GDKOHJ_15170
GDKOHJ_15215	Inner membrane protein YgfX	1	GDKOHJ_15215
GDKOHJ_15210	FAD assembly factor SdhE	1	GDKOHJ_15210
GDKOHJ_15205	tRNA-modifying protein YgfZ	1	GDKOHJ_15205
GDKOHJ_15200	hemolysin III family protein	1	GDKOHJ_15200
GDKOHJ_15195	N(4)-acetylcytidine aminohydrolase	1	GDKOHJ_15195
GDKOHJ_15190	6-phospho-beta-glucosidase BglA	1	GDKOHJ_15190
GDKOHJ_15185	aminomethyl-transferring glycine dehydrogenase	1	GDKOHJ_15185
GDKOHJ_15180	glycine cleavage system protein GcvH	1	GDKOHJ_15180
GDKOHJ_15175	glycine cleavage system aminomethyltransferase GcvT	1	GDKOHJ_15175
GDKOHJ_15220	flavodoxin FldB	1	GDKOHJ_15220
GDKOHJ_11285	xylose isomerase	1	GDKOHJ_11285
GDKOHJ_11280	D-xylose ABC transporter substrate-binding protein	1	GDKOHJ_11280
GDKOHJ_11275	D-xylose ABC transporter ATP-binding protein	1	GDKOHJ_11275
GDKOHJ_11270	xylose ABC transporter permease XylH	1	GDKOHJ_11270
GDKOHJ_11265	DNA-binding transcriptional regulator XylR	1	GDKOHJ_11265
GDKOHJ_11260	protein bax	1	GDKOHJ_11260
GDKOHJ_11255	Putative translational regulatory protein BaxL	1	GDKOHJ_11255
GDKOHJ_11250	alpha-amylase	1	GDKOHJ_11250
GDKOHJ_15070	class II fructose-bisphosphate aldolase	1	GDKOHJ_15070
GDKOHJ_11240	Putative electron transport protein YsaA	1	GDKOHJ_11240
GDKOHJ_11235	IclR family transcriptional regulator YiaJ	1	GDKOHJ_11235
GDKOHJ_11230	3-dehydro-L-gulonate 2-dehydrogenase	1	GDKOHJ_11230
GDKOHJ_11225	Beta-galactosidase, beta subunit	1	GDKOHJ_11225
GDKOHJ_11220	DUF4862 domain-containing protein	1	GDKOHJ_11220
GDKOHJ_11215	2,3-diketo-L-gulonate TRAP transporter small permease YiaM	1	GDKOHJ_11215
GDKOHJ_11210	2,3-diketo-L-gulonate TRAP transporter large permease YiaN	1	GDKOHJ_11210
GDKOHJ_11205	2,3-diketo-L-gulonate transporter substrate-binding protein YiaO	1	GDKOHJ_11205
GDKOHJ_11245	valine--pyruvate transaminase	1	GDKOHJ_11245
GDKOHJ_15065	phosphoglycerate kinase	1	GDKOHJ_15065
GDKOHJ_15060	erythrose-4-phosphate dehydrogenase	1	GDKOHJ_15060
GDKOHJ_15055	DUF296 domain-containing protein	1	GDKOHJ_15055
GDKOHJ_15050	Signal transduction histidine kinase, LytS	1	GDKOHJ_15050
GDKOHJ_15045	Energy-coupling factor transporter transmembrane protein EcfT	1	GDKOHJ_15045
GDKOHJ_15040	Energy-coupling factor transporter ATP-binding protein EcfA2	1	GDKOHJ_15040
GDKOHJ_15035	ABC-type sulfate/molybdate transport systems, ATPase component	1	GDKOHJ_15035
GDKOHJ_11350	glyoxylate/hydroxypyruvate reductase GhrB	1	GDKOHJ_11350
GDKOHJ_11290	xylulokinase	1	GDKOHJ_11290
GDKOHJ_11340	HTH-type transcriptional regulator	1	GDKOHJ_11340
GDKOHJ_11335	Cold shock protein CspA	1	GDKOHJ_11335
GDKOHJ_11330	Hok/Gef family protein	1	GDKOHJ_11330
GDKOHJ_11320	Glycine--tRNA ligase beta subunit	1	GDKOHJ_11320
GDKOHJ_11315	glycine--tRNA ligase subunit alpha	1	GDKOHJ_11315
GDKOHJ_11310	Uncharacterized protein YsaB	1	GDKOHJ_11310
GDKOHJ_11305	O-acetyltransferase WecH	1	GDKOHJ_11305
GDKOHJ_11300	inner membrane protein YiaA	1	GDKOHJ_11300
GDKOHJ_11295	inner membrane protein YiaB	1	GDKOHJ_11295
GDKOHJ_11345	Uncharacterized protein YiaF	1	GDKOHJ_11345
GDKOHJ_15550	Bifunctional PTS system maltose and glucose-specific transporter subunits IICB	1	GDKOHJ_15550
GDKOHJ_15545	Antiterminator	1	GDKOHJ_15545
GDKOHJ_15540	N-acetylmuramoyl-L-alanine amidase AmiC	1	GDKOHJ_15540
GDKOHJ_15535	amino-acid N-acetyltransferase	1	GDKOHJ_15535
GDKOHJ_15530	exodeoxyribonuclease V subunit alpha	1	GDKOHJ_15530
GDKOHJ_15525	exodeoxyribonuclease V subunit beta	1	GDKOHJ_15525
GDKOHJ_15520	pitrilysin	1	GDKOHJ_15520
GDKOHJ_15515	exodeoxyribonuclease V subunit gamma	1	GDKOHJ_15515
GDKOHJ_15265	urate/proton symporter UacT	1	GDKOHJ_15265
GDKOHJ_15505	DUF2509 domain-containing protein	1	GDKOHJ_15505
GDKOHJ_15500	prepilin peptidase-dependent protein	1	GDKOHJ_15500
GDKOHJ_15495	prepilin peptidase-dependent protein	1	GDKOHJ_15495
GDKOHJ_15490	thymidylate synthase	1	GDKOHJ_15490
GDKOHJ_15485	prolipoprotein diacylglyceryl transferase	1	GDKOHJ_15485
GDKOHJ_15480	phosphoenolpyruvate--protein phosphotransferase	1	GDKOHJ_15480
GDKOHJ_15475	RNA pyrophosphohydrolase	1	GDKOHJ_15475
GDKOHJ_15470	Protein YgdT	1	GDKOHJ_15470
GDKOHJ_15510	prepilin-type N-terminal cleavage/methylation domain-containing protein	1	GDKOHJ_15510
GDKOHJ_05450	bis(5'-nucleosyl)-tetraphosphatase (symmetrical) ApaH	1	GDKOHJ_05450
GDKOHJ_05445	Co2+/Mg2+ efflux protein ApaG	1	GDKOHJ_05445
GDKOHJ_05440	16S rRNA (adenine(1518)-N(6)/adenine(1519)-N(6))-dimethyltransferase RsmA	1	GDKOHJ_05440
GDKOHJ_05435	4-hydroxythreonine-4-phosphate dehydrogenase PdxA	1	GDKOHJ_05435
GDKOHJ_05430	peptidylprolyl isomerase SurA	1	GDKOHJ_05430
GDKOHJ_05425	LPS assembly protein LptD	1	GDKOHJ_05425
GDKOHJ_05420	co-chaperone DjlA	1	GDKOHJ_05420
GDKOHJ_05410	bifunctional tRNA pseudouridine(32) synthase/23S rRNA pseudouridine(746) synthase RluA	1	GDKOHJ_05410
GDKOHJ_15555	Aminotransferase	1	GDKOHJ_15555
GDKOHJ_05400	DNA polymerase II	1	GDKOHJ_05400
GDKOHJ_05395	L-ribulose-5-phosphate 4-epimerase	1	GDKOHJ_05395
GDKOHJ_05390	L-arabinose isomerase	1	GDKOHJ_05390
GDKOHJ_05385	ribulokinase	1	GDKOHJ_05385
GDKOHJ_05380	arabinose operon transcriptional regulator AraC	1	GDKOHJ_05380
GDKOHJ_05375	Phage protein	1	GDKOHJ_05375
GDKOHJ_05370	DUF943 domain-containing protein	1	GDKOHJ_05370
GDKOHJ_05365	Inner membrane protein YabI	1	GDKOHJ_05365
GDKOHJ_05360	thiamine ABC transporter ATP-binding protein ThiQ	1	GDKOHJ_05360
GDKOHJ_05405	RNA polymerase-associated protein RapA	1	GDKOHJ_05405
GDKOHJ_15350	knotted carbamoyltransferase YgeW	1	GDKOHJ_15350
GDKOHJ_15345	diaminopropionate ammonia-lyase	1	GDKOHJ_15345
GDKOHJ_15340	YgeY family selenium metabolism-linked hydrolase	1	GDKOHJ_15340
GDKOHJ_15335	D-phenylhydantoinase	1	GDKOHJ_15335
GDKOHJ_15330	carbamate kinase	1	GDKOHJ_15330
GDKOHJ_15325	selenium-dependent molybdenum cofactor biosynthesis protein YqeB	1	GDKOHJ_15325
GDKOHJ_15320	selenium cofactor biosynthesis protein YqeC	1	GDKOHJ_15320
GDKOHJ_15315	molybdenum cofactor cytidylyltransferase	1	GDKOHJ_15315
GDKOHJ_15465	DNA mismatch repair endonuclease MutH	1	GDKOHJ_15465
GDKOHJ_15305	putative aminohydrolase SsnA	1	GDKOHJ_15305
GDKOHJ_15300	Uncharacterized protein YgfM	1	GDKOHJ_15300
GDKOHJ_15295	putative hypoxanthine oxidase XdhD	1	GDKOHJ_15295
GDKOHJ_15290	xanthine/proton symporter XanQ	1	GDKOHJ_15290
GDKOHJ_15285	guanine deaminase	1	GDKOHJ_15285
GDKOHJ_15280	guanine/hypoxanthine transporter GhxQ	1	GDKOHJ_15280
GDKOHJ_15275	Putative electron transport protein YgfS	1	GDKOHJ_15275
GDKOHJ_15270	formate-dependent uric acid utilization protein YgfT	1	GDKOHJ_15270
GDKOHJ_15310	putative selenate reductase subunit YgfK	1	GDKOHJ_15310
GDKOHJ_15460	UPF0053 inner membrane protein YgdQ	1	GDKOHJ_15460
GDKOHJ_15455	lipoprotein YgdR	1	GDKOHJ_15455
GDKOHJ_15450	NADP(H)-dependent aldo-keto reductase	1	GDKOHJ_15450
GDKOHJ_15445	lysophospholipid transporter LplT	1	GDKOHJ_15445
GDKOHJ_15440	bifunctional acyl-ACP--phospholipid O-acyltransferase/long-chain-fatty-acid--ACP ligase	1	GDKOHJ_15440
GDKOHJ_15425	HTH-type transcriptional regulator GalR	1	GDKOHJ_15425
GDKOHJ_15420	diaminopimelate decarboxylase	1	GDKOHJ_15420
GDKOHJ_15415	DNA-binding transcriptional regulator LysR	1	GDKOHJ_15415
GDKOHJ_15355	Putative uric acid sigma-54-dependent transcriptional regulator UacR	1	GDKOHJ_15355
GDKOHJ_15405	arabinose-proton symporter AraE	1	GDKOHJ_15405
GDKOHJ_15400	2-dehydro-3-deoxy-D-gluconate 5-dehydrogenase KduD	1	GDKOHJ_15400
GDKOHJ_15395	5-dehydro-4-deoxy-D-glucuronate isomerase	1	GDKOHJ_15395
GDKOHJ_15390	putative acetyl-CoA acetyltransferase	1	GDKOHJ_15390
GDKOHJ_15385	Inner membrane transport protein YqeG	1	GDKOHJ_15385
GDKOHJ_15375	amidase activator ActS	1	GDKOHJ_15375
GDKOHJ_15370	xanthine dehydrogenase molybdenum-binding subunit XdhA	1	GDKOHJ_15370
GDKOHJ_15365	xanthine dehydrogenase FAD-binding subunit XdhB	1	GDKOHJ_15365
GDKOHJ_15360	xanthine dehydrogenase iron sulfur-binding subunit XdhC	1	GDKOHJ_15360
GDKOHJ_15410	amino acid racemase	1	GDKOHJ_15410
GDKOHJ_12250	ribosome-associated heat shock protein Hsp15	1	GDKOHJ_12250
GDKOHJ_12245	Hsp33 family molecular chaperone HslO	1	GDKOHJ_12245
GDKOHJ_12240	Uncharacterized protein YhgE	1	GDKOHJ_12240
GDKOHJ_12235	phosphoenolpyruvate carboxykinase (ATP)	1	GDKOHJ_12235
GDKOHJ_12230	two-component system sensor histidine kinase EnvZ	1	GDKOHJ_12230
GDKOHJ_12225	two-component system response regulator OmpR	1	GDKOHJ_12225
GDKOHJ_12220	transcription elongation factor GreB	1	GDKOHJ_12220
GDKOHJ_12215	Protein YhgF	1	GDKOHJ_12215
GDKOHJ_21260	Uncharacterized HTH-type transcriptional regulator YdjF	1	GDKOHJ_21260
GDKOHJ_12205	Fe(2+) transporter permease subunit FeoB	1	GDKOHJ_12205
GDKOHJ_12200	[Fe-S]-dependent transcriptional repressor FeoC	1	GDKOHJ_12200
GDKOHJ_12195	recombination-promoting nuclease RpnA	1	GDKOHJ_12195
GDKOHJ_12190	hypothetical protein	1	GDKOHJ_12190
GDKOHJ_12185	pimeloyl-ACP methyl ester esterase BioH	1	GDKOHJ_12185
GDKOHJ_12180	DNA utilization protein GntX	1	GDKOHJ_12180
GDKOHJ_12175	NfuA family Fe-S biogenesis protein	1	GDKOHJ_12175
GDKOHJ_12170	gluconate transporter	1	GDKOHJ_12170
GDKOHJ_12210	Fe(2+) transporter permease subunit FeoB	1	GDKOHJ_12210
GDKOHJ_12345	Uncharacterized protein YhfX	1	GDKOHJ_12345
GDKOHJ_12340	PRD domain-containing protein	1	GDKOHJ_12340
GDKOHJ_12335	GntR family transcriptional regulator YhfZ	1	GDKOHJ_12335
GDKOHJ_12330	tryptophan--tRNA ligase	1	GDKOHJ_12330
GDKOHJ_12325	phosphoglycolate phosphatase	1	GDKOHJ_12325
GDKOHJ_12320	adenine-specific DNA-methyltransferase	1	GDKOHJ_12320
GDKOHJ_12315	adenine-specific DNA-methyltransferase	1	GDKOHJ_12315
GDKOHJ_12310	cell division protein DamX	1	GDKOHJ_12310
GDKOHJ_12255	GMP/IMP nucleotidase	1	GDKOHJ_12255
GDKOHJ_12300	shikimate kinase AroK	1	GDKOHJ_12300
GDKOHJ_12295	DNA uptake porin HofQ	1	GDKOHJ_12295
GDKOHJ_12290	DNA utilization protein HofP	1	GDKOHJ_12290
GDKOHJ_12285	DNA utilization protein HofO	1	GDKOHJ_12285
GDKOHJ_12280	Putative DNA utilization protein HofN	1	GDKOHJ_12280
GDKOHJ_12275	DNA utilization protein HofM	1	GDKOHJ_12275
GDKOHJ_12270	peptidoglycan glycosyltransferase/peptidoglycan DD-transpeptidase MrcA	1	GDKOHJ_12270
GDKOHJ_12265	ADP compounds hydrolase NudE	1	GDKOHJ_12265
GDKOHJ_12260	intracellular growth attenuator protein IgaA	1	GDKOHJ_12260
GDKOHJ_12305	3-dehydroquinate synthase	1	GDKOHJ_12305
GDKOHJ_12065	glycogen phosphorylase	1	GDKOHJ_12065
GDKOHJ_12060	glycogen synthase GlgA	1	GDKOHJ_12060
GDKOHJ_12055	glucose-1-phosphate adenylyltransferase	1	GDKOHJ_12055
GDKOHJ_12050	glycogen debranching protein GlgX	1	GDKOHJ_12050
GDKOHJ_12045	1,4-alpha-glucan branching enzyme	1	GDKOHJ_12045
GDKOHJ_12040	Protein YhgO	1	GDKOHJ_12040
GDKOHJ_12035	aspartate-semialdehyde dehydrogenase	1	GDKOHJ_12035
GDKOHJ_12030	NAAT family transporter YhgN	1	GDKOHJ_12030
GDKOHJ_12165	4-alpha-glucanotransferase	1	GDKOHJ_12165
GDKOHJ_12020	RecQ familyATP-dependent DNA helicase	1	GDKOHJ_12020
GDKOHJ_12015	gluconate transporter	1	GDKOHJ_12015
GDKOHJ_12010	gluconokinase	1	GDKOHJ_12010
GDKOHJ_12005	gluconate operon transcriptional repressor GntR	1	GDKOHJ_12005
GDKOHJ_12000	quercetin 2,3-dioxygenase	1	GDKOHJ_12000
GDKOHJ_11995	oxidoreductase	1	GDKOHJ_11995
GDKOHJ_11985	N-acetyltransferase	1	GDKOHJ_11985
GDKOHJ_11980	Type VI protein secretion system component Hcp (secreted cytotoxin)	1	GDKOHJ_11980
GDKOHJ_12025	putative Rossmann fold nucleotide-binding protein DprA/Smf involved in DNA uptake	1	GDKOHJ_12025
GDKOHJ_12160	maltodextrin phosphorylase	1	GDKOHJ_12160
GDKOHJ_12155	HTH-type transcriptional regulator MalT	1	GDKOHJ_12155
GDKOHJ_12150	RNA 3'-terminal phosphate cyclase	1	GDKOHJ_12150
GDKOHJ_12145	RNA-splicing ligase RtcB	1	GDKOHJ_12145
GDKOHJ_12140	DNA-binding transcriptional regulator RtcR	1	GDKOHJ_12140
GDKOHJ_12135	DeoR/GlpR family transcriptional regulator	1	GDKOHJ_12135
GDKOHJ_12130	rhomboid family intramembrane serine protease GlpG	1	GDKOHJ_12130
GDKOHJ_12125	thiosulfate sulfurtransferase GlpE	1	GDKOHJ_12125
GDKOHJ_12070	Major fimbrial subunit	1	GDKOHJ_12070
GDKOHJ_12115	Ybl142	1	GDKOHJ_12115
GDKOHJ_12110	Cytoplasmic protein	1	GDKOHJ_12110
GDKOHJ_12105	Phage protein	1	GDKOHJ_12105
GDKOHJ_12100	Fimbrial adhesin	1	GDKOHJ_12100
GDKOHJ_12095	Gram-negative pili assembly chaperone domain protein	1	GDKOHJ_12095
GDKOHJ_12090	Fimbrial protein	1	GDKOHJ_12090
GDKOHJ_12085	Fimbrial protein	1	GDKOHJ_12085
GDKOHJ_12080	fimbrial biogenesis usher protein	1	GDKOHJ_12080
GDKOHJ_12075	Fimbria/pilus periplasmic chaperone	1	GDKOHJ_12075
GDKOHJ_12120	glycerol-3-phosphate dehydrogenase	1	GDKOHJ_12120
GDKOHJ_02385	deaminated glutathione amidase	1	GDKOHJ_02385
GDKOHJ_02380	lipoyl synthase	1	GDKOHJ_02380
GDKOHJ_02375	Transcriptional regulator	1	GDKOHJ_02375
GDKOHJ_02370	lipoyl(octanoyl) transferase LipB	1	GDKOHJ_02370
GDKOHJ_02365	DUF493 domain-containing protein	1	GDKOHJ_02365
GDKOHJ_02360	D-alanyl-D-alanine carboxypeptidase DacA	1	GDKOHJ_02360
GDKOHJ_02355	endolytic peptidoglycan transglycosylase RlpA	1	GDKOHJ_02355
GDKOHJ_02350	peptidoglycan glycosyltransferase MrdB	1	GDKOHJ_02350
GDKOHJ_12350	phosphopentomutase	1	GDKOHJ_12350
GDKOHJ_02340	23S rRNA (pseudouridine(1915)-N(3))-methyltransferase RlmH	1	GDKOHJ_02340
GDKOHJ_02335	ribosome silencing factor	1	GDKOHJ_02335
GDKOHJ_02330	adenosylcobalamin/alpha-ribazole phosphatase	1	GDKOHJ_02330
GDKOHJ_02325	nicotinate-nucleotide adenylyltransferase	1	GDKOHJ_02325
GDKOHJ_02320	DNA polymerase III subunit delta	1	GDKOHJ_02320
GDKOHJ_02315	LPS assembly lipoprotein LptE	1	GDKOHJ_02315
GDKOHJ_02310	leucine--tRNA ligase	1	GDKOHJ_02310
GDKOHJ_02305	zinc ribbon-containing protein	1	GDKOHJ_02305
GDKOHJ_02345	peptidoglycan DD-transpeptidase MrdA	1	GDKOHJ_02345
GDKOHJ_02480	Alkyl hydroperoxide reductase subunit F	1	GDKOHJ_02480
GDKOHJ_02475	universal stress protein UspG	1	GDKOHJ_02475
GDKOHJ_02470	small membrane protein YldA	1	GDKOHJ_02470
GDKOHJ_02465	nucleoside diphosphate kinase regulator	1	GDKOHJ_02465
GDKOHJ_02460	ribonuclease I	1	GDKOHJ_02460
GDKOHJ_02455	citrate/succinate antiporter CitT	1	GDKOHJ_02455
GDKOHJ_02450	triphosphoribosyl-dephospho-CoA synthase CitG	1	GDKOHJ_02450
GDKOHJ_02445	Apo-citrate lyase phosphoribosyl-dephospho-CoA transferase	1	GDKOHJ_02445
GDKOHJ_02390	deaminated glutathione amidase	1	GDKOHJ_02390
GDKOHJ_02435	citrate (pro-3S)-lyase subunit beta	1	GDKOHJ_02435
GDKOHJ_02430	citrate lyase acyl carrier protein 1	1	GDKOHJ_02430
GDKOHJ_02425	[citrate (pro-3S)-lyase] ligase	1	GDKOHJ_02425
GDKOHJ_02420	sensor histidine kinase DpiB	1	GDKOHJ_02420
GDKOHJ_02415	two-component response regulator DpiA	1	GDKOHJ_02415
GDKOHJ_02410	anaerobic C4-dicarboxylate transporter DcuC	1	GDKOHJ_02410
GDKOHJ_02405	lipid IV(A) palmitoyltransferase PagP	1	GDKOHJ_02405
GDKOHJ_02400	transcription antiterminator/RNA stability regulator CspE	1	GDKOHJ_02400
GDKOHJ_02395	fluoride efflux transporter CrcB	1	GDKOHJ_02395
GDKOHJ_02440	citrate lyase subunit alpha	1	GDKOHJ_02440
GDKOHJ_02160	Sialidase domain-containing protein	1	GDKOHJ_02160
GDKOHJ_02155	TerC family protein	1	GDKOHJ_02155
GDKOHJ_02150	Dihydrodipicolinate synthase	1	GDKOHJ_02150
GDKOHJ_02145	Iron-containing alcohol dehydrogenase	1	GDKOHJ_02145
GDKOHJ_02140	YgbK domain protein	1	GDKOHJ_02140
GDKOHJ_02135	D-threonate 4-phosphate dehydrogenase	1	GDKOHJ_02135
GDKOHJ_02130	DeoR family transcriptional regulator	1	GDKOHJ_02130
GDKOHJ_02125	glutamine--tRNA ligase	1	GDKOHJ_02125
GDKOHJ_02300	pyrimidine-specific ribonucleoside hydrolase RihA	1	GDKOHJ_02300
GDKOHJ_12390	nitrite reductase small subunit NirD	1	GDKOHJ_12390
GDKOHJ_12385	nitrite transporter NirC	1	GDKOHJ_12385
GDKOHJ_12380	siroheme synthase CysG	1	GDKOHJ_12380
GDKOHJ_12375	Uncharacterized protein YhfL	1	GDKOHJ_12375
GDKOHJ_12370	Uncharacterized protein YhfS	1	GDKOHJ_12370
GDKOHJ_12365	Uncharacterized protein YhfT	1	GDKOHJ_12365
GDKOHJ_12360	Uncharacterized protein YhfU	1	GDKOHJ_12360
GDKOHJ_12355	phosphotriesterase-related protein	1	GDKOHJ_12355
GDKOHJ_12395	NADPH-nitrite reductase large subunit	1	GDKOHJ_12395
GDKOHJ_02295	glutamate/aspartate ABC transporter ATP-binding protein GltL	1	GDKOHJ_02295
GDKOHJ_02290	glutamate/aspartate ABC transporter permease GltK	1	GDKOHJ_02290
GDKOHJ_02285	glutamate/aspartate ABC transporter permease GltJ	1	GDKOHJ_02285
GDKOHJ_02275	glutamate/aspartate ABC transporter substrate-binding protein GltI	1	GDKOHJ_02275
GDKOHJ_02270	Peptidase, S54 (Rhomboid) family	1	GDKOHJ_02270
GDKOHJ_02265	apolipoprotein N-acyltransferase	1	GDKOHJ_02265
GDKOHJ_02260	CNNM family magnesium/cobalt transport protein CorC	1	GDKOHJ_02260
GDKOHJ_02255	rRNA maturation RNase YbeY	1	GDKOHJ_02255
GDKOHJ_02165	Hypthetical protein	1	GDKOHJ_02165
GDKOHJ_02245	tRNA (N6-isopentenyl adenosine(37)-C2)-methylthiotransferase MiaB	1	GDKOHJ_02245
GDKOHJ_02240	3-demethoxyubiquinol 3-hydroxylase	1	GDKOHJ_02240
GDKOHJ_02200	asparagine synthase B	1	GDKOHJ_02200
GDKOHJ_02195	ribonucleotide monophosphatase NagD	1	GDKOHJ_02195
GDKOHJ_02190	DNA-binding transcriptional regulator NagC	1	GDKOHJ_02190
GDKOHJ_02185	N-acetylglucosamine-6-phosphate deacetylase	1	GDKOHJ_02185
GDKOHJ_02180	glucosamine-6-phosphate deaminase	1	GDKOHJ_02180
GDKOHJ_02175	PTS N-acetyl glucosamine transporter subunit IIABC	1	GDKOHJ_02175
GDKOHJ_02170	Anion permease	1	GDKOHJ_02170
GDKOHJ_02250	PhoH-like protein	1	GDKOHJ_02250
GDKOHJ_08755	Uncharacterized HTH-type transcriptional regulator YijO	1	GDKOHJ_08755
GDKOHJ_08750	phosphoethanolamine transferase CptA	1	GDKOHJ_08750
GDKOHJ_08745	phosphoenolpyruvate carboxylase	1	GDKOHJ_08745
GDKOHJ_08740	acetylornithine deacetylase	1	GDKOHJ_08740
GDKOHJ_08735	N-acetyl-gamma-glutamyl-phosphate reductase	1	GDKOHJ_08735
GDKOHJ_08730	acetylglutamate kinase	1	GDKOHJ_08730
GDKOHJ_08725	argininosuccinate lyase	1	GDKOHJ_08725
GDKOHJ_08715	MFS transporter	1	GDKOHJ_08715
GDKOHJ_11975	protein YrhA	1	GDKOHJ_11975
GDKOHJ_08700	Si-specific NAD(P)(+) transhydrogenase	1	GDKOHJ_08700
GDKOHJ_08695	Hippurate hydrolase	1	GDKOHJ_08695
GDKOHJ_08690	Hippurate hydrolase	1	GDKOHJ_08690
GDKOHJ_08685	putative arabinose efflux permease AraJ, MFS family	1	GDKOHJ_08685
GDKOHJ_08680	HTH-type transcriptional repressor FabR	1	GDKOHJ_08680
GDKOHJ_08675	YijD family membrane protein	1	GDKOHJ_08675
GDKOHJ_08670	tRNA (uridine(54)-C5)-methyltransferase TrmA	1	GDKOHJ_08670
GDKOHJ_08665	TonB-dependent vitamin B12 receptor BtuB	1	GDKOHJ_08665
GDKOHJ_08705	DNA-binding transcriptional regulator OxyR	1	GDKOHJ_08705
GDKOHJ_08850	cystathionine gamma-synthase	1	GDKOHJ_08850
GDKOHJ_08845	bifunctional aspartate kinase/homoserine dehydrogenase II	1	GDKOHJ_08845
GDKOHJ_08840	Nucleoside-specific channel-forming protein Tsx	1	GDKOHJ_08840
GDKOHJ_08835	Bifunctional metallophosphatase/5'-nucleotidase	1	GDKOHJ_08835
GDKOHJ_08830	Bifunctional metallophosphatase/5'-nucleotidase	1	GDKOHJ_08830
GDKOHJ_08825	Cytoplasmic protein	1	GDKOHJ_08825
GDKOHJ_08820	2',3'-cyclic-nucleotide 2'-phosphodiesterase/5'- or 3'-nucleotidase, 5'-nucleotidase family	1	GDKOHJ_08820
GDKOHJ_08815	methylenetetrahydrofolate reductase	1	GDKOHJ_08815
GDKOHJ_08760	PTS fructose-like transporter subunit IIB	1	GDKOHJ_08760
GDKOHJ_08805	cystine transporter YijE	1	GDKOHJ_08805
GDKOHJ_08800	Uncharacterized protein YijF	1	GDKOHJ_08800
GDKOHJ_08795	bifunctional L-1,2-propanediol dehydrogenase/glycerol dehydrogenase	1	GDKOHJ_08795
GDKOHJ_08790	fructose-6-phosphate aldolase	1	GDKOHJ_08790
GDKOHJ_08785	Multiphosphoryl transfer protein 2	1	GDKOHJ_08785
GDKOHJ_08780	PTS fructose transporter subunit EIIC	1	GDKOHJ_08780
GDKOHJ_08775	PTS fructose-like transporter subunit IIB	1	GDKOHJ_08775
GDKOHJ_08770	formate C-acetyltransferase	1	GDKOHJ_08770
GDKOHJ_08765	[formate-C-acetyltransferase]-activating enzyme	1	GDKOHJ_08765
GDKOHJ_08810	catalase/peroxidase HPI	1	GDKOHJ_08810
GDKOHJ_21345	Protein YnjB	1	GDKOHJ_21345
GDKOHJ_21340	ABC-type uncharacterized transport system YnjBCD, permease component	1	GDKOHJ_21340
GDKOHJ_21335	Uncharacterized ABC transporter ATP-binding protein YnjD	1	GDKOHJ_21335
GDKOHJ_21330	thiosulfate sulfurtransferase YnjE	1	GDKOHJ_21330
GDKOHJ_21325	Inner membrane protein YnjF	1	GDKOHJ_21325
GDKOHJ_21320	CTP pyrophosphohydrolase	1	GDKOHJ_21320
GDKOHJ_21315	Uncharacterized protein YnjH	1	GDKOHJ_21315
GDKOHJ_21310	NADP-specific glutamate dehydrogenase	1	GDKOHJ_21310
GDKOHJ_08660	glutamate racemase	1	GDKOHJ_08660
GDKOHJ_21300	Molecular chaperone HscC	1	GDKOHJ_21300
GDKOHJ_21295	DNA topoisomerase III	1	GDKOHJ_21295
GDKOHJ_21290	selenide, water dikinase SelD	1	GDKOHJ_21290
GDKOHJ_21285	NAD(P)H nitroreductase	1	GDKOHJ_21285
GDKOHJ_21280	signal peptide peptidase SppA	1	GDKOHJ_21280
GDKOHJ_21275	asparaginase	1	GDKOHJ_21275
GDKOHJ_21270	bifunctional nicotinamidase/pyrazinamidase	1	GDKOHJ_21270
GDKOHJ_21265	Inner membrane metabolite transport protein YdjE	1	GDKOHJ_21265
GDKOHJ_21305	Putative chaperone protein	1	GDKOHJ_21305
GDKOHJ_08630	UDP-N-acetylmuramate dehydrogenase	1	GDKOHJ_08630
GDKOHJ_08625	bifunctional biotin--[acetyl-CoA-carboxylase] ligase/biotin operon repressor BirA	1	GDKOHJ_08625
GDKOHJ_08620	type I pantothenate kinase	1	GDKOHJ_08620
GDKOHJ_21430	PTS N,N'-diacetylchitobiose transporter subunit IIB	1	GDKOHJ_21430
GDKOHJ_21425	osmotically-inducible lipoprotein OsmE	1	GDKOHJ_21425
GDKOHJ_21420	ammonia-dependent NAD(+) synthetase	1	GDKOHJ_21420
GDKOHJ_21410	excinuclease Cho	1	GDKOHJ_21410
GDKOHJ_21405	environmental stress-induced protein Ves	1	GDKOHJ_21405
GDKOHJ_21350	Uncharacterized protein YnjA	1	GDKOHJ_21350
GDKOHJ_21395	succinylglutamate desuccinylase	1	GDKOHJ_21395
GDKOHJ_21390	N-succinylarginine dihydrolase	1	GDKOHJ_21390
GDKOHJ_21385	succinylglutamate-semialdehyde dehydrogenase	1	GDKOHJ_21385
GDKOHJ_21380	arginine N-succinyltransferase	1	GDKOHJ_21380
GDKOHJ_21375	succinylornithine/acetylornithine transaminase	1	GDKOHJ_21375
GDKOHJ_21370	exodeoxyribonuclease III	1	GDKOHJ_21370
GDKOHJ_21365	TVP38/TMEM64 family membrane protein YdjX	1	GDKOHJ_21365
GDKOHJ_21360	Uncharacterized protein YdjY	1	GDKOHJ_21360
GDKOHJ_21355	TVP38/TMEM64 family inner membrane protein YdjZ	1	GDKOHJ_21355
GDKOHJ_21400	ATP-independent periplasmic protein-refolding chaperone Spy	1	GDKOHJ_21400
GDKOHJ_09125	3'-5' exoribonuclease	1	GDKOHJ_09125
GDKOHJ_09120	HIRAN domain-containing protein	1	GDKOHJ_09120
GDKOHJ_09115	phage portal protein	1	GDKOHJ_09115
GDKOHJ_09110	Terminase, ATPase subunit	1	GDKOHJ_09110
GDKOHJ_09105	Capsid assembly scaffolding protein	1	GDKOHJ_09105
GDKOHJ_09100	phage major capsid protein, P2 family	1	GDKOHJ_09100
GDKOHJ_09095	Terminase, endonuclease subunit	1	GDKOHJ_09095
GDKOHJ_09090	Head completion/stabilization protein	1	GDKOHJ_09090
GDKOHJ_08855	met regulon transcriptional regulator MetJ	1	GDKOHJ_08855
GDKOHJ_09080	Holin	1	GDKOHJ_09080
GDKOHJ_09075	Endolysin	1	GDKOHJ_09075
GDKOHJ_09070	Putative antiholin	1	GDKOHJ_09070
GDKOHJ_09065	Rz-like lysis system protein LysB	1	GDKOHJ_09065
GDKOHJ_09060	Rz1-like lysis system protein LysC	1	GDKOHJ_09060
GDKOHJ_09055	Tail completion protein R	1	GDKOHJ_09055
GDKOHJ_09050	phage virion morphogenesis protein	1	GDKOHJ_09050
GDKOHJ_09045	Phage baseplate assembly protein	1	GDKOHJ_09045
GDKOHJ_09085	Baseplate protein X	1	GDKOHJ_09085
GDKOHJ_11970	Immunity protein 35 domain-containing protein	1	GDKOHJ_11970
GDKOHJ_11965	gamma-glutamyltransferase	1	GDKOHJ_11965
GDKOHJ_11960	DUF2756 domain-containing protein	1	GDKOHJ_11960
GDKOHJ_11955	glycerophosphodiester phosphodiesterase	1	GDKOHJ_11955
GDKOHJ_11950	sn-glycerol 3-phosphate ABC transporter ATP binding protein UgpC	1	GDKOHJ_11950
GDKOHJ_11945	sn-glycerol-3-phosphate ABC transporter permease UgpE	1	GDKOHJ_11945
GDKOHJ_11940	sn-glycerol-3-phosphate ABC transporter permease UgpA	1	GDKOHJ_11940
GDKOHJ_11935	sn-glycerol-3-phosphate ABC transporter substrate-binding protein UgpB	1	GDKOHJ_11935
GDKOHJ_09130	Replication gene A protein	1	GDKOHJ_09130
GDKOHJ_11925	high-affinity branched-chain amino acid ABC transporter ATP-binding protein LivG	1	GDKOHJ_11925
GDKOHJ_11920	branched chain amino acid ABC transporter permease LivM	1	GDKOHJ_11920
GDKOHJ_11915	high-affinity branched-chain amino acid ABC transporter permease LivH	1	GDKOHJ_11915
GDKOHJ_11910	high-affinity branched-chain amino acid ABC transporter substrate-binding protein LivK	1	GDKOHJ_11910
GDKOHJ_11905	aspartate 1-decarboxylase autocleavage activator PanM	1	GDKOHJ_11905
GDKOHJ_11900	branched chain amino acid ABC transporter substrate-binding protein LivJ	1	GDKOHJ_11900
GDKOHJ_11895	RNA polymerase sigma factor RpoH	1	GDKOHJ_11895
GDKOHJ_09140	Uncharacterized protein in gpA 5'region	1	GDKOHJ_09140
GDKOHJ_09135	DUF5405 domain-containing protein	1	GDKOHJ_09135
GDKOHJ_11930	high-affinity branched-chain amino acid ABC transporter ATP-binding protein LivF	1	GDKOHJ_11930
GDKOHJ_08940	Uncharacterized protein YiiR	1	GDKOHJ_08940
GDKOHJ_08935	DUF406 domain-containing protein	1	GDKOHJ_08935
GDKOHJ_08930	universal stress protein UspD	1	GDKOHJ_08930
GDKOHJ_08925	ferredoxin--NADP(+) reductase	1	GDKOHJ_08925
GDKOHJ_08920	class II fructose-bisphosphatase	1	GDKOHJ_08920
GDKOHJ_08915	glycerol kinase GlpK	1	GDKOHJ_08915
GDKOHJ_08910	glycerol uptake facilitator protein GlpF	1	GDKOHJ_08910
GDKOHJ_08905	septal ring assembly protein ZapB	1	GDKOHJ_08905
GDKOHJ_09040	Baseplate protein W	1	GDKOHJ_09040
GDKOHJ_08895	1,4-dihydroxy-2-naphthoate polyprenyltransferase	1	GDKOHJ_08895
GDKOHJ_08890	HslU--HslV peptidase ATPase subunit	1	GDKOHJ_08890
GDKOHJ_08885	ATP-dependent protease subunit HslV	1	GDKOHJ_08885
GDKOHJ_08880	cell division protein FtsN	1	GDKOHJ_08880
GDKOHJ_08875	DNA-binding transcriptional regulator CytR	1	GDKOHJ_08875
GDKOHJ_08870	primosomal protein N'	1	GDKOHJ_08870
GDKOHJ_08865	50S ribosomal protein L31	1	GDKOHJ_08865
GDKOHJ_08860	YiiX family permuted papain-like enzyme	1	GDKOHJ_08860
GDKOHJ_08900	ribonuclease E activity regulator RraA	1	GDKOHJ_08900
GDKOHJ_09035	Baseplate protein J	1	GDKOHJ_09035
GDKOHJ_09030	phage tail protein I	1	GDKOHJ_09030
GDKOHJ_09025	Phage tail fiber protein H (GpH)	1	GDKOHJ_09025
GDKOHJ_09020	Tail fiber assembly protein GpG	1	GDKOHJ_09020
GDKOHJ_09015	Restriction endonuclease	1	GDKOHJ_09015
GDKOHJ_09010	DUF3800 domain-containing protein	1	GDKOHJ_09010
GDKOHJ_09005	Tail sheath protein	1	GDKOHJ_09005
GDKOHJ_09000	Tail tube protein	1	GDKOHJ_09000
GDKOHJ_08945	Uncharacterized protein YiiQ	1	GDKOHJ_08945
GDKOHJ_08990	putative tape measure protein	1	GDKOHJ_08990
GDKOHJ_08985	GpU phage protein	1	GDKOHJ_08985
GDKOHJ_08980	putative baseplate hub protein	1	GDKOHJ_08980
GDKOHJ_08975	prophage transcriptional regulator OgrK	1	GDKOHJ_08975
GDKOHJ_08970	CDF family cation-efflux transporter FieF	1	GDKOHJ_08970
GDKOHJ_08965	6-phosphofructokinase	1	GDKOHJ_08965
GDKOHJ_08960	sulfate/thiosulfate ABC transporter substrate-binding protein Sbp	1	GDKOHJ_08960
GDKOHJ_08955	CDP-diacylglycerol diphosphatase	1	GDKOHJ_08955
GDKOHJ_08950	triose-phosphate isomerase	1	GDKOHJ_08950
GDKOHJ_08995	Tail assembly protein E	1	GDKOHJ_08995
